L1,COUNTRY,BECNURBPTCH,BECPTCHDENS,BECEFFMESHSIZE,BECAWAVGPTCHAREA,BECAWMNSHPINDX,BECAWMNNNGH,BECADCRCTYAVG,BECADINTDENS,BECADSTTDENS,BECADSTTLGAVG,BECADSTTPNODEAVG,LAT,LONG,SECPOV,AREA,POP,CNSMINPRM,CNSMINPRF,CNSUNEMPLM,CNSUNEMPLF,BRT,SUBWAY,URBAN_PROF,TRANS_PROF
Bahia Blanca,Argentina,487,0.2131,77.6331,2644.8505,5.1337,76.6488,1.032771033,3.67073743,938.4364744999999,142.7773087,3.411744545,-38.72527197,-62.27405962,0.0,6709.0581,304207.0,83.48871677,81.66793972,4.983075896,8.192796325,0,0,1,1
Mar del Plata,Argentina,765,0.5311,601.5286,8368.3755,6.7311,68.6631,1.02175559,10.80174931,2583.854577,130.0727985,3.505520118,-37.979858,-57.589794,0.0,10352.898000000001,624389.0,80.21473199,79.77473540000001,4.67409229,8.798722857000001,0,0,3,3
San Nicolas de los Arroyos,Argentina,166,0.2456,57.7036,1353.3899,4.0292,79.5763,1.028876481,4.375523191,1140.411408,142.470201,3.2111010010000003,-33.345709,-60.218393999999996,0.0,2881.4446,146973.0,85.21585954,81.40375591,5.385563200000001,9.153358592,0,0,1,1
Tandil,Argentina,491,0.1011,8.7144,1556.2258,3.9911,126.0122,1.066891586,0.7079341290000001,402.6114162,327.9991184,3.23861518,-37.31666545,-59.15000144,0.0,2719.3544,124628.0,84.45824473,83.07368343,4.480337079,7.9202238320000005,0,0,2,2
Catamarca,Argentina,250,0.2131,87.3944,2196.9427,4.7825,72.2277,1.0485746440000001,5.392896426,1115.701114,116.07814099999999,3.191040091,-28.46600099,-65.78099958,0.0,4666.5,203972.0,81.75646635,82.19259024,5.05712463,10.20644748,0,0,1,1
Cordoba,Argentina,1809,0.6109,1675.7533,16720.7425,8.6569,67.9044,1.050706298,11.86103956,2662.29909,128.227721,3.1955628380000003,-31.31600392,-64.17999863,0.0,29679.1776,1598919.0,85.09984989,83.98241004,4.915344643,9.209946348999999,1,0,4,3
Rio Cuarto,Argentina,1872,0.1008,5.7036,1361.2845,3.7062,227.3486,1.052379346,0.5428909820000001,372.5115392,397.8506567,3.2775235780000003,-33.122964,-64.348885,0.0,7784.7119999999995,251770.0,78.21120748,78.37774540000001,3.3773904480000003,8.020573817,0,0,2,2
Resistencia,Argentina,445,0.0959,59.317,4432.9149,6.817,74.7533,1.069711472,2.296927222,661.0437714,160.9849045,3.1061370669999997,-27.45700194,-58.98699862,0.0,6209.263000000001,412467.0,77.08925631,77.04015237,5.340412545,7.818743874,0,0,1,2
Comodoro Rivadavia,Argentina,568,0.0398,2.8667,972.1899,3.1574,126.1183,1.14853407,0.681905567,297.47501139999997,246.9201039,3.075925926,-45.82999795,-67.49999964,0.0,4210.584,187919.0,81.48374808,80.36304201,4.1388447269999995,7.487746093999999,0,0,2,2
Corrientes,Argentina,310,0.5517,314.6681,3684.5797,4.0633,69.7805,1.031139198,12.01607263,2258.386285,104.84222199999999,3.2826532,-27.486998999999997,-58.81799661,0.0,4798.521,367003.0,77.51408191,77.69869997,5.242696373999999,8.854507672,0,0,3,3
Buenos Aires,Argentina,7549,0.7563,26892.498,132006.4795,13.2696,62.7371,1.0197264990000001,21.16285525,4572.087321,119.45919930000001,3.366260753,-34.62249601,-58.449833700000006,0.0,203345.1483,14791105.0,82.75748088,80.8710525,4.66893929,8.4301513,1,1,4,3
Concordia,Argentina,559,0.1692,15.618,1507.0211,3.2215,120.7413,1.040125458,1.399759538,521.7659656000001,202.5016602,3.2751798560000003,-31.39999947,-58.03333272,0.0,3424.1545,172660.0,71.79866218,74.07500427,3.234237177,6.517476844,0,0,2,2
Parana,Argentina,1037,0.2024,31.8179,2159.3612,4.6096,125.1056,1.056002342,1.852894583,720.6026618,221.00419300000001,3.199150907,-31.733333000000002,-60.533333,0.0,7550.0859,345428.0,79.97764561,78.79365882,3.7009492980000003,7.284446909,0,0,2,2
Formosa,Argentina,358,0.055999999999999994,8.5886,1749.9509,4.4193,83.5585,1.036903539,0.7247343740000001,230.45107689999998,170.2139309,3.3026941360000004,-26.18299803,-58.17699864,0.0,3139.302,263235.0,77.21505169,77.10339521,4.151543059,6.731612506,0,0,2,2
Jujuy,Argentina,276,0.1093,19.559,1180.0878,4.5615,72.921,1.096950085,3.5344233289999996,771.5017918,127.8575923,3.104996965,-24.18333227,-65.30000304,0.0,4185.54,322516.0,80.37514542,77.74962476,4.23241575,7.745642427000001,0,0,2,1
Santa Rosa,Argentina,208,0.0273,10.2782,2345.8723,5.4965,120.4968,1.013923101,0.633690985,274.3773654,240.20843390000002,3.4099516519999997,-36.61666476,-64.2833327,0.0,3341.3328,120521.0,80.16777788,80.42075112,4.453652548,7.763809524,0,0,2,2
La Rioja,Argentina,260,0.0198,8.2121,2547.9585,4.9404,93.0326,1.060361976,0.436725155,131.0780464,168.75024580000002,3.1988435589999997,-29.41299893,-66.85499664,0.0,4224.3240000000005,185581.0,80.69416632,82.08683067,5.281645967,9.029574122,0,0,1,2
Mendoza,Argentina,2658,0.1829,181.7494,11091.1582,7.4444,83.1285,1.05533457,1.515823488,431.87376280000007,158.54103419999998,2.994885917,-32.89699806,-68.83000158,0.0,23812.4904,1109102.0,80.82376643,79.17691371,5.2083999069999996,9.717838311,0,0,3,2
San Rafael,Argentina,1123,0.035,1.4752,1082.1987,4.3079,162.6552,1.05546012,0.152873783,114.79499569999999,347.463116,3.145952722,-34.59999838,-68.33333578,0.0,4372.7374,191942.0,74.42192437,74.12612279,5.462048217,11.24849216,0,0,2,2
Posadas,Argentina,299,0.3147,228.0604,3648.62,4.4801,66.7548,1.034990975,10.40273095,2109.225998,117.1951812,3.211316182,-27.39799808,-55.90600168,0.0,5938.4689,328137.0,76.64182484,75.55896123,4.89735161,8.238431373,0,0,1,3
Neuquen-Plottier-Cipolletti,Argentina,2234,0.102,15.6205,2079.2218,4.4191,128.9648,1.0498675709999998,1.251171544,403.0079198,181.4638507,3.174095963,-38.944908,-68.2833326,0.0,16460.5588,702444.0,78.61338685,78.36558471,5.45693726,8.32207956,0,0,3,2
San Carlos de Bariloche,Argentina,410,0.0741,4.1436,740.2788,4.4184,75.001,1.106901948,0.866398982,292.58133660000004,192.12382549999998,2.988778055,-41.15000145,-71.30000304,0.0,3098.165,135338.0,75.84181117,74.74686995,5.47673249,9.783790698999999,0,0,2,2
Salta,Argentina,553,0.165,117.4228,4446.8497,5.92,78.7708,1.06072704,3.831420884,840.8979175000001,121.5329335,3.177787313,-24.783333,-65.416667,0.0,8851.9263,591105.0,79.91500901,78.95497378,5.325923433,10.20256194,0,0,1,1
Santiago del Estero,Argentina,455,0.0778,58.0004,4739.5912,5.5302,83.0039,1.0355889040000001,1.599862977,494.19520030000007,171.8051004,3.289832182,-27.79000206,-64.26899971,0.0,7154.8295,411657.0,76.70125647,77.16248065,4.4271558760000005,8.723754361000001,0,0,1,2
Rosario,Argentina,1634,0.4217,668.8705,10459.7196,7.2509,74.4462,1.028850141,7.672037419,2171.4554350000003,159.65984939999998,3.3119234389999996,-32.93773203,-60.66393257,0.0,24780.5904,1378242.0,80.91408095,79.2090411,4.749551868,9.019896002000001,1,0,3,1
Santa Fe,Argentina,991,0.3331,90.9284,2600.7689,4.0471,76.476,1.032085029,4.302490585,1138.106975,148.4361303,3.2857349119999997,-31.616999999999997,-60.69799771,0.0,10400.1486,535424.0,80.81859569,79.71878906,5.8690842839999995,10.79968623,0,0,1,1
San Juan,Argentina,1116,0.8775,537.146,6246.6921,5.4303,76.9456,1.026261368,8.025722558,2064.291995,142.5261949,2.950509701,-31.534002,-68.52699868,0.0,10936.1304,515184.0,81.87739385,81.96934559999998,5.625143032,10.75296189,0,0,3,1
San Luis,Argentina,492,0.0377,4.1419,1268.2123,4.0074,113.7211,1.0585766429999999,0.49026722,187.6104355,214.5583335,3.1554218589999996,-33.31600203,-66.34799971,0.0,4262.2944,209425.0,81.40323308,82.27020036,5.697943021,11.18229745,0,0,2,2
Villa Mercedes,Argentina,428,0.0311,2.7521,1201.5330000000001,3.7158,184.1967,1.079125775,0.312261242,193.5914376,349.163114,3.336302411,-33.66666782,-65.46666711,0.0,3157.0992,129347.0,79.03098897,78.20028063,4.180514256,9.571322986,0,0,2,2
San Miguel de Tucuman-Tafi Viejo,Argentina,1070,0.3431,343.7809,6709.2011,4.7919,72.923,1.055563227,5.194513014,1309.421865,141.7444165,3.1295851530000003,-26.82900979,-65.21054418,0.0,15978.952,1022677.0,79.62377377,79.79376654,5.959584744,10.39896998,0,0,3,1
Rawson-Trelew,Argentina,295,0.0721,7.7218,1129.2471,3.3843,93.4898,1.051202224,1.447981103,433.6734672,169.8148929,3.248937844,-43.24999986,-65.30000304,0.0,2798.2815,132849.0,77.4883122,78.08095005,5.1413016019999995,9.15422196,0,0,2,2
Rio Gallegos,Argentina,338,0.0101,0.8081,1181.4987,2.4029,154.0664,1.0890621679999999,0.161448016,118.03908190000001,392.3333945,3.2526063919999997,-51.62143498,-69.22905093,0.0,2297.1494,114030.0,79.89908801,80.99564033,4.040156709,5.945086481000001,0,0,2,2
Rio Branco,Brasil,567,0.0642,17.987000000000002,2820.9598,6.9273,70.2329,1.073065815,0.856446044,232.469971,157.2686844,2.828190517,-9.979001961,-67.8120027,38.5,5633.5419,336445.0,60.48991003,65.34537941,8.116960667999999,14.28532029,0,0,1,2
Arapiraca,Brasil,306,0.8589,93.266,1206.2572,4.3067,87.4488,1.040865373,16.52424677,3519.23646,127.3261039,2.984157824,-9.749999858999999,-36.65000142,53.95,2754.6426,221642.0,44.96445812,49.3255864,9.844688083,18.75095672,0,0,1,3
Maceio,Brasil,549,0.4637,363.1514,4712.1847,7.2551,83.1626,1.069978284,14.12384614,2627.799604,109.204967,2.7634890789999997,-9.676890027999999,-35.74772063,42.8,9124.1055,1099695.0,64.18858045,63.894556900000005,10.31788311,16.44071684,0,0,3,3
Macapa,Brasil,402,0.0503,22.2946,2797.8453,5.4139,73.9335,1.0514892679999999,0.7220849109999999,208.73730419999998,159.0697829,3.045467667,0.036000079,-51.04799967,42.44,6364.9062,511896.0,67.85787329,71.51913295,10.80014975,16.80861339,0,0,1,2
Manaus,Brasil,1172,0.1028,408.2956,19842.0013,6.9808,64.34899999999999,1.0720190920000001,2.158135497,427.5606271000001,115.03075559999999,2.8407702830000003,-3.12200104,-60.01499668,37.78,23460.51,1864174.0,73.93517486,75.05173953,8.95529033,15.43437044,0,0,3,2
Alagoinhas,Brasil,175,0.2326,38.1085,1533.6659,6.2551,81.4949,1.067596732,3.3593143139999997,818.4316727999999,149.76330959999999,2.869505963,-12.117431800000002,-38.43528748,45.46,1869.4725,149558.0,64.27079004,66.033573,12.0649026,21.055826899999996,0,0,1,1
Barreiras,Brasil,260,0.0331,2.0768,732.9747,3.2169,280.063,1.0852983840000001,1.16041495,994.0831286,510.0886266,3.0473273389999997,-12.13333314,-44.99999991,41.63,2226.5879999999997,144794.0,60.20120903,64.770561,8.395740198,14.95943297,0,0,2,2
Feira de Santana,Brasil,708,0.43200000000000005,201.4081,4578.8009999999995,4.4531,93.0335,1.0470979809999998,7.517040361,1534.862092,121.22787790000001,2.831238172,-12.24999985,-38.95000067,41.86,7208.6436,621549.0,61.95491082,65.50898774,9.535622562999999,20.27279837,1,0,3,1
Ilheus,Brasil,430,0.2443,3.8649,348.4354,3.9096,86.7972,1.118139348,1.097470942,337.01454839999997,174.61576090000003,2.7423878210000003,-14.793497,-39.045358,45.39,1952.286,194112.0,57.76803565,60.69338202,11.92526989,20.49479583,0,0,2,2
Itabuna,Brasil,110,0.2545,55.7243,1339.5556,4.7658,67.8251,1.055755309,6.9990165939999995,1203.926503,99.26751107,3.006845408,-14.80000013,-39.26666634,41.7,1798.2910000000002,215639.0,62.42714292,64.94043981,10.45791237,19.83998487,0,0,1,1
Jequie,Brasil,154,0.0477,8.2023,1264.2954,5.0879,102.8406,1.060975803,1.261941053,272.1876293,128.2555172,3.040343915,-13.86086001,-40.07677460000001,51.72,2093.938,160038.0,54.09918867,56.18665668,8.560864547000001,17.95901868,0,0,2,2
Porto Seguro,Brasil,339,0.1408,1.2599,187.679,3.6828,95.9284,1.1054932579999999,1.315095481,393.111586,174.8839196,2.8676160339999996,-16.43333232,-39.08333205,47.2,1616.6571,133733.0,54.97839342,58.93562729,8.533823539,16.20442334,0,0,2,2
Salvador,Brasil,1763,1.0151,786.1392,6011.8456,9.5936,65.6682,1.087546068,17.40945448,3353.9498940000003,112.52064809999999,2.6395718390000003,-12.99300301,-38.48100264,34.73,22710.966,3371671.0,74.68865813,74.62227445,9.998141586000001,17.93157741,1,0,3,3
Teixeira de Freitas,Brasil,138,0.1186,31.6808,1714.549,5.1395,80.0008,1.038678708,3.610326465,621.5585378999999,98.93655326,3.241956809,-17.51279411,-39.70826834,40.4,2150.5506,145757.0,54.60889967,57.42428520000001,8.767727055,16.60837247,0,0,1,1
Vitoria da Conquista,Brasil,531,0.1582,34.7664,2516.4511,5.1058,105.3565,1.064909018,2.9356061089999996,883.2995346000001,180.918326,3.066958058,-14.84680876,-40.84855655,42.47,4637.5947,323316.0,53.123844999999996,54.66282622,8.644565102,15.09420264,0,0,1,4
Fortaleza,Brasil,3333,0.8341,2279.6747,21125.7486,8.7745,73.6171,1.042391166,13.90380766,2792.968721,116.38721709999999,3.008514501,-3.782997054,-38.58900257,40.79,43121.3541,3459235.0,65.20538067,66.57594883,7.445572082000001,10.72412266,1,1,4,3
Juazeiro do Norte,Brasil,555,0.2782,45.6112,1712.6787,5.5711,86.9034,1.042227799,4.93622002,1075.658537,123.11005690000002,3.071953782,-7.199999683,-39.33333203,53.19,5313.236999999999,432617.0,53.66030127,58.00772772,9.371907197,16.16972062,0,0,1,1
Sobral,Brasil,215,0.1013,5.2266,643.2036,3.5904,156.6426,1.052398956,1.92740011,443.97186469999997,134.4101852,3.084368869,-3.699999885,-40.34999839,53.06,1725.031,190848.0,54.64396917,56.14051559999999,10.34473463,12.82702878,0,0,2,2
Brasilia,Brasil,4278,0.4045,207.9672,4181.7305,6.0920000000000005,76.5099,1.064441562,7.5592308070000005,1621.602697,129.2061033,2.837079966,-15.79211094,-47.89774766,21.72,52597.5822,3235485.0,73.90453552,75.13380251,6.703292435,11.73214527,1,1,4,1
Cachoeiro de Itapemirim,Brasil,342,0.3895,6.3932,279.76099999999997,3.7972,106.2941,1.130459805,3.587085613,1075.402594,179.9344598,2.741348372,-20.85000031,-41.09999843,25.11,2006.7192,199737.0,60.85233145,61.28901852,7.225277996,12.53358309,0,0,1,4
Guarapari,Brasil,362,0.609,13.4887,346.3544,3.7671,82.3095,1.117941797,6.503741363,1989.55937,176.1891865,2.819716549,-20.66666592,-40.49999989,29.5,2314.8089999999997,110746.0,62.20807116,63.19891652,8.121834267,12.70976878,0,0,1,4
Linhares,Brasil,267,0.0762,4.8797,698.2393,2.7302,121.5421,1.090185483,1.06712574,462.8420598999999,242.68869619999998,3.02379349,-19.41666592,-40.06666551,30.14,2449.3512,148634.0,59.57552199,59.53977124,6.071674369,12.92995776,0,0,2,2
Vitoria,Brasil,1015,0.7038,672.1077,4391.156,7.6841,65.0453,1.071350779,21.86044271,3970.7985840000006,106.32409320000001,2.944382918,-20.319444,-40.337778,22.35,22075.235,1646576.0,72.33221402,70.80922891,6.57057747,11.21078497,0,0,3,3
Anapolis,Brasil,403,0.2642,193.1277,4104.0279,6.9747,74.3991,1.04259536,7.10782798,1503.0597,126.6881864,3.116976962,-16.33333394,-48.96666708,23.62,7178.1151,346413.0,65.45433849,66.47645266,4.749956078,11.2460108,0,0,3,1
Goiania,Brasil,1997,0.5712,2020.1479,17582.2905,9.6799,68.09899999999999,1.0411380590000001,18.77453939,3593.372986,115.1568338,3.2018588439999998,-16.678611,-49.253889,18.84,40168.0574,2064085.0,70.22056906,72.14888871,4.610837548,8.059823386,1,0,4,3
Rio Verde,Brasil,365,0.0436,7.2584,1792.3725,4.6431,175.1468,1.094562175,0.695138842,269.65489460000003,220.0502747,3.317531737,-17.7166671,-50.93333432,22.12,3393.259,180875.0,58.02963673,61.79610642,4.935689346,9.490106052,0,0,2,2
Caxias,Brasil,277,0.0538,5.106,1214.8182,5.0495,104.1936,1.061907133,0.52267265,160.0176909,192.785193,3.056254136,-4.833333377,-43.34999844,63.15,2164.8658,155815.0,41.19435722,45.13746356,13.02102474,18.41694414,0,0,2,2
Imperatriz,Brasil,366,0.1335,35.7462,2220.8435,4.9413,143.4364,1.044298472,2.23955208,488.4423631,122.99506299999999,3.0295620939999997,-5.533333232,-47.48333345,42.79,4411.1784,292457.0,59.80220908,64.55196185,7.77331052,13.31800447,0,0,2,2
Sao Luis,Brasil,1371,0.9708,1245.4506,9225.0787,9.1956,63.0288,1.037210685,17.93151992,3203.192621,105.5341315,2.94263386,-2.514996058,-44.30099657,40.77,19066.9083,1315122.0,73.80850500000001,76.45208081,9.600977174,16.9523091,0,0,3,3
Cuiaba,Brasil,957,0.2106,390.0853,10507.435,10.4679,71.3419,1.058099055,5.244552318,1099.139392,123.46097979999999,3.0568543110000004,-15.61500007,-56.09300368,22.31,16867.7949,807461.0,71.07844058,74.26508949,5.748394095,9.574822987000001,0,0,3,1
Rondonopolis,Brasil,399,0.0959,41.6246,3235.6232,4.7081,95.0924,1.03658977,1.848597889,436.5684634,135.83308180000003,3.3286721939999997,-16.4666671,-54.63333497,21.06,5350.59,196392.0,63.84387401,67.43420464,5.7075258689999995,12.56366417,0,0,1,2
Campo Grande,Brasil,762,0.0941,315.2868,13635.7246,8.2625,79.5389,1.041482807,3.132194883,669.5441457999999,124.5307754,3.2548020089999996,-20.45099705,-54.61599566,18.62,18714.339,798759.0,73.08045934,72.97566845,5.582547312000001,9.111441459,1,0,3,1
Dourados,Brasil,447,0.1094,36.8447,3176.3712,5.0918,95.3594,1.034780099,1.533381707,393.3265958,138.229875,3.393827525,-22.21666713,-54.79999914,21.03,4741.0161,199015.0,64.12443026,65.69882209,4.379484517,9.051206284,0,0,1,2
Araguari,Brasil,249,0.0912,17.7223,1897.651,4.4487,109.7824,1.078489421,1.381473845,386.6394357,161.2335839,3.227261584,-18.63333309,-48.18333425,17.79,2548.9881,112812.0,64.72440165,65.27668452,4.257534626,9.34993421,0,0,2,2
Barbacena,Brasil,285,0.3754,25.2545,1066.8204,5.792999999999999,95.8811,1.126476239,3.305553389,975.2217999,178.3389187,2.77734375,-21.23333345,-43.76666626,29.82,1797.2955,129747.0,61.46852421,59.44437734,10.0789323,14.43758013,0,0,1,4
Belo Horizonte,Brasil,4207,0.9162,3768.3857,27454.6072,9.5725,65.944,1.073186526,17.08701278,3835.2764420000003,131.14789960000002,2.973520802,-19.85200198,-43.90900169,21.26,63029.274000000005,4836451.0,68.35022594,66.52586207,5.655475205,10.28211661,1,1,4,3
Conselheiro Lafaiete,Brasil,209,0.5645,97.0446,1633.1522,6.9578,74.7667,1.078984266,8.631633812,1946.58307,134.4568147,2.892557652,-20.66666592,-43.79999905,20.57,2199.9549,119707.0,67.00898273,63.84456597,7.203861644,12.33824213,0,0,1,1
Divinopolis,Brasil,320,0.452,141.6152,2402.4102,7.0657,77.9887,1.061878343,9.736456772999999,2534.825354,141.1186184,3.17285785,-20.144425,-44.888616,14.97,4173.312,218857.0,64.62097849,63.43114092,3.8262211280000002,6.223124055,0,0,1,3
Governador Valadares,Brasil,215,0.0918,29.9024,1879.8551,4.9526,103.5837,1.0944652320000001,2.344531743,528.5263927,133.6627978,3.0488764969999997,-18.85000028,-41.93333427,32.22,3725.5415,270920.0,62.39359098,61.54041723,8.257999741,14.71428366,0,0,1,2
Ipatinga,Brasil,495,0.2396,65.5853,1837.1044,5.5871,69.9799,1.133138199,4.65477593,1211.742294,154.38817849999998,2.9023694989999997,-19.49999995,-42.53333271,25.44,7374.1635,551633.0,65.50144968,63.51133862,7.959840667999999,14.87883252,0,0,1,4
Itabira,Brasil,170,0.1356,15.255,926.1110000000001,4.8086,80.5361,1.16998179,2.016263601,649.7738262,192.0447205,2.891223314,-19.61666666,-43.21666706,25.51,2065.228,112794.0,63.78769815,63.21912034,10.07259789,16.56900583,0,0,2,4
Juiz de Fora,Brasil,496,0.3454,78.1681,1862.1888,5.9904,92.6914,1.157906569,4.705116454,1335.138846,167.4651819,2.712110482,-21.74999986,-43.33333199,19.05,6028.1856,530404.0,71.25418638,69.2397407,6.775666297000001,11.08001915,1,0,1,4
Montes Claros,Brasil,268,0.0751,59.8799,3918.4958,5.7801,121.3921,1.041484023,2.57421351,531.7608691,118.21855009999999,3.1530124010000002,-16.71666708,-43.86666485,34.73,5453.7196,371840.0,68.02588678,69.7759901,8.023602015,16.11708825,0,0,1,2
Passos,Brasil,166,0.124,21.8445,1592.9893,4.7322,92.8348,1.059290135,2.23596784,542.8931882999999,141.0003601,3.2112938260000004,-20.71666715,-46.61666482,19.47,1835.3624,109205.0,57.70107516,58.06988618,4.401340463,8.525398839,0,0,2,2
Patos de Minas,Brasil,257,0.0806,18.07,2072.8309,4.6544,129.8159,1.077091816,1.6305482180000002,418.715354,151.21362209999998,3.133521226,-18.58333385,-46.53333268,17.99,2780.3802,142514.0,60.08932579,63.32135165,4.970722382,10.44261492,0,0,2,2
Pocos de Caldas,Brasil,202,0.3691,68.1259,1295.6627,4.5413,84.6601,1.102412782,6.611737817000001,1571.4810929999999,140.8190103,2.961455071,-21.7999991,-46.56666547,14.41,2877.389,156615.0,66.89576552,65.42728242,5.117130933,8.797029205,0,0,1,1
Pouso Alegre,Brasil,230,0.4234,32.7662,834.5407,4.5156,101.2835,1.085916363,7.72434518,1937.0168820000001,145.4101234,2.989328955,-22.21666713,-45.93333434,15.92,2132.721,134197.0,67.37430871,68.19895681,4.258930009,9.388661119,0,0,1,1
Sete Lagoas,Brasil,339,0.6305,298.3082,3379.9196,5.1835,68.7799,1.0713219040000002,10.89812342,2629.8124629999998,142.85943269999999,3.126352093,-19.45000071,-44.23333353,22.67,4745.5932,220025.0,65.17699089999999,65.69315733,6.614553637999999,13.17136715,0,0,3,3
Teofilo Otoni,Brasil,157,0.0484,3.3345,846.6199,6.6748,157.0174,1.177166485,0.701517453,260.8266069,221.26320130000002,2.763819095,-17.85240045,-41.50020028,42.53,1277.2735,138440.0,54.60064567,55.76687868,8.235361012,14.99886135,0,0,2,4
Uberaba,Brasil,503,0.1112,48.1966,3716.9136,4.9368,95.5535,1.077274754,2.129255297,642.1910091,178.1943629,3.204318937,-19.74999993,-47.91666782,15.22,5865.7345,304105.0,68.95888315,68.69576368,4.187948254,8.341085541,1,0,1,2
Uberlandia,Brasil,947,0.2301,229.0911,7725.0759,6.7641,83.6303,1.0410483179999999,3.96901493,929.8516534,137.0884746,3.239946845,-18.91666586,-48.29999908,14.52,12203.6102,620577.0,70.30717923,71.13239857,4.139924989,8.412925739,1,0,3,1
Varginha,Brasil,126,0.3186,85.6083,1602.8911,5.3731,88.3969,1.091213795,9.402489036,2007.0078870000002,126.3215139,3.093535749,-21.54937127,-45.43381735,17.51,2111.9364,126456.0,68.64879888,67.21390550000001,5.464508327999999,10.73436193,0,0,1,1
Belem,Brasil,1561,0.6154,1288.6249,14156.1376,8.5301,65.7175,1.039016669,9.115940605,1807.061679,114.75400020000001,2.847982683,-1.4390009519999998,-48.49800256,38.74,23088.2827,2117767.0,73.14610927,74.7555054,8.557769155,14.99571655,1,0,3,1
Castanhal,Brasil,240,0.2332,49.9745,1913.9415,5.593,94.5386,1.026835886,4.008427274,889.8535304,130.74406090000002,3.18496732,-1.299999948,-47.91666782,50.34,2687.592,174457.0,57.77995001,62.76743187,7.5813386110000005,16.41423351,0,0,1,1
Maraba,Brasil,427,0.0282,1.8049,741.5077,3.338,187.195,1.095224734,0.334309521,99.16137059,167.5062985,3.030536913,-5.349999782,-49.11666481,48.36,3682.5334,235435.0,54.56015991,58.97829205,10.79303559,17.90858837,0,0,2,2
Parauapebas,Brasil,453,0.0658,1.7411,565.9556,3.3855,114.7738,1.079900413,0.935504971,223.38380809999998,137.9679885,3.199515462,-6.067018074,-49.89224971,37.14,2118.3186,155071.0,65.02742762,66.60431602,8.70655772,18.46815312,0,0,2,2
Santarem,Brasil,617,0.027000000000000003,2.9056,1619.8694,3.5872,126.5603,1.096220757,0.213635816,80.37719208,212.1708117,3.169205658,-2.4599970669999998,-54.61000168,56.5,4105.3329,296806.0,57.23512739,63.85524857,14.59791565,19.73089233,0,0,2,2
Campina Grande,Brasil,391,0.2986,123.8369,2963.3813,4.4242,87.0952,1.036026986,6.705395085,1234.025999,112.44559029999999,2.9987949389999997,-7.216666551,-35.88333503,45.19,5471.5367,471572.0,57.79009464,60.32557368,11.24852642,20.10424748,0,0,1,1
Joao Pessoa,Brasil,862,0.6818,835.5892,7038.8941,7.2717,69.3678,1.037643112,17.03139803,3179.551484,111.88763259999999,3.0769034339999997,-7.115,-34.863056,38.89,15007.6786,1049093.0,64.80429182,66.44698341,8.620268516,14.26679505,1,0,3,3
Apucarana,Brasil,183,0.3278,39.5551,1047.665,6.2312,94.5349,1.070970338,5.576265814,1751.1089,179.15773049999999,3.092031425,-23.54768832,-51.48157463,13.68,2108.0685,124212.0,61.96611692,58.87173627,3.763116475,5.699460299999999,0,0,1,1
Arapongas,Brasil,226,0.2686,57.6457,1392.2374,5.8411,79.491,1.051731131,6.228621992000001,1621.401981,151.72537309999998,3.080647883,-23.3833331,-51.45000073,13.6,3484.2646,166424.0,61.82473331,58.61861016,3.807590462,7.589340426000001,0,0,1,1
Cascavel,Brasil,404,0.1923,125.1745,4259.5967,6.4167,82.8786,1.050405808,3.319077847,922.2002964,154.3231506,3.229431183,-24.95000075,-53.46666711,14.81,6174.1704,293999.0,67.8907998,65.894257,4.008181358,7.660586321,0,0,1,1
Curitiba,Brasil,3689,0.7725,2880.8929,24567.9173,7.9119,66.4869,1.0731343309999999,10.36938393,2712.265097,146.6533487,2.905966885,-25.43000402,-49.28499866,13.16,55997.5444,2935284.0,72.76578986,69.76823521,4.185727161,7.133344561,1,1,4,3
Foz do Iguacu,Brasil,364,0.5893,368.7032,3732.6985,4.648,65.14,1.037176719,10.40236502,2332.708637,127.4489999,3.123741206,-25.54999908,-54.58333195,25.5,6101.6228,263062.0,66.32380676,64.19716575,5.70221708,10.88626556,0,0,3,3
Guarapuava,Brasil,338,0.1084,29.2851,2424.5961,5.3065,91.5854,1.104548795,1.511671287,458.207675,182.41628,3.1702529260000003,-25.38333313,-51.45000073,29.16,3764.8806,171885.0,56.25440178,54.33094836,6.472566876,11.56043184,0,0,1,2
Londrina,Brasil,752,0.3075,162.8731,3470.9291,6.837999999999999,86.984,1.061958011,7.049338561,1690.0644539999998,142.92126580000001,3.063036947,-23.29999907,-51.15000141,14.69,11476.8736,669378.0,67.89892723,65.54365537,4.2752721760000005,7.589695863999999,1,0,1,1
Maringa,Brasil,476,0.3846,434.2391,5493.0762,8.6832,74.2262,1.031078873,11.51749862,2704.963065,133.3497206,3.2051819389999996,-23.41666589,-51.91666779,10.97,9782.99,521648.0,67.58642612,66.26267132,3.63009339,6.498979384,0,0,3,3
Paranagua,Brasil,192,0.2323,57.1053,1763.193,5.1447,75.786,1.045174523,3.055925135,696.2941808999999,128.1722418,2.907479046,-25.51666629,-48.49999992,25.85,2677.0559999999996,144294.0,68.86903829999999,65.35847053,6.954418985,14.96807761,0,0,1,1
Ponta Grossa,Brasil,511,0.2471,155.201,4438.4421,7.8273,76.131,1.078175227,4.25533074,1183.499662,155.72416289999998,3.130900436,-25.08333391,-50.15000139,22.56,7229.8835,320097.0,67.85817882,63.01129708,5.287201446,11.20522912,0,0,3,1
Toledo,Brasil,402,0.3358,27.3963,1198.7773,4.8396,98.7568,1.082693352,4.964013533,2025.710652,230.2123681,2.999152423,-24.73333346,-53.74999988,14.24,2735.8914,122562.0,63.77537514,60.03289868,4.19935017,9.056998963,0,0,1,4
Caruaru,Brasil,331,0.3595,91.2846,2245.1979,4.5402,124.3789,1.0450792979999999,8.94703773,1609.9787789999998,105.99077120000001,3.0144431369999998,-8.283333725,-35.96666707,40.8,3743.0142,321686.0,53.77398134,56.56920977,6.967718577,10.84328658,0,0,1,1
Garanhuns,Brasil,143,0.3118,31.6504,1035.4713,4.9731,121.3185,1.052142701,8.229846561,1707.815346,122.17352199999999,3.162971985,-8.899999451000001,-36.48333347,52.72,1401.6574,132192.0,53.81231847,55.67970991,15.16278689,20.47007026,0,0,1,1
Petrolina,Brasil,531,0.048,8.5237,1673.3403,4.9338,258.5153,1.068019918,1.174796625,306.903435,156.4877308,3.062977768,-9.399999512,-40.49999989,48.85,5635.3437,508862.0,56.04353301,61.51948817,9.640389366,18.00472378,0,0,2,2
Recife,Brasil,2129,1.1299,3724.0240000000003,19975.8195,9.5262,63.1107,1.05000431,21.04552626,3731.510871,104.01087690000001,2.84800134,-8.084996967999999,-34.9149956,41.0,35128.7129,3588741.0,69.48018964,68.03124052,10.93887709,18.28786785,1,1,4,3
Vitoria de Santo Antao,Brasil,65,0.1744,20.5579,763.9393,3.6114,186.9476,1.089177311,7.815027182000001,1570.621806,117.9056233,2.903244496,-8.116666724,-35.29999906,57.09,1002.872,132770.0,44.50537670000001,48.42883428,11.72893314,22.16413272,0,0,2,1
Parnaiba,Brasil,179,0.41100000000000003,63.9845,1278.2731,4.0576,75.007,1.029393513,9.441598177000001,1910.173597,114.45512930000001,3.223127753,-2.909166491,-41.77472298,52.52,2179.8978,146854.0,53.27190588,56.98941012,9.521603766,17.08255154,0,0,1,1
Teresina,Brasil,1194,0.3808,300.3263,6754.9542,7.5915,70.9725,1.033934379,7.210392253999999,1478.448287,118.72428719999999,3.225562985,-5.104998015,-42.80200157,41.91,13941.2634,976798.0,63.84667865,67.38992026,8.185444491,14.16092158,1,1,3,1
Angra dos Reis,Brasil,358,0.4338,5.1418,203.4503,3.3453,76.9478,1.15011147,3.921811325,904.5994092,128.90498459999998,2.467317487,-22.99999985,-44.29999911,25.32,2085.4932,170402.0,63.95292525,64.29523916,6.349571765,12.79204622,0,0,1,4
Araruama,Brasil,680,0.6517,175.75599999999997,2373.0955,7.6363,75.1737,1.049606432,10.83688754,2582.0723239999998,142.748412,2.838851773,-22.88333314,-42.33333198,33.59,7727.384,210192.0,61.88603474,63.37186403,9.222602477999999,16.81678609,0,0,3,3
Cabo Frio,Brasil,427,0.4725,42.6063,662.7435,4.177,79.8784,1.0425315,11.77073284,2298.325569,116.8107138,2.801500735,-22.88333314,-42.01666631,27.71,5810.1463,303404.0,66.94701843,67.58148804,7.403383087000001,14.88750988,0,0,1,3
Campos dos Goytacazes,Brasil,585,0.1453,31.7761,1963.0320000000002,4.4657,109.0971,1.083688668,2.176263993,671.5830778,183.30192219999998,2.90785645,-21.761967000000002,-41.315938,38.08,6518.07,466169.0,59.34961035,62.63359512,7.685849246,16.21045508,0,0,1,2
Macae,Brasil,258,0.212,36.5763,1339.8516,6.7403,85.0116,1.1165858,4.010832733,1009.5476460000001,148.0938853,2.733551555,-22.380389,-41.791002,20.32,3321.9048,207815.0,72.95227538,71.84021311,5.559057436,11.336672300000002,0,0,1,4
Nova Friburgo,Brasil,295,0.316,2.8485,203.03799999999998,4.2603,98.5131,1.241789999,3.86611873,1651.489116,234.68449219999997,2.3167865290000003,-22.26666626,-42.53333271,16.67,1309.682,183039.0,60.25586234,61.99021020000001,4.034929212,5.572146481,0,0,1,4
Petropolis,Brasil,456,0.5728,0.652,35.028,2.9651,90.193,1.274037723,4.5147321730000005,1885.7485179999999,229.89067430000003,2.304873773,-22.4999999,-43.16666782,23.27,1481.8632,297473.0,62.45091615,60.60651029,5.568187196,9.250785543,0,0,1,4
Resende,Brasil,411,0.2954,18.3014,711.7497,4.4396,79.1533,1.160668361,3.4025071110000003,1120.5400300000001,196.74448,2.81203671,-22.4666671,-44.45000071,21.89,3577.0563,166012.0,70.91476705,68.93296409999999,6.634171969,13.04216446,0,0,1,4
Rio de Janeiro,Brasil,5586,1.167,9518.401,37172.154,9.761000000000001,62.4849,1.0593260759999998,28.01322595,5733.784172,119.29103049999999,2.8135864930000003,-22.72157103,-43.45518559,24.98,122569.6878,11798818.0,74.3077386,71.69988154,6.58185376,11.90727468,1,1,4,3
Teresopolis,Brasil,420,0.5448,7.2217,350.6219,4.5696,115.4701,1.262323701,3.5038185,1695.028809,264.0759724,2.33553719,-22.416239,-42.973407,25.69,1587.852,164607.0,56.01628759,58.07579566,5.596280507,9.799228506,0,0,1,4
Volta Redonda,Brasil,734,0.5298,98.2259,1862.0076,5.6618,69.9519,1.147157525,5.8973438510000005,1640.031051,163.79280880000002,2.689918731,-22.53333269,-44.11666482,22.4,7308.071,556021.0,71.23028227,68.32957993,7.022729022,12.42971619,0,0,1,4
Mossoro,Brasil,265,0.1262,38.3606,2244.1617,5.5631,108.7599,1.029805318,4.092742949,863.7289153999999,123.40460039999999,3.096025105,-5.19138901,-37.34472264,36.6,3589.2129999999997,267739.0,59.05674542,63.80169649,10.00672422,15.59151703,0,0,1,1
Natal,Brasil,875,0.591,315.0392,3159.0874,4.9122,75.7308,1.047494297,19.60685569,3670.767825,112.3888469,2.974388789,-5.805999041000001,-35.21099672,35.33,14764.225,1265118.0,67.66566377,68.65387941,8.714397831,14.28946347,1,0,3,3
Caxias do Sul,Brasil,633,0.385,87.7352,2390.1938,7.3836,77.6394,1.113882129,5.72134063,1642.801628,169.9545986,2.807344922,-29.16666591,-51.1833343,9.0,6035.7816,448805.0,72.3943178,68.58348713,3.284265145,6.6333215039999995,1,0,1,4
Passo Fundo,Brasil,266,0.3395,124.4761,2672.5183,6.278,77.23100000000001,1.074561339,5.309450971,1588.791743,168.84990159999998,3.045174538,-28.26666626,-52.400001399999994,15.44,3648.9614,190445.0,72.46552671,70.68760393,3.408444615,6.836251111,0,0,1,1
Pelotas,Brasil,507,0.2116,64.968,2806.0008,6.0082,129.3599,1.087165523,2.805580533,1053.512565,215.0808503,2.972299169,-31.76666627,-52.33333204,25.4,5546.4279,363292.0,63.65527426,63.7840943,6.961146791,11.68535077,0,0,1,4
Porto Alegre,Brasil,3931,0.8175,2537.4691,19714.3597,10.2299,64.6152,1.054106095,13.03419917,2943.670891,130.1043948,2.886803682,-30.04000196,-51.20800169,17.18,61893.2019,3690846.0,73.168929,70.92427904,4.751295338,8.54756273,1,1,4,3
Rio Grande,Brasil,326,0.1203,7.4983,667.3735,4.1987,83.2922,1.042312601,1.6839549280000001,569.6325973999999,191.9075976,3.1908155189999996,-32.03578109,-52.08834006,22.5,3044.9704,203224.0,67.2175637,65.03456054,7.365861281,13.28741048,0,0,2,2
Santa Cruz do Sul,Brasil,356,0.4857,55.8715,1591.879,5.7502,83.0405,1.108225863,3.633462241,1265.715366,196.18513330000002,2.8635953030000003,-29.716667100000002,-52.4333343,13.41,2572.7408,121973.0,67.60207969,65.67006443,5.308210895,7.147073637,0,0,1,4
Santa Maria,Brasil,354,0.198,67.12,2666.7808,6.3164,71.2976,1.069322418,5.191083637,1418.679792,148.4134098,2.503064799,-29.698895,-53.822747,17.71,4499.1984,268966.0,74.94241322,73.44055557,6.025740643,10.27868341,0,0,1,4
Uruguaiana,Brasil,400,0.07,5.8870000000000005,1486.3416,3.8602,208.5903,1.095495954,0.316988673,223.34581459999998,394.25593680000003,3.056834194,-29.74999989,-57.08333205,33.8,2263.68,129248.0,69.98020541,70.07657068,7.062618773,14.06636254,0,0,2,2
Ji-Parana,Brasil,220,0.0319,10.7188,2488.3647,5.7036,84.3735,1.056492067,0.419445179,145.9170127,194.4846595,3.140832328,-10.83333285,-61.966667099999995,28.65,2970.55,124154.0,56.87781406,59.43932763,5.764647311,11.25222736,0,0,1,2
Porto Velho,Brasil,901,0.022000000000000002,10.7444,5012.9265,6.1441,110.6568,1.080905545,0.26959731,131.13731950000002,277.0559409,2.9878955030000003,-8.762004021000001,-63.9060027,25.93,8775.0192,477310.0,63.84541662,69.17756174,5.2397666460000005,10.59500409,0,0,3,2
Boa Vista,Brasil,392,0.0689,57.2805,4750.6157,5.4751,100.5706,1.0443161159999998,1.491034711,467.5154692,174.3234867,3.3462878289999995,2.817998991,-60.66399562,34.81,6857.451999999999,290750.0,68.27809191,74.70711751,7.282725955,11.72630893,0,0,1,2
Balneario Camboriu,Brasil,193,0.7465,128.4483,1418.5708,5.822,64.2205,1.057812623,12.60768147,2811.475747,127.65630159999998,2.8071463530000003,-26.98333347,-48.63333497,8.58,2341.1672,173259.0,73.25975536,73.18846479999999,3.7836887839999997,6.127556193999999,0,0,1,3
Blumenau,Brasil,1707,1.0171,184.8633,2441.6317,7.888999999999999,71.5472,1.105709518,6.0876799010000004,1963.427887,165.8840243,2.3417903,-26.93333235,-49.04999912,6.24,12707.2494,494396.0,68.05448076,62.73187295,2.846650813,4.3160614189999995,1,0,3,4
Brusque,Brasil,541,1.1815,36.9801,507.7145,4.8603,71.5817,1.090795121,6.130007135,1832.879636,161.4671447,2.3024745909999997,-27.10000029,-48.93333429,6.71,3335.0486,125976.0,61.7871877,56.58598918,2.466295721,3.644469185,0,0,1,4
Chapeco,Brasil,400,0.6389,130.9977,2399.2796,5.8544,77.0302,1.0979137159999999,12.23337277,3405.681047,152.6384309,2.813243973,-27.10000029,-52.59999837,11.42,3418.48,186555.0,66.25835193,65.73437189,3.472681403,7.615440659,0,0,1,3
Criciuma,Brasil,934,0.6561,39.699,686.7765,4.4381,81.2565,1.046601858,9.138153787,2424.163312,148.8968979,2.8459563539999997,-28.66666585,-49.38333501,10.55,8228.6334,336741.0,65.29886154,60.32434304,4.02771622,8.693207781,1,0,1,1
Florianopolis,Brasil,1468,0.6481,246.9043,3578.8986,7.5179,66.7889,1.077205444,7.9624744110000005,1959.6646059999998,134.5212909,2.556739688,-27.595378000000004,-48.54805,8.83,15627.0068,865996.0,77.50719559,76.46489963,3.8737073260000003,6.457658891,0,0,3,1
Itajai,Brasil,685,0.9805,157.7112,1386.2537,5.8337,71.5361,1.041970907,12.96334957,3115.256896,135.1637871,2.808152645,-26.918295,-48.661744299999995,13.05,7947.9865,313618.0,65.13200898,62.45502891,4.1422455739999995,7.91219137,0,0,1,3
Jaragua do Sul,Brasil,896,0.9309,91.53,1590.7565,5.3656,75.2759,1.096992262,5.13077825,1798.7735699999998,188.3207062,2.3780832480000003,-26.48333352,-49.06666546,8.19,5537.9968,196802.0,68.60965213,63.44975973,3.7964375610000003,5.883483131,0,0,1,4
Joinville,Brasil,844,0.5589,686.2755,7878.1127,6.5222,67.4776,1.053053754,7.387134176,1893.2073269999999,141.8932174,2.670031005,-26.29999912,-48.83333204,9.6,13154.162,549000.0,76.29260111,69.68216635,3.973554202,7.301708838,1,0,3,1
Lages,Brasil,163,0.0619,27.1794,2055.902,4.3277,75.7995,1.101975164,1.652518107,520.9554691999999,178.7096062,2.986449864,-27.80212896,-50.32018145,24.53,3478.8601,159310.0,66.54018674,63.27456962,5.592121372,10.98234114,0,0,1,2
Aracatuba,Brasil,279,0.239,96.7933,2825.5624,5.9704,82.4727,1.0276710629999999,5.280162699,1100.306198,119.6632865,3.2942791760000003,-21.20131644,-50.41854393,15.54,3999.5208,186968.0,69.4509241,67.85985686,4.660530436,8.81574975,0,0,1,1
Araraquara,Brasil,404,0.3587,118.9302,2392.768,5.3179,78.2378,1.042288246,7.747032845,1664.3830679999999,125.12343840000001,3.167924528,-21.78306989,-48.16687807,13.09,5598.632,250355.0,70.77456951,68.2152444,5.691704871000001,11.6980948,0,0,1,1
Araras,Brasil,242,0.3754,64.3746,1438.9066,4.8085,82.3498,1.052191698,6.41281875,1316.979553,129.7129621,3.050234427,-22.36666674,-47.38333497,13.57,2883.8656,122370.0,66.64008525,62.50505848,5.018159181000001,11.63940584,0,0,1,1
Atibaia,Brasil,635,1.0818,82.9998,1201.3881,5.2578,79.0044,1.100252635,7.688031418,2427.317497,185.7606649,2.794733045,-23.11666667,-46.54999913,19.12,4055.237,150653.0,60.20539128,61.33054391,4.330886005,8.668002995,0,0,1,4
Santos,Brasil,1052,0.5451,394.5275,3396.9103,5.5158,63.541000000000004,1.035264277,14.39640361,2766.630855,109.94550079999999,3.0953513439999996,-23.95469701,-46.309490600000004,20.69,22413.386000000002,1664462.0,72.11505905,70.25929118,7.529572508999999,13.38568362,0,0,3,3
Barretos,Brasil,310,0.198,29.953000000000003,1932.7163,4.8524,84.757,1.076479322,2.824732305,1010.4693710000001,204.84612919999998,3.278489117,-20.5499991,-48.54999906,14.0,2426.029,115428.0,67.15753165,67.95470601,4.536229271,9.373680731,0,0,1,4
Bauru,Brasil,261,0.3909,309.5481,3146.5811,5.505,66.8714,1.034867879,15.16932214,2863.549886,108.1150491,3.277915178,-22.31666749,-49.06666546,14.6,6567.9345,354144.0,73.07858857,70.05285442,5.22848,8.512373593,0,0,3,3
Birigui,Brasil,147,0.2769,61.583,1509.4156,3.7869,77.9661,1.018083979,6.732177445,1411.3908310000002,118.7279378,3.314196242,-21.29999914,-50.31666546,11.11,2166.2067,111955.0,66.69576193,64.18367692,3.70797405,4.883060218,0,0,1,1
Botucatu,Brasil,252,0.17,28.8248,1459.7689,4.8654,90.8088,1.082283305,3.470015947,1074.661202,176.9965879,3.117535381,-22.86666669,-48.43333433,17.2,2927.8872,131107.0,69.38839878,67.80945936,5.342712596,10.87642966,0,0,1,1
Braganca Paulista,Brasil,457,0.8916,57.9564,970.952,4.7365,82.4349,1.086099054,7.834536636,2108.531453,159.86781240000002,2.876182468,-22.95000072,-46.56666547,16.38,3059.4779,151099.0,65.51602058,65.62638539999999,4.943925554,9.160943709,0,0,1,1
Campinas,Brasil,4018,1.1839,817.3556,4665.471,7.3221,67.0097,1.055720344,20.79399682,4322.64809,121.9514366,2.99202959,-22.90007967,-47.08350276,14.25,59459.5694,2898268.0,69.39511408,66.60148213,5.330835246,9.696220586,1,0,4,3
Catanduva,Brasil,183,0.6296,173.732,1891.1128,5.8672,68.4647,1.026132833,13.35409291,2450.1390890000002,106.33716670000001,3.297747307,-21.13333308,-48.96666708,10.49,2670.1164,116168.0,65.20660729,62.11053655,4.220236889,6.970053254,0,0,1,3
Franca,Brasil,242,0.3996,403.41,4165.6195,6.8419,66.5673,1.030179962,14.65280678,2698.440377,107.0539304,3.198707256,-20.53333265,-47.40000142,14.0,5864.8458,328096.0,69.88392601,67.31237044,4.254785459,7.333360152999999,0,0,3,3
Guaratingueta,Brasil,338,0.2537,31.9968,915.1141,3.9824,81.3241,1.086296238,4.4665295039999995,1042.539234,138.04864980000002,2.933565419,-22.81666745,-45.2166671,22.55,4658.3836,256403.0,71.56797592,69.32446395,7.116844082,11.79020241,0,0,1,1
Itapetininga,Brasil,247,0.138,15.3751,1084.1017,5.2132,165.3388,1.078920048,2.165266049,627.7268849,170.0662604,3.05067645,-23.60000028,-48.0499991,24.34,2539.0859,148662.0,64.12905955,63.7961996,5.954237524,12.79820448,0,0,2,2
Jau,Brasil,203,0.2961,74.8622,1844.1919,5.596,82.4918,1.038899822,6.096769107999999,1199.741074,118.216183,3.165912177,-22.29999905,-48.54999906,10.57,2782.8052,134929.0,63.39553038,59.72322962,3.3306404919999997,5.374550166000001,0,0,1,1
Jundiai,Brasil,1447,1.9386,721.6985,4033.4472,8.3616,69.4125,1.088971495,18.283143,4243.457055,136.9056988,2.727795377,-23.18333225,-46.86666479,12.78,13355.6653,613839.0,70.11231375,65.88634704,5.364286469,9.065598261,0,0,3,3
Limeira,Brasil,469,0.674,367.7076,4013.9752,6.4923,75.7359,1.051700001,11.26249753,2318.846705,121.3371463,3.053557154,-22.56659027,-47.40077624,16.24,6374.0852,304836.0,65.62396287,61.24254966,4.517543783,9.296821019,0,0,3,3
Marilia,Brasil,154,0.1316,110.4455,3104.4375,7.1717,72.6046,1.068437219,6.069441986,1445.855988,139.7273514,3.1038745860000003,-22.21503758,-49.92153457,15.81,4163.5748,223177.0,71.68075058,68.31101874,5.957295147999999,11.16349145,0,0,1,1
Mogi Guacu,Brasil,558,0.4031,84.7241,1905.4075,4.9425,83.4021,1.043918191,5.317034326,1258.868402,143.33609740000003,3.0501309389999998,-22.36666674,-46.950000700000004,15.16,6154.8516,240732.0,64.45109842,61.68850837,5.640524792999999,11.98261341,0,0,1,1
Ourinhos,Brasil,121,0.4084,152.6392,1791.3975,4.1463,70.8861,1.059393463,11.63750134,2418.293564,122.92100190000001,3.17032818,-22.98333351,-49.86666485,18.06,2524.2294,106093.0,66.56226203,63.61914701,5.19417497,12.45445324,0,0,1,3
Piracicaba,Brasil,467,0.3388,209.5612,3931.8855,7.9195,76.2888,1.068411611,7.2879840520000005,1657.603781,132.37695630000002,2.933496912,-22.71666708,-47.63333495,14.32,7346.7039,375390.0,68.1920697,65.49095233,4.844799956,10.03432714,0,0,3,1
Presidente Prudente,Brasil,314,0.345,113.0457,2170.3033,5.1552,84.9262,1.049977444,10.71868723,2020.041788,111.0926966,3.122724714,-22.11666665,-51.36666482,14.79,4740.3952,237982.0,71.3109403,69.76614344,5.844631617,10.39437409,0,0,1,3
Ribeirao Preto,Brasil,438,0.6727,1149.6117,6570.1414,6.2338,63.9203,1.041561818,25.91432904,4760.6713,106.52629850000001,3.033347185,-21.16666588,-47.79999912,11.32,11392.4676,622626.0,72.73589125,71.01711423,4.246774256,7.004882518,0,0,3,3
Rio Claro,Brasil,268,0.449,189.7582,2580.0544,5.012,76.2825,1.038267646,9.134893193,1784.1783329999998,113.3677679,3.2028149910000003,-22.39999953,-47.54999914,12.07,4390.0276,214056.0,71.15000486,65.79352887,5.420270272000001,9.435590437,0,0,1,1
Sao Carlos,Brasil,400,0.3516,124.5377,2888.4743,5.4998,89.2325,1.047287054,5.991977195,1331.617816,131.3188994,3.10109655,-22.01666628,-47.90000138,10.88,4905.08,228537.0,74.48450934,70.08013368,5.199619568,11.32977926,0,0,1,1
Sao Jose do Rio Preto,Brasil,748,0.7608,418.8753,4054.7635,5.2655,71.7944,1.040576418,18.15434334,3540.9708630000005,114.5827977,3.164552374,-20.812949,-49.382358,11.46,10157.2416,499006.0,69.10555103,67.37161247,3.730317181,6.513539734,0,0,3,3
Sao Jose dos Campos,Brasil,1121,0.58,155.9608,2077.0731,4.7208,71.7134,1.08199099,9.560118828,2181.298138,134.60840149999999,2.8319758810000004,-23.226409,-45.891853999999995,16.89,14513.1386,953363.0,73.66317437,70.72832002,6.724427591,11.11030407,0,0,3,1
Sao Paulo,Brasil,5160,0.9149,41125.5507,125647.3959,12.0105,62.7077,1.071662463,35.74948798,6742.708294,112.45577890000001,2.8743205260000004,-23.580999,-46.62299658,21.17,184608.288,19987817.0,71.15359686,68.95890713,6.710794373,10.81233961,1,1,4,3
Sertaozinho,Brasil,169,0.4195,81.3946,1464.3732,4.6979,68.7975,1.037477288,8.893899667000001,2008.3129940000001,131.7243356,3.207361327,-21.13333308,-47.98333351,13.57,2239.0134,113341.0,61.22744158,60.05716164,4.878889802,9.949541078,0,0,1,1
Sorocaba,Brasil,1074,1.2077,955.8543,6336.9741,8.0384,66.8035,1.06288925,19.20161323,4183.499901,126.7541473,2.8535854169999997,-23.48333346,-47.45000066,15.09,13414.1526,744181.0,71.24859293,68.16925296,6.7173177420000005,12.77971949,1,0,3,3
Tatui,Brasil,225,0.4298,42.4658,1034.3842,5.002,89.9862,1.061899658,5.084676871,1377.0031119999999,160.5670483,3.072399728,-23.3500003,-47.84999836,19.37,2149.29,110511.0,62.27696767,60.21250031,4.636141383,10.29568909,0,0,1,1
Taubate,Brasil,630,0.4075,84.7514,1551.9641,4.2633,69.2909,1.0625613040000002,7.152786692,1606.382828,132.6030344,2.906689325,-23.03333275,-45.54999911,18.15,8442.189,480513.0,73.50493828,70.2590525,6.571369924,13.32605941,0,0,1,1
Aracaju,Brasil,827,0.9553,223.377,2026.6288,4.0678,71.7057,1.063059915,18.78848213,3441.9850479999996,110.60678870000001,2.9214173989999996,-10.91099699,-37.06000157,38.24,9542.0087,856846.0,69.11829716,70.45630858,9.3965666,16.90157632,0,0,3,3
Araguaina,Brasil,328,0.08199999999999999,19.4899,2195.9651,4.8648,80.8319,1.05396733,1.5149633880000002,422.00636030000004,157.6162998,3.2467788389999996,-7.198507049,-48.19642054,32.58,3550.4032,154362.0,63.71510665,69.32839748,6.302400421000001,11.47488332,0,0,1,2
Palmas,Brasil,315,0.1419,31.1385,1108.3604,4.745,90.2329,1.079999788,4.5450976910000005,1142.751937,148.6406478,2.9634809630000003,-10.249091,-48.324286,23.52,6234.48,234217.0,75.80880006,80.38491873,5.432047545,10.46499941,0,0,1,1
Tubarao,Brasil,335,0.6444,73.6138,1183.9701,5.8097,71.1842,1.0797955240000001,7.526462335,2115.528418,156.6557115,2.699388846,-28.47608461,-49.02190718,9.88,3232.2475,131679.0,69.06155619,64.53965683,3.80743942,5.613195844,0,0,1,1
Bento Goncalves,Brasil,458,0.5874,23.9977,580.7868,3.8673,84.5407,1.186597484,4.869544295,1916.893993,222.14794750000001,2.787822497,-29.167888,-51.53896091,5.6,3221.801,168119.0,67.82980947,65.91848259,3.2217269980000003,6.2995887889999995,0,0,1,4
Caraguatatuba,Brasil,391,0.442,79.6197,1452.8969,5.8752,64.6305,1.076832405,7.27713085,1541.806321,111.87684109999998,2.76390561,-23.62291527,-45.40402603,21.41,4848.0481,179969.0,65.14602674,66.68838949,5.774715932,10.39855155,0,0,1,1
Parobe,Brasil,394,0.444,25.0805,660.9301,4.6915,72.5134,1.100586663,4.562463414,1571.600482,196.49770859999998,2.773599535,-29.62516513,-50.83155417,15.15,3367.518,166567.0,58.39204408,56.18924741,3.772403432,5.886712127000001,0,0,1,4
Rio das Ostras,Brasil,173,0.2508,48.601000000000006,1070.6565,4.5109,72.525,1.082356498,7.472162489,1872.7382879999998,145.5653224,2.871361955,-22.52482134,-41.94846881,20.04,3130.6426,141765.0,69.82758485,72.24586269,5.700737661000001,13.67404175,0,0,1,1
Arica,Chile,287,0.0598,9.8919,1749.0219,4.9524,100.1117,1.079796101,1.131474059,262.7027463,125.6447122,3.014373038,-18.48333348,-70.33333581,8.86,2712.4083,215348.0,87.99968321,84.43829552,17.56124165,18.304370300000002,0,0,2,2
Iquique,Chile,140,0.0489,7.6162,864.6264,2.9482,113.8007,1.074274966,1.6223163790000001,378.2512188,137.7903756,3.1037865410000003,-20.22100207,-70.14899669,6.58,2522.072,272419.0,91.04081019,88.34115676,14.28062932,13.5666299,0,0,2,2
Antofagasta,Chile,262,0.0085,2.3645,2045.4179,4.5407,159.1956,1.110787612,0.246399905,92.84334904,184.97378469999998,3.0247692489999998,-23.64100205,-70.39899865,5.12,3550.0476,348840.0,91.50823681,88.39326242,10.205652699999998,10.90371668,0,0,2,2
Calama,Chile,196,0.0126,2.3223,1341.8669,3.6005,139.2676,1.093851185,0.37141819299999995,136.48579619999998,217.4420924,2.970775288,-22.4666671,-68.93333432,4.97,2699.8216,162687.0,90.27658523,85.2856444,9.908088235,11.66503548,0,0,2,2
Copiapo,Chile,259,0.0146,2.3087,1569.7839,5.9281,211.6383,1.1294542090000002,0.22195887600000003,121.45753799999999,323.0502811,2.882439848,-27.36000006,-70.33200259,4.62,2616.1072,155871.0,85.0301416,83.25824775,13.85940257,15.58669002,0,0,2,2
La Serena-Coquimbo,Chile,693,0.2084,20.362000000000002,1121.2145,3.7861,86.4973,1.087437851,3.6520638830000003,744.768129,118.9177365,2.864868575,-29.90777769,-71.25416554,9.24,6039.4257,401009.0,85.07161089,83.51393915,17.59215314,16.62905162,0,0,2,1
Valparaiso-Vina del Mar,Chile,420,0.3685,142.8782,1809.0051,5.0801,65.4765,1.089076502,16.15895761,2751.780093,96.22295269,2.681151126,-33.04777901,-71.60111233,10.82,9001.524,925276.0,90.22920579,87.44223511,14.53660546,14.51486893,0,1,1,3
Quillota,Chile,240,0.547,45.0394,808.9311,4.8067,75.8343,1.063438431,8.452713274,1671.361989,116.7911764,2.7670343930000003,-32.88333499,-71.26667014,14.12,2442.696,158287.0,80.25612822,78.88975393,14.09105529,15.340543700000001,0,0,1,1
San Antonio,Chile,289,0.3896,9.2127,305.744,3.4396,81.8317,1.077411995,5.739610675,1431.944501,150.2857298,2.859052712,-33.59333413,-71.62166594,7.71,2235.3283,122705.0,81.15909883,79.73927373,21.21058904,21.17203665,0,0,1,1
Santiago,Chile,1054,0.4353,15324.0091,56153.1707,7.122000000000001,63.4101,1.052419697,42.08666132,5953.925324,82.86693879999999,2.9456205189999998,-33.47502305,-70.64751555,6.82,66078.1058,6213766.0,88.11663808,84.60307409,12.75542339,11.77235398,1,1,4,3
Rancagua,Chile,892,0.2493,30.5724,1788.6072,4.2403,87.8278,1.0973064940000001,2.507746712,482.99911660000004,111.8583721,2.740724303,-34.16666778,-70.74999986,12.15,6115.8196,313734.0,83.15815394,81.27028951,11.86735511,13.4608514,0,0,1,2
Talca,Chile,540,1.1376,247.9689,2726.1283,5.8558,72.8071,1.058822228,16.35119233,2688.139624,96.10500602,2.8699687060000003,-35.42300104,-71.6599977,13.99,4317.84,258586.0,81.20552677,80.39043318,16.085720199999997,15.81125558,0,0,3,3
Curico,Chile,395,0.2963,21.8777,1083.0524,3.2114,81.9089,1.087238522,3.017826185,626.9179062000001,118.0462212,2.754143646,-34.98333351,-71.2333297,15.42,2692.7940000000003,136839.0,77.12183797,76.31045870000001,12.5882647,11.68114108,0,0,1,1
Concepcion,Chile,568,0.2792,177.5667,2955.3639,5.7665,64.7158,1.100667872,10.63572849,1916.380857,104.2684256,2.770027855,-36.82600195,-73.05499764,13.4,12224.6096,994590.0,85.69964828,81.56415521,15.17486003,14.4312614,1,0,1,3
Chillan,Chile,557,0.7554,95.5931,2027.59,4.3383,77.8001,1.060750597,7.477231827000001,1538.372644,115.8358678,2.7223776219999998,-36.612621999999995,-72.106459,16.26,3476.4041,203974.0,81.38693591,79.99158131,15.62798055,14.51229183,0,0,1,1
Los Angeles,Chile,1117,0.6383,16.4112,932.0212,3.5622,113.226,1.066584125,2.736837982,813.4653251,168.1707414,2.735855263,-37.46204968,-72.35262433,19.58,3081.4679,186616.0,75.09458174,73.44949609999999,12.15390235,13.12303155,0,0,3,4
Temuco,Chile,634,0.6831,91.5323,1994.7149,4.0118,74.1904,1.075697693,9.482285402,1943.8989760000002,118.5685535,2.869458593,-38.728998,-72.57599956,16.55,4259.1486,351759.0,83.6518671,79.58169761,16.07058924,13.90466953,0,0,1,1
Valdivia,Chile,269,0.2784,18.1671,932.433,4.4155,70.0802,1.1251267109999998,4.390523367,950.9064007999999,123.79947040000002,2.79541109,-39.819586,-73.24521,9.93,1882.2468,158807.0,83.91774949,79.45567946,14.18855681,13.94889904,0,0,1,4
Osorno,Chile,450,0.4712,44.4871,1740.8861,5.4372,94.8936,1.075278266,4.607272316,1054.335606,134.7510472,2.8559050669999997,-40.56666548,-73.15000137,15.8,2440.26,156253.0,79.08584793,73.63354177,14.42665102,13.73772968,0,0,1,1
Puerto Montt,Chile,576,0.3439,31.0101,1334.9909,3.7460000000000004,72.959,1.087442413,4.133509992,941.8496197999999,132.2342645,2.760877132,-41.47499693,-72.95200159999999,11.98,3890.3616,222276.0,80.81350259,75.45387659,11.10511682,10.90714733,0,0,1,1
Punta Arenas,Chile,186,0.0105,2.114,1463.6029999999998,3.6931,101.0942,1.090509007,0.226577692,64.89546102,166.39533590000002,2.987715517,-53.16616806,-70.93465171,4.42,2565.9072,126849.0,87.3097615,82.48849212,9.321799945,10.54448721,0,0,2,2
Apartado,Colombia,43,0.0783,3.4725,367.7264,3.1913,116.9186,1.083376661,3.040933478,445.8102714,85.44227734,2.962525667,7.900000107,-76.65000138,0.0,518.8509,153319.0,71.31782946,67.68701707,4.532843737,4.417694854,0,0,2,2
Medellin,Colombia,543,0.5699,1542.3277,10391.5472,7.5022,66.4517,1.141507644,21.32852425,4264.106849,115.24018810000001,2.858787537,6.240996044,-75.59199866,0.0,14141.6748,3498683.0,81.60176007,80.21689888,6.011238293,5.290007313,1,1,3,3
Barranquilla,Colombia,349,0.7059,1708.6777,7553.6585,4.0317,64.6677,1.025662496,36.24051699,5473.541203,86.27767131,3.172308156,10.963889,-74.796389,0.0,11184.4728,1898007.0,83.1146122,81.05303391,12.15697862,10.69770933,1,0,3,3
Cartagena,Colombia,301,0.3603,265.5649,3286.2795,5.7829999999999995,242.2291,1.0501871740000002,14.01156051,2252.164075,93.23566572,2.8840198860000004,10.41399896,-75.53400259,0.0,6750.526999999999,1011830.0,83.3458102,81.53124614,10.79997651,10.16112508,1,0,3,3
Tunja,Colombia,46,0.1193,1.9526,116.3285,3.1275,122.9436,1.089282788,6.4631226779999995,1343.267187,121.95032759999998,2.9103565369999997,5.546996963,-73.36199664,0.0,647.4592,195143.0,87.63455871,84.52566096,8.154102836,9.171405672,0,0,2,1
Manizales,Colombia,128,0.1427,13.4633,699.2786,4.8246,97.1059,1.27222144,5.473375827000001,1170.713081,125.77112930000001,2.92503044,5.0688889999999995,-75.5175,0.0,1727.1936,439610.0,81.50328277,80.65146688,7.2238348210000005,7.367109075,0,0,2,4
Florencia,Colombia,112,0.0472,3.2418,768.0702,3.8357,185.0827,1.1523202259999998,0.37939035600000004,90.21700082,136.85263769999997,2.916820702,1.60599601,-75.61500271,34.0,1002.2432,157494.0,68.77291263,68.96209706,9.313193691,8.791208791,0,0,2,2
Yopal,Colombia,191,0.0769,4.7226,788.8295,2.9607,162.403,1.12799368,1.219931046,383.3319892,180.189941,3.070479492,5.349999932,-72.38333121,0.0,1486.6294,123368.0,77.54384274,76.11861898,7.753082132,7.60143811,0,0,2,2
Popayan,Colombia,170,0.35200000000000004,38.9243,954.2424,4.251,78.6953,1.1183877290000002,5.552003182000001,1068.536629,112.4834592,3.0032520330000003,2.420001028,-76.60400372,31.4,1969.739,265839.0,81.48194992,77.69209136,11.92700209,12.04281654,0,0,1,1
Valledupar,Colombia,211,0.05,15.7304,2271.5563,4.6306,116.7267,1.052409441,1.310833558,283.7315798,121.71012579999999,3.279589472,10.4833,-73.25,35.5,2923.4683,403444.0,78.22779935,77.37991382,9.875335064,8.820519381,0,0,2,2
Quibdo,Colombia,76,0.0211,1.7317,709.8233,4.3536,370.1319,1.075058714,0.116658317,25.37788418,118.58188510000001,2.585690516,5.699999753999999,-76.63333116,49.2,878.8488,114524.0,71.60618679,69.09525231,13.48609794,8.96348211,0,0,2,2
Monteria,Colombia,258,0.0833,11.878,1522.7614,4.1865,117.5562,1.067156415,1.520555585,347.8095513,130.2404888,3.164830991,8.748056,-75.881389,31.0,2416.041,409542.0,78.87252177,76.77621203,6.280949704,7.049184761,0,0,2,2
Bogota,Colombia,1728,0.5665,3456.4248,25413.8532,6.2521,65.4451,1.066487235,21.19131231,3306.944857,91.15625116,2.898188161,4.630220967,-74.08051163,0.0,41486.1696,8546797.0,87.03828184,85.12493664,6.608494685,6.345364023999999,1,0,4,3
Neiva,Colombia,212,0.1035,30.5667,2073.6957,6.3797,103.2299,1.054238548,3.152132336,452.4669655,83.35714738,3.2822994569999997,2.928995997,-75.28400064,0.0,3017.8836,360268.0,78.74539890000001,78.39704880000001,9.428987617999999,6.132461161,0,0,1,2
Riohacha,Colombia,135,0.0439,5.4001,1060.4336,3.1857,162.7007,1.036164563,0.857766865,205.1083613,132.44511210000002,3.279125384,11.55200394,-72.89800164,45.5,1567.7145,213091.0,80.00320847,78.80877075,9.448468417,9.396682746,0,0,2,2
Santa Marta,Colombia,298,0.0687,11.7568,1159.9342,3.8258,89.5415,1.097076559,1.6459807690000001,315.5962908,108.3386419,3.05330772,11.25000007,-74.18099661,0.0,4397.3178,578682.0,78.8076412,79.00104075,12.03329628,10.51873411,0,0,2,2
Villavicencio,Colombia,564,0.4297,26.7392,978.3313,3.5668,92.5683,1.064004967,4.011460177,738.2844707,106.63638770000001,2.8841972589999996,4.149998972,-73.63999759999999,19.8,3587.6604,431521.0,78.73335087,78.29810149,7.1714885289999994,6.330035177,0,0,1,1
Pasto,Colombia,131,0.1093,18.5459,1251.6818,4.7682,85.6006,1.12920471,3.383602638,594.9694556,103.3215749,2.943820225,1.213611,-77.281111,23.0,1775.967,411697.0,80.77271231,75.89394388,10.007570900000001,9.342010864,0,0,2,4
Cucuta,Colombia,349,0.2581,152.2782,2988.3182,5.7438,76.2035,1.090589598,6.973410694,1681.665019,133.9226481,3.053486918,7.891002001,-72.50300058,0.0,6890.9352,768841.0,71.00865578,70.83417022,4.232816936,3.405624157,0,0,1,1
Armenia,Colombia,240,0.7134,69.6579,1108.8109,6.065,70.4033,1.097033888,12.10537034,1866.792538,89.231325,2.807509881,4.5309959719999995,-75.69800071,0.0,2113.464,364538.0,75.49170536,76.13929493,9.232176697,8.574660633999999,0,0,1,3
Pereira,Colombia,483,0.3951,49.4,1675.6370000000002,7.1907,74.7879,1.205512034,5.011485728,1238.174835,141.5748633,2.887934505,4.813333,-75.696111,0.0,3604.2426,717354.0,75.95013682,74.29412931,5.163405922,4.69199964,1,0,1,4
Barrancabermeja,Colombia,253,0.2044,23.5927,1214.9160000000002,4.2298,82.7828,1.094416228,1.766244079,448.7925023,144.0740714,2.9309433960000004,7.050000223,-73.86666861,0.0,2403.0952,191498.0,78.31888259,74.11394959,12.92950198,9.801516015,0,0,2,2
Bucaramanga,Colombia,494,0.4015,110.6311,2366.534,6.2084,77.1284,1.2311503990000001,7.74818278,2089.20616,153.9850004,2.790433557,7.125278,-73.119722,0.0,5751.889,1074918.0,79.92458103,79.02728208,6.515279232,5.605998746,1,0,1,4
Sincelejo,Colombia,75,0.2673,91.7758,1499.6104,4.8163,71.6308,1.0497637979999999,13.89746369,2190.756293,90.41088617,3.03295731,9.306999005,-75.39200057,32.4,1716.93,256255.0,73.44278707,72.4786797,10.22046697,9.47040977,0,0,1,3
Ibague,Colombia,233,0.1693,32.0864,1503.7798,4.9658,88.5637,1.185139118,5.813890641,1112.821379,126.7969396,2.645108696,4.440996029,-75.24399562,17.3,2936.8718,526527.0,80.96694623,80.97586676,8.147147061,8.40483545,0,0,1,4
Buenaventura,Colombia,215,0.0316,2.2883,969.6271,4.9579,133.5332,1.143081644,0.202666154,59.1681066,155.429916,2.643363728,3.88333317,-77.06666553,0.0,1606.6735,362764.0,70.52555502,68.18924324,10.52537559,9.012909951000001,0,0,2,4
Cali,Colombia,818,0.503,843.2658,9347.5104,6.0494,70.3641,1.068930197,14.26244211,2377.743772,97.94075564,3.119293425,3.456999081,-76.52199564,0.0,14670.6664,2532281.0,83.37874709999998,79.68185281,6.848501867,6.082346919,1,0,3,3
Cartago,Colombia,60,0.24600000000000002,22.6662,656.3637,4.5997,69.7236,1.056261732,3.106445256,705.4607574,128.7552239,3.06370876,4.733171178,-75.91626969,0.0,842.22,128544.0,70.81297849,69.62891763,7.571292184,6.48826054,0,0,2,1
Palmira,Colombia,479,0.4755,22.5606,867.6149,3.4606,97.3564,1.09107555,3.927971711,996.3412825999999,148.5297509,3.055854643,3.5333333469999997,-76.2833327,0.0,2619.2678,294570.0,79.97669484,77.44375009,6.099017176,6.158220025,0,0,1,1
Tulua,Colombia,90,0.1007,12.2811,898.9425,4.0963,95.6792,1.188862749,2.846900256,618.6733697000001,125.7440199,3.190424766,4.089525,-76.19611,0.0,1221.03,199264.0,73.54559748,73.06747947,7.523384455,5.958391365,0,0,2,4
Duitama,Colombia,141,0.228,8.9123,488.0915,3.514,81.1055,1.158627067,4.032570028,1043.5259640000002,144.49917480000002,2.684132182,5.833333543999999,-73.03333267,0.0,1129.0434,139736.0,84.79308166,81.52671264,5.808062532,3.492133107,0,0,2,4
Girardot,Colombia,277,0.7801,11.6727,293.0015,3.3583,81.2694,1.077913704,8.082982003,1448.414372,102.8641603,2.8800801369999998,4.300000149,-74.81666551,0.0,1414.6113,139155.0,77.85226206,74.62333249999999,5.7150255229999996,3.87168828,0,0,1,1
Fusagasuga,Colombia,176,0.9009999999999999,32.944,584.2883,4.0222,78.1291,1.075331709,6.46837326,1352.293786,120.71148529999999,2.8774445889999996,4.342222252,-74.36166369,0.0,1101.4256,121535.0,76.84940078,76.75654084,5.66416956,5.248812398,0,0,1,1
Buga,Colombia,106,0.1272,6.9915,629.101,3.5824,116.9436,1.047766227,1.936023015,311.8421597,91.88039879,3.1712062260000002,3.9000001419999997,-76.30000302,0.0,926.1008,116101.0,79.62578792,78.42594424,6.735900172000001,5.973931932999999,0,0,2,2
Sogamoso,Colombia,161,0.6125,25.7836,469.4545,4.027,73.145,1.15403065,7.150776317999999,1780.168923,141.0628763,2.864610111,5.716666727000001,-72.93333429,0.0,1443.6065,131355.0,84.10785539,79.47068612,8.667000931,8.874801902,0,0,1,4
Chimbote,Peru,126,0.068,21.1708,1209.5544,4.746,101.8275,1.033207354,3.5028065539999997,564.325948,136.0109317,3.1547720189999997,-8.930097026,-78.45314361,21.05,3243.6936,364471.0,65.39274578,61.18901104,5.4726485270000005,4.2229692619999994,0,0,2,1
Huaraz,Peru,102,0.1328,8.6925,624.4821,4.2534,82.7493,1.379159135,1.967395651,574.9292218999999,200.1302995,2.961733258,-9.533333721,-77.53333269,15.79,1069.2048,128041.0,63.80948893,54.93601463,6.970147705,6.074900765,0,0,2,4
Arequipa,Peru,370,0.1209,216.957,7040.5389,8.8506,73.3826,1.075882711,7.539656472999999,1185.795743,127.4543271,3.03980516,-16.39800007,-71.52299957,17.91,9430.19,869967.0,73.05743581,68.39492527,6.186176392999999,5.782432367,0,0,3,1
Ayacucho,Peru,81,0.2588,76.2951,1381.4948,4.2411,91.0826,1.156810186,15.37857116,2685.016795,100.0629669,3.088310737,-13.17300306,-74.22100163,45.08,1728.54,187591.0,63.30465656,55.323324,5.042478183,4.75192455,0,0,1,3
Cajamarca,Peru,255,0.3583,30.3387,1014.398,4.3368,91.8117,1.264160896,3.5233786819999997,1296.8725259999999,423.52984630000003,3.0448740080000003,-7.162001931,-78.51099570000001,31.31,2128.689,261147.0,57.55494114,46.62155347,5.510320015,4.3344721680000005,0,0,1,4
Cusco,Peru,91,0.2758,291.8953,2912.281,5.8759,68.7531,1.147425022,14.68189109,3045.423886,119.8133473,2.876902035,-13.52600105,-71.98700367,23.97,3307.3222,400582.0,71.63505907,66.28528100000001,3.670273248,3.763090427,0,0,3,3
Huanuco,Peru,45,0.0504,11.6844,918.8031,5.306,96.81,1.2171901379999999,2.509636881,570.2112437999999,94.63441888,2.9354473389999995,-9.925001995,-76.23099858,37.67,1135.17,207545.0,57.10147269,51.85136925,5.740201719,5.939086294,0,0,2,4
Chincha Alta,Peru,146,0.1367,20.7546,1048.0982,4.6401,100.9138,1.045727983,2.938490905,718.461563,316.8788658,2.966892809,-13.44999966,-76.1333312,9.31,2114.9122,184360.0,65.7159582,58.77878215,3.88691796,4.176454194,0,0,2,2
Ica,Peru,342,0.0825,6.3407,862.2660000000001,4.5586,102.8035,1.0490815409999998,1.4956965519999998,299.0562128,166.0296269,3.0061945660000005,-14.06400299,-75.7439997,9.73,3047.1174,308729.0,69.94988665,67.72287825,3.707467077,4.521310231,0,0,2,2
Pisco,Peru,78,0.175,9.2815,321.2368,3.0461,91.631,1.041860871,6.014898701,946.600343,96.34528857,3.161042432,-13.69999974,-76.21666711,11.19,1288.17,105376.0,66.18901117,62.18501571,6.005994755,6.872476447,0,0,2,1
Huancayo,Peru,274,0.4025,210.4155,3002.1806,8.2274,66.8281,1.076177525,9.990216712999999,1939.4660559999998,137.06991509999997,3.056431113,-12.07500293,-75.21100166,27.16,4771.71,456029.0,67.13131355,60.44687437,5.131252583999999,4.504007804,0,0,3,1
Chiclayo,Peru,294,0.502,159.3013,2045.5677,3.6412,81.0309,1.022665543,13.94456802,2074.173498,135.81731499999998,3.213165426,-6.762996005,-79.8370017,22.51,4560.8514,679021.0,64.17199966,60.05179723,5.118985443,5.1559949210000005,0,0,1,3
Lima,Peru,805,0.26899999999999996,8493.0262,43874.5237,11.6628,63.2496,1.042087235,38.56378328,5619.943025,92.79641051,3.053393495,-12.08199594,-77.0450036,17.38,57928.0415,9177654.0,73.66953794,69.35882222,3.5532136339999996,3.748788926,1,1,4,3
Trujillo,Peru,340,0.2745,301.6178,4641.5947,4.765,77.9421,1.025452858,11.04791826,1778.9082170000001,138.68237290000002,3.243549701,-8.111667,-79.028056,21.67,8048.684,877596.0,65.40547471,61.76308875,4.078262038,3.871263315,0,0,3,1
Iquitos,Peru,314,0.0539,13.9256,2499.4012,5.1007,64.2045,1.046897336,0.5335792189999999,127.87082009999999,133.10214779999998,2.739878788,-3.7529999960000002,-73.19099658,30.22,3244.9388,447467.0,61.95567047,56.70732028,6.427647543,5.21370056,0,0,1,2
Piura,Peru,311,0.0886,29.5821,2472.7255,6.2837,93.6018,1.039365807,2.362182995,441.9103751,156.6370885,3.099337029,-5.1939989330000005,-80.62499666,23.49,4198.6866,482925.0,63.80622837,59.593663,5.939704699,5.0403707419999995,0,0,1,2
Sullana,Peru,195,0.0738,4.9808,702.2643,3.5365,129.5255,1.0574977620000001,1.300726007,313.22105939999994,175.6515801,3.1808538160000004,-4.88583778,-80.68310076,31.03,1873.3455,246449.0,55.44756746,52.80205424,5.324957127,5.402555776,0,0,2,2
Juliaca,Peru,173,0.2132,86.6421,2377.5655,5.3381,73.5545,1.0211198590000001,5.559990122,1202.688089,121.086019,3.2367111289999997,-15.49999988,-70.1333312,40.93,2956.9506,255347.0,65.0765942,54.43427553,7.542216678,6.467792337000001,0,0,1,1
Puno,Peru,31,0.0674,18.4939,774.6274,4.3675,70.5257,1.073840085,3.403889157,662.9700937999999,123.16289640000002,3.060724234,-15.83333294,-70.03333272,36.1,1098.361,134578.0,72.52585439,65.15580273,6.461126005,5.974630021,0,0,2,1
Tarapoto,Peru,132,0.3076,39.2888,1115.615,4.3702,73.6017,1.067377545,4.24540083,942.194597,240.56662340000003,3.178484108,-6.501388891,-76.36555465,16.75,1511.0964,134476.0,63.67302808,58.38894185,3.1486932480000003,3.0723949189999997,0,0,1,4
Tacna,Peru,164,0.0459,29.0779,2851.4368,5.8036,86.1345,1.026559185,2.435022074,422.6591577,103.0992447,3.207956989,-18.01800003,-70.25100264,13.61,3639.6848,281541.0,70.32476984,63.99816192,6.797119503999999,5.915639925,0,0,1,2
Tumbes,Peru,65,0.2323,27.901999999999997,659.2646,4.3266,70.8412,1.058170215,7.341304627,1202.621165,119.01409270000002,2.9756813419999997,-3.5666665139999996,-80.46666705,20.64,1184.4885,127656.0,60.67264574,57.83089345,5.120364346000001,5.124990782,0,0,1,1
Pucallpa,Peru,232,0.0179,10.9171,3423.9692,6.2795,62.7097,1.042044414,0.35766127700000006,81.93572703,127.91123429999999,3.1227807889999997,-8.387001005,-74.52700159999999,20.04,4131.7112,313623.0,60.72261414,56.09541875,3.840187285,3.9198720469999997,0,0,1,2
San Jose,Costa Rica,2888,0.9329999999999999,1941.2456,17494.4709,12.0148,65.3689,1.118498166,10.27256344,2442.524954,133.1389616,2.560694554,9.930474081,-84.0786206,0.0,34348.1392,2366969.0,87.16366189,85.32631699,3.482906694,3.210401891,0,0,4,3
San Miguel,El Salvador,419,0.6619,54.411,1439.5141,4.4692,71.3225,1.051203938,6.9074513820000005,1647.5517619999998,133.4120721,2.831219861,13.47299998,-88.17699568,25.15,2392.5738,239782.0,54.52588649,48.79861654,7.39212918,8.270495989,0,0,1,1
San Salvador,El Salvador,1094,1.2401,1144.9129,7158.0351,7.6973,64.1846,1.09353338,18.45978162,3662.4258670000004,111.9806267,2.582372613,13.70141095,-89.20023261,25.5,14110.958999999999,1870772.0,75.40659737,65.68459489,8.679132908,11.57681598,1,1,3,3
Santa Ana,El Salvador,297,0.7289,34.2571,739.0007,3.9441,72.0505,1.075973077,10.70335012,2388.356913,122.36785139999999,2.661456601,13.994167000000001,-89.559722,43.83,1888.8309,262958.0,60.638943299999994,54.66145239,10.79389103,6.418183617,0,0,1,3
Escuintla,Guatemala,217,0.3971,13.4988,493.5495,4.129,122.9231,1.107400343,3.457138332,1136.739608,187.8585842,2.661239079,14.30000022,-90.78333268,29.92,1494.4573,155824.9016,54.5598105,44.52549169,1.5678571430000001,0.910018711,0,0,2,4
Guatemala City,Guatemala,1516,0.8478,1215.3738,9016.5157,8.7715,67.5458,1.127988431,24.02746385,4599.832162,108.85395020000001,2.6549869,14.61800707,-90.52489769,13.4,24104.4,3158405.396,70.14586514,60.36551510000001,1.25469373,0.843522843,1,0,3,3
Quetzaltenango,Guatemala,512,2.5023,321.4902,1674.8124,6.3995,64.9414,1.080909795,20.42188837,4075.938398,113.1165517,2.743841452,14.83329601,-91.50000271,31.65,3927.7056,274430.4133,61.41083251,49.28965365,0.574037245,0.488928588,0,0,3,3
Aguascalientes,Mexico,1260,0.6915,590.3445,7253.0806,7.7808,70.5475,1.045635979,12.78373825,2262.5198570000002,103.2143361,2.9842373319999997,21.88333317,-102.3000031,40.88,14831.333999999999,930969.0,84.15476511,82.25272278,6.345554401,2.2402317480000002,0,0,3,3
Ensenada,Mexico,1481,0.0282,3.8853,1850.5986,5.4621,137.7095,1.110460016,0.289294418,110.13379170000002,238.44844980000002,2.7835529660000002,31.86666679,-116.6166686,40.1,11021.4539,460793.0,75.44728966,75.58128685,2.797311112,2.682809383,0,0,2,2
Mexicali,Mexico,1847,0.11800000000000001,133.186,8924.9875,6.4902,100.056,1.037703222,1.449255804,387.4133618,150.6809659,3.110549857,32.65499695,-115.4670027,36.9,23360.1172,932001.0,83.88811517,82.75887912,5.9939331860000005,3.143878187,0,0,3,2
Tijuana,Mexico,1410,0.3188,312.3605,5301.6832,6.4541,74.2544,1.070552865,7.7443392310000005,1668.189368,121.02515459999998,2.8128358280000003,32.5333328,-117.01667009999998,37.82,26055.813,1730591.0,86.86597496,84.35752319,7.2514366610000005,2.9863183460000005,0,0,3,1
La Paz,Mexico,713,0.045,6.8145,1609.0933,4.6134,121.9711,1.1016551540000001,0.386008006,196.2856614,284.6329316,3.095244814,24.142641,-110.312753,31.0,6707.2623,249303.0,87.33304061,87.75510204,5.4490824589999995,1.7076454330000002,0,0,2,2
Campeche,Mexico,380,0.1172,31.0277,2326.5231,4.2395,138.1372,1.060990442,1.340446415,361.9230459,157.04300690000002,3.034294936,19.830125,-90.534909,42.2,4325.388,256742.0,82.16553671,76.76238862,2.8105888,1.7841296530000001,0,0,2,2
Ciudad del Carmen,Mexico,520,0.0606,7.0104,1525.8864,3.3931,86.4694,1.0382127140000001,0.444569509,161.3251292,201.85135259999998,3.067690937,18.63333324,-91.83333582,41.6,3939.1040000000003,220687.0,79.81498892,76.31654434,5.367262005,2.330030225,0,0,2,2
Chihuahua,Mexico,1097,0.0606,108.7943,11117.1925,7.6073,97.0297,1.054367769,1.6370537019999998,396.7498442,137.39440249999998,3.1154200739999998,28.630997999999998,-106.07399960000001,41.14,17707.1158,847021.0,87.21094081,88.84752121,5.220918074,3.5110375719999998,1,0,3,2
Juarez,Mexico,728,0.2052,986.6823,14727.7035,7.218999999999999,63.9459,1.04081424,9.704975585,1768.0861940000002,103.78799029999999,3.120302109,31.691802000000003,-106.424224,52.9,23765.4144,1328246.0,84.97101301,82.35647568,7.431613181,3.6080703460000003,0,0,3,1
Cuauhtemoc,Mexico,1456,0.4035,18.0495,1060.0172,4.4041,97.6297,1.0307121540000002,1.720371044,606.6456483,190.99748369999998,3.14531784,28.41666602,-106.8666686,48.7,6144.4656,154424.0,76.85516195,79.99853344,4.006628973,1.916191821,0,0,3,2
Delicias,Mexico,394,0.7388,97.6433,1589.6038,5.4259,85.0013,1.019686104,8.691526417999999,1852.3558670000002,119.7427666,3.2302452319999997,28.18698,-105.461623,40.4,3275.913,137339.0,80.57320304,82.64265344,3.114024171,1.6484534169999998,0,0,1,1
Hidalgo del Parral,Mexico,146,0.0759,6.8246,772.4071,3.6029,114.3921,1.060989414,1.48614576,266.03345490000004,102.6690264,3.026650515,26.93333239,-105.66666399999998,57.7,1699.1042,106664.0,80.44028906,81.97962915,6.015633443,2.9572338489999996,0,0,2,2
San Cristobal de las Casas,Mexico,61,0.1548,103.5967,1940.8935,4.6135,70.0659,1.096544709,3.922886515,962.3284656999999,141.07215280000003,2.9376693769999997,16.739279999999997,-92.640196,71.1,2103.2983,186358.0,75.86929978,65.72126301,3.4369812000000004,1.0326839140000001,0,0,1,1
Tapachula,Mexico,570,0.5814,83.2637,1960.3433,4.9981,89.0701,1.075960669,4.240971794,1107.907741,146.55048469999997,2.9640516389999996,14.8999996,-92.28333266,70.0,4164.021,319567.0,70.52180739,65.49888354,5.3560933230000005,2.709004375,0,0,1,1
Tuxtla Gutierrez,Mexico,537,0.3537,307.8654,5089.2649,5.2374,76.1722,1.064151773,9.393660826,1735.3575870000002,103.3809423,2.99654587,16.74399599,-93.10899569,56.26,9184.5795,683404.0,79.73045428,73.39112204,4.63870614,2.0030687680000003,0,0,3,1
Acuna,Mexico,153,0.0133,4.9543,2031.933,4.333,159.159,1.030261661,0.37578147,66.70526667,99.54328156,3.21902378,29.323529999999998,-100.95491700000001,39.4,2795.5854,135475.0,84.65095331,80.64187756,8.018208243,3.6350744510000004,0,0,2,2
Monclova,Mexico,414,0.0819,78.7544,4875.8378,5.3328,77.2902,1.020630333,1.224681764,277.724336,124.1265078,3.0810260589999996,26.899999600000005,-101.416664,40.5,8160.6438,316334.0,88.93891137,87.47787252,6.122139895,2.7469045530000002,0,0,1,2
Piedras Negras,Mexico,400,0.2895,81.4618,2386.956,6.1966,83.9412,1.02482847,4.100436846,850.0444626,113.1283324,3.183844862,28.70000078,-100.51667009999998,42.81,4715.92,178886.0,86.00143094,84.31719583,5.623971161,3.271046498,0,0,1,1
Saltillo,Mexico,1321,0.0943,83.296,6837.8052,5.3674,110.7286,1.053111111,1.580882561,351.0844376,127.79916580000001,3.027391355,25.41799805,-100.9940036,33.01,17064.2817,820838.0,86.57851889,84.71155288,6.34390939,3.5268191410000003,0,0,3,2
Torreon,Mexico,1531,0.3014,513.9294,10783.5189,8.4843,95.8987,1.0508972429999999,6.001207057,1168.8350710000002,111.1536112,3.070902051,25.548164,-103.410261,47.83,24205.2631,1214931.0,82.48199893,82.88583696,9.487180308,4.670863253,0,0,3,1
Colima,Mexico,462,0.20199999999999999,74.2834,2833.6599,5.8069,105.9324,1.072094345,4.245846865,966.2673617999999,126.31226950000001,3.180305633,19.25099995,-103.7349986,37.17,5996.991,330435.0,82.60809694,81.98830409,4.292843058,1.987372074,0,0,1,1
Manzanillo,Mexico,370,0.2739,41.2398,1504.5523,6.8944,85.5056,1.122030545,3.884653824,1060.974166,152.7900155,2.787990558,19.04999917,-104.3333358,34.6,3702.072,160438.0,81.88457551,78.59755808,4.2568837319999995,1.483228113,0,0,1,4
Tecoman,Mexico,288,0.2407,10.6846,546.2655,3.5048,257.0438,1.076288927,2.188319582,750.9029764,186.4078707,3.117042535,18.917716,-103.876372,48.24,2340.0,141869.0,59.54753723,61.92847442,3.154719918,0.852163922,0,0,2,2
Durango,Mexico,917,0.0988,59.9628,5674.5836,5.8276,97.4169,1.06801956,1.9316395259999999,416.8997152,121.94790159999998,3.0652173910000005,24.02900103,-104.6629976,50.8,9812.3585,579719.0,83.44431262,85.12895578,6.12576149,2.9767549439999996,0,0,3,2
Acapulco de Juarez,Mexico,777,0.2196,141.7411,4848.0032,9.1387,124.111,1.132452552,2.748513093,644.7286964,134.66366000000002,2.6739284309999998,16.97437804,-99.93149956,54.38,10345.9881,859676.0,77.51157436,71.15800889,6.5817559889999995,2.862763818,1,0,3,4
Chilpancingo,Mexico,142,0.0651,17.3904,1402.9838,4.7918,285.0644,1.1442091490000001,0.9864509909999999,210.5342247,124.39781640000001,2.8012048189999996,17.55199792,-99.50100259,51.1,2702.4304,239288.0,79.11622161,74.55927722,3.9267933530000003,0.6762764379999999,0,0,2,2
Iguala,Mexico,122,0.2138,45.9272,1265.7545,5.3194,81.1053,1.0442126440000001,2.624138346,571.3707657000001,120.298631,2.919164882,18.35216262,-99.53458315,51.2,2070.1814,139808.0,77.81614816,71.69741697,3.6726730169999997,0.905475974,0,0,1,2
Celaya,Mexico,1194,0.62,137.7682,1931.4992,4.2826,130.6037,1.055209028,6.705950323,1584.578496,137.5381744,2.865658191,20.52919,-100.814097,52.41,13736.97,770819.0,76.18485818,72.37070645,7.211314408,2.4044003519999997,0,0,3,1
Guanajuato,Mexico,232,0.2288,18.2717,833.7021,6.1226,164.50599999999997,1.226128754,1.476639805,465.8336879,187.9574199,2.75,21.01666642,-101.2499999,41.7,2222.3744,171474.0,78.4319593,77.86379019,6.462377215,3.7456516460000002,0,0,2,4
Irapuato,Mexico,576,0.6768,228.9814,2663.9759999999997,4.3168,121.49,1.052383906,7.375870911,1620.1323419999999,130.6733542,2.906511309,20.678939,-101.35639499999999,50.7,7315.0848,527744.0,77.16074132,74.13971963,6.674646912999999,3.0276609810000004,0,0,3,1
Leon,Mexico,1219,0.6927,966.6917,8843.9254,6.0012,83.7983,1.058255085,14.23436892,2670.312961,110.0403899,2.9928748560000002,21.125581,-101.682354,46.32,19236.1857,1604170.0,77.26691081,74.61741025,5.7557952189999995,2.484808855,1,0,3,3
Uriangato,Mexico,162,0.5868,64.3646,926.1594,4.898,90.9945,1.052211326,7.09176076,1682.4098940000001,135.83863200000002,2.849111203,20.14999956,-101.1833343,55.74,1918.7118,110797.0,68.75643048,64.39409564,7.942874927,2.16576656,0,0,1,1
Salamanca,Mexico,453,0.5994,90.7539,1503.9605,4.5008,166.9835,1.078118383,4.681181722,1175.147409,145.7036256,2.970460048,20.56666759,-101.1999968,54.2,4560.1245,258638.0,77.12937671,73.8904767,11.74934338,3.4748259239999997,0,0,3,1
San Francisco del Rincon,Mexico,482,0.6732,43.8745,900.7519,4.6603,118.2416,1.050053879,2.4775732999999995,726.1878374,166.0118458,3.0831702539999997,21.01666642,-101.8499984,48.95,3487.511,183266.0,66.28756907,62.94313187,2.2109722080000003,1.390897964,0,0,1,2
Pachuca de Soto,Mexico,695,0.5807,365.6688,3834.4054,5.8669,79.5974,1.066209439,8.630567591,1794.736507,122.4213361,2.857629317,20.12000396,-98.75500159,39.08,11412.6645,515075.0,88.16464006,85.59715769,5.115944957,2.244653294,1,0,3,1
Tula de Allende,Mexico,780,0.8254,32.8321,380.9414,4.5511,84.6266,1.072376207,3.590662829,1194.242203,190.77449330000002,2.778451493,20.04999919,-99.34999836,50.51,8144.838000000001,287441.0,79.93095638,75.14326382,6.5903724829999994,2.95673198,0,0,1,4
Tulancingo de Bravo,Mexico,550,0.8174,48.7382,740.6589,4.3343,100.2907,1.077651614,3.559123811,978.1093611,157.4870159,3.017556431,20.090139,-98.367713,59.72,4427.885,242261.0,74.92062916,72.29635411,6.019100482000001,2.8459613439999996,0,0,1,1
Guadalajara,Mexico,1698,0.6225,7523.6067,35955.305,9.3297,65.3383,1.053752998,29.17346167,4843.6107600000005,95.4344928,2.968585045,20.67399906,-103.3440026,37.28,57080.817,4410442.0,84.9695411,83.13676274,4.159555872,2.324197819,1,1,4,3
Ocotlan,Mexico,265,0.24600000000000002,15.8017,696.0001,3.4931,132.2837,1.040687521,3.069140066,782.8808119,142.8868997,2.9784623089999998,20.3500004,-102.76667009999998,50.31,2445.3935,141571.0,72.63177408,69.33451249,4.938131457,1.86637217,0,0,2,1
Puerto Vallarta,Mexico,595,0.4097,49.7009,1147.612,4.4465,74.8216,1.09544283,7.823679147000001,1684.354775,120.2205024,2.8743750439999998,20.61666683,-105.2499999,34.29,6289.269,377777.0,81.89344022,81.39828421,5.283180326,2.677796727,0,0,1,1
Mexico City,Mexico,4360,0.5542,28205.4912,118730.6625,11.5641,64.4758,1.049819715,23.71759324,4477.3736229999995,108.2791116,2.8979776680000002,19.42704908,-99.12757465,40.09,186875.704,20014450.0,88.84317901,84.59303778,5.6799676020000005,3.459741464,1,1,4,3
Tianguistenco,Mexico,243,0.8011,19.9921,307.9291,4.438,68.4505,1.063797242,6.278857601,2184.89366,203.03919,2.937611408,19.18333244,-99.44999685,55.4,1969.4664,155690.0,81.49161247,75.29574629,3.1038443680000003,1.7355793769999999,0,0,1,4
Toluca,Mexico,2573,1.067,1744.2546,13352.9013,9.7154,70.5754,1.062259367,10.53631744,2860.3881920000003,154.7327533,2.75741581,19.28300399,-99.66670171,50.14,31501.238999999998,2009038.0,84.76654417,77.86019634,5.875425502000001,3.3969081119999998,0,0,4,3
La Piedad,Mexico,793,0.4297,9.1176,352.5326,3.7206,224.8938,1.0658167790000002,2.183568426,603.1454123999999,159.2382927,2.9184816430000002,20.346419,-102.031827,60.87,4773.5428,247553.0,63.70937584,60.45812993,10.39484012,3.386495019,0,0,2,2
Morelia,Mexico,747,0.4218,376.4919,5507.4615,6.3567,91.9536,1.069634913,12.72867747,2163.977985,98.77257476,2.936912448,19.69700406,-101.1850017,44.44,12107.2266,824863.0,79.23589736,78.58401602,5.7025813229999995,2.468506067,0,0,3,3
Uruapan,Mexico,359,0.3545,116.4105,2803.2016,6.0243,83.2491,1.067242054,6.1705047429999995,1107.614028,100.6072329,2.9898612589999995,19.41666597,-102.0666655,57.3,4205.4337,312996.0,71.54303042,71.56920276,5.423511736,1.969802347,0,0,1,1
Zamora,Mexico,200,0.4409,86.7399,1282.8745,5.849,117.6633,1.041745966,9.425905656,1545.587139,96.24751296,3.045227178,19.98333361,-102.26666999999999,55.06,3066.76,246610.0,64.27749438,61.08945379,4.8138957819999995,2.30111578,0,0,1,1
Cuautla,Mexico,645,0.6585,106.1051,1425.9688,6.7337,75.5802,1.061842226,4.451464366000001,1274.8916609999999,165.3153369,2.8249396019999997,18.7999992,-98.94999679,54.66,7288.5645,431057.0,76.26932983,72.99383239,6.306736311,1.7930133259999999,0,0,1,1
Cuernavaca,Mexico,780,0.6556,1534.726,10139.8457,6.6544,70.685,1.080743143,11.88693675,2619.090573,125.77471070000001,2.7120758210000004,18.92099707,-99.22100358,41.44,18008.093999999997,920408.0,84.90954879,80.64172398,4.77018138,3.140392233,0,0,3,3
Tepic,Mexico,401,0.1875,119.7349,3994.1504,6.6188,92.8307,1.0827775,5.536125876,953.9976522,98.17286206,3.0318059689999997,21.50800195,-104.8969976,32.99,6412.3108,425063.0,79.88535891,82.30476598,4.510368612,1.332667225,0,0,1,1
Monterrey,Mexico,2693,0.3859,3319.0652,34443.7479,8.2998,71.2856,1.063397666,14.07660593,2434.602286,103.1825374,3.0031839889999996,25.677,-100.3169966,27.74,67249.8653,4150525.0,88.38110571,86.27785597,5.938434964,2.924138483,1,1,4,3
Oaxaca de Juarez,Mexico,349,0.5788,883.4471,5110.4733,8.1442,73.4898,1.043534742,14.19991077,2954.443439,120.6724045,2.9026031000000003,17.06200197,-96.71399962,44.12,10423.6179,600964.0,85.77460527,78.89827219,3.455287194,1.3724459269999998,0,0,3,3
San Juan Bautista Tuxtepec,Mexico,353,0.4024,16.6031,554.8511,4.1777,111.7792,1.094281757,1.726034835,674.3582183999999,217.81766780000004,2.83747412,18.10000039,-96.11666855,52.6,2624.8374,155850.0,68.21290114,64.46208738,4.50095057,3.097437612,0,0,1,2
Santo Domingo Tehuantepec,Mexico,234,0.1522,22.4844,1027.3491,5.2191,185.8476,1.068152044,4.006934348,931.0100160000001,129.858507,2.7640084860000003,16.33333399,-95.2333297,50.57,3365.6454,161855.0,74.09392293,65.15695067,7.7242609579999995,1.9584255609999999,0,0,2,1
Puebla de Zaragoza,Mexico,2196,0.8177,2971.9473,16291.5048,8.6072,68.5703,1.042275355,15.52555173,3643.009929,132.6257728,2.867024771,19.04863495,-98.19294263,56.94,48991.662000000004,2856084.0,84.86541421,79.11575927,4.527635639,2.6540466659999997,1,0,4,3
Tehuacan,Mexico,286,0.4421,140.2125,2054.3681,4.9191,79.207,1.021890676,6.117063327,1191.407687,109.4452118,3.0903548880000002,18.465448000000002,-97.40476600000001,66.58,4415.411,295198.0,72.98744343,67.7998319,2.9115551510000004,1.055602007,0,0,1,1
Teziutlan,Mexico,146,0.606,1.3703,58.9675,2.8566,117.6223,1.104248834,8.000726789,2061.470845,147.4411483,2.602146416,19.81666765,-97.34999843,62.82,559.8954,119460.0,72.91964873,67.30919673,2.625578664,1.2484604190000002,0,0,1,1
Queretaro,Mexico,1299,0.6327,1103.0430000000001,9703.6091,7.4012,86.575,1.07042728,13.80025098,2570.984054,109.3503024,2.787225468,20.58299993,-100.3869986,36.17,23338.3536,1091781.0,86.50240158,82.39868057,5.786687357999999,3.4957122739999997,0,0,3,3
San Juan del Rio,Mexico,491,0.6369,116.5727,1445.4793,4.6546,76.8673,1.090069329,3.7595112389999996,1062.135891,166.7976918,2.9630075189999996,20.38333319,-99.99999992,49.3,6217.2875,242224.0,81.31400523,78.31796327,5.82278092,2.476723024,0,0,1,1
Cancun,Mexico,656,0.2148,173.4573,5591.106,5.648,70.0938,1.0601972579999999,4.2690137969999995,920.3572675,123.8086345,2.9303418530000003,21.159944,-86.851741,32.69,9474.936,674363.0,85.89551299,81.48100473,3.4900055610000003,1.460401805,0,0,3,1
Chetumal,Mexico,902,0.0564,3.5492,1215.7334,3.6106,110.7231,1.09066169,0.45004317200000005,169.8223483,208.06247439999999,3.269839292,18.49799701,-88.2909987,49.0,4667.0382,243286.0,73.42347498,71.66695258,3.003497545,0.794462835,0,0,2,2
Playa del Carmen,Mexico,331,0.1565,9.9078,829.0317,4.3651,74.8179,1.06740806,2.301084007,536.0826168000001,130.8180986,2.883084577,20.643828,-87.068435,28.7,2527.7477,158599.0,86.57169845,83.36221837,3.1382718830000003,1.234739179,0,0,2,2
Culiacan,Mexico,1536,0.2436,104.5278,4174.8591,4.7504,111.5996,1.057007083,3.24110246,766.9479619,133.2181696,3.0568300969999997,24.80499892,-107.38600159999999,40.3,15785.3184,855033.0,77.66085119,78.09342875,6.117855809,3.05027048,0,0,3,1
Los Mochis,Mexico,944,0.2363,49.0854,2261.369,4.9637,105.6704,1.042865471,3.030891669,717.4091362,133.2527906,3.148598471,25.76666642,-108.96666709999998,42.1,8672.6224,415242.0,79.7165114,80.30783742,5.753406684,3.616673102,0,0,1,1
Mazatlan,Mexico,366,0.1445,101.4849,3986.6974,6.5605,119.7121,1.08539371,5.321868232,935.8736597999999,102.1961394,3.148508825,23.36150697,-106.27000159999999,38.5,6447.3462,435998.0,81.0018188,82.60905128,5.029930299,1.810038042,0,0,1,1
Ciudad Valles,Mexico,460,0.1898,18.7364,1356.9267,4.6143,103.6708,1.056899869,1.810062475,490.24286770000003,151.95064630000002,3.128506067,21.98333364,-99.01667012,53.2,3346.04,166963.0,74.4947318,73.41084163,4.021885199,1.986622342,0,0,2,2
Rio Verde,Mexico,319,0.08900000000000001,3.5213,424.7955,4.166,213.169,1.092286238,0.573638482,320.4176247,314.3767812,2.944288577,21.93333241,-99.9833297,70.86,2969.7305,134275.0,58.36347639,63.79913563,7.3519783,3.532799551,0,0,2,2
San Luis Potosi,Mexico,748,0.4186,1265.6515,12377.7151,6.4619,77.777,1.0413745970000001,11.19910462,1948.61982,100.4884506,2.908276468,22.151997,-100.9799997,41.68,18273.5652,1036142.0,87.90578559999999,84.95023545,6.8826697139999995,2.7841631889999996,0,0,3,3
Obregon,Mexico,742,0.1522,49.5766,2985.125,4.8635,124.5596,1.051260227,2.138149004,511.414835,136.7634595,3.1300222260000004,27.479791,-109.93466699999999,36.1,8098.7074,405480.0,72.8477735,84.53321405,5.169659901,3.886740283,0,0,1,2
Guaymas,Mexico,459,0.0537,6.8802,1091.0393,4.6836,158.3499,1.046999985,0.975159276,260.1378716,149.7986618,3.0197588410000002,27.93333241,-110.9000014,36.66,5387.6502,202104.0,80.46727399,82.95294697,7.176718221000001,3.5921168619999997,0,0,2,2
Hermosillo,Mexico,1417,0.0836,101.1191,9805.8787,7.2406,124.074,1.055032857,1.262129651,339.04383989999997,149.806882,2.993579267,29.09400307,-110.9619987,33.0,17484.0796,776032.0,85.890109,86.47262792,7.190293863,3.836592959,0,0,3,2
Navojoa,Mexico,530,0.1887,22.5394,1585.3747,4.814,135.8374,1.040764939,2.024962397,566.6853563,155.3059049,3.1492970660000004,27.10000044,-109.43333429999998,47.5,3993.4970000000003,156866.0,77.71846579999999,80.44903778,6.948779613999999,3.5855612389999996,0,0,2,2
Nogales,Mexico,116,0.066,66.367,3119.7966,6.644,71.0261,1.080842283,1.8677065780000002,446.1425038,135.7732677,2.66989843,31.33333404,-110.93333429999998,37.9,3736.9748,216325.0,89.73868131,87.02128812,7.731418918999999,4.482681813,0,0,1,2
San Luis Rio Colorado,Mexico,385,0.0434,27.6595,4320.103,4.4226,91.5216,1.026031293,0.919565448,241.2515307,137.7913091,3.632356362,32.48333356,-114.800003,43.0,5683.678000000001,176420.0,77.24991561,77.13295705,8.061565916000001,4.143705412,0,0,1,2
Villahermosa,Mexico,1328,0.5893,164.7029,3401.6705,8.6349,79.1364,1.103195845,2.954946568,1070.899486,205.451086,2.7511054219999997,17.97599701,-92.93699661,44.93,10910.184,753111.0,83.73709037,82.46147327,3.24340003,2.04888187,0,0,3,4
Victoria,Mexico,438,0.2993,177.9283,4176.3724,4.8524,70.4553,1.0319360770000001,5.560983887999999,1029.57772,105.6704973,3.101894965,23.73333359,-99.13333118,36.0,6235.4556,319421.0,83.16033147,81.54148901,5.071292776,1.917370024,0,0,1,1
Matamoros,Mexico,562,0.1213,115.3809,6092.638000000001,5.8207,80.6585,1.04787837,2.8840603330000003,672.6008638999999,135.6048003,3.116241393,25.88333324,-97.49999993,54.0,8774.6184,487709.0,79.68140705,81.26143231,5.824105952000001,3.304305975,0,0,3,1
Nuevo Laredo,Mexico,452,0.3693,187.6007,3173.2143,5.0869,72.453,1.024767198,8.02594313,1524.758843,106.95728020000001,3.261942453,27.50000003,-99.51667008,44.3,7236.7008,382528.0,85.04094204,82.61639966,5.704208701000001,3.848906253,0,0,1,1
Reynosa,Mexico,957,0.2023,198.4285,6545.7758,7.646,110.2315,1.046310419,3.19548395,852.7218497000001,153.9707344,3.0887414110000004,26.08333397,-98.28333266,44.33,14339.1138,725314.0,82.32273066,78.8308734,4.781128869,2.0396633680000003,0,0,3,1
Tampico,Mexico,1027,0.1944,146.1989,5071.6714,5.4377,89.0508,1.078186809,2.7900639760000003,758.2552842,152.20304299999998,3.13933745,22.24323907,-97.84262663,46.05,15225.8912,857403.0,83.66245149,81.56356485,8.06789429,3.8477621060000002,0,0,3,1
Tlaxcala,Mexico,815,1.1511,228.202,1880.5385,7.4907,67.815,1.050357095,14.68709004,3895.739372,152.29105259999997,2.863322343,19.31000398,-98.23699769,61.29,8591.4855,501655.0,87.61871856,82.91280375,5.50144117,2.6448744509999997,0,0,3,3
Acayucan,Mexico,234,0.2821,5.7526,288.5007,2.7506,203.3894,1.06854809,1.896973807,655.3321059,188.5745274,3.0160289560000004,17.949410999999998,-94.917532,70.44,1654.0992,115302.0,63.58603221,56.02875055,4.463743254,2.256220059,0,0,2,2
Coatzacoalcos,Mexico,364,0.7324,202.6463,1715.9293,4.2072,68.4213,1.051143415,14.27458837,2789.259059,110.313864,3.0412408319999997,18.14999963,-94.41666397,46.17,5869.1724,345886.0,83.43178216,75.87337058,6.217126712000001,2.3890723719999998,0,0,1,3
Cordoba,Mexico,362,0.7862,121.3725,1412.6714,5.2021,94.7479,1.062011441,11.42335776,2574.227688,126.10218290000002,2.860232945,18.88333322,-96.93333428,51.82,3956.0446,312568.0,78.0558254,72.23120285,4.982161542,3.2543111839999996,0,0,1,3
Minatitlan,Mexico,770,0.2628,32.955,1688.6261,4.7884,99.6508,1.102341325,1.371522235,598.4743082,242.1479711,2.85078125,17.990329,-94.55119300000001,51.95,5718.713000000001,357470.0,75.18336601,65.76171819,5.639335816,2.710830879,0,0,1,2
Orizaba,Mexico,309,0.4985,217.8909,2627.9699,6.8506,74.006,1.094520385,6.344873743,1769.502993,153.56069019999998,3.1174176780000002,18.85000043,-97.09999835,57.98,5139.1953,426259.0,77.5246046,73.22197972,5.904010146,2.328681324,0,0,1,1
Poza Rica de Hidalgo,Mexico,1171,0.4199,67.9163,2313.4243,6.1455,113.3029,1.07331231,5.093896835,1111.837097,121.86336509999998,2.766855907,20.536174,-97.45803000000001,55.51,8186.8123,514312.0,73.87699207,69.3937595,4.25322707,1.726072184,0,0,3,1
Veracruz,Mexico,1060,0.6457,391.8633,5130.7734,5.4426,78.6284,1.04687734,9.6499189,1849.049454,109.05681809999999,3.099296282,19.18500308,-96.12299657,41.05,12538.104,811296.0,81.61663216,78.80812369,4.167101023,2.353099771,0,0,3,1
Xalapa,Mexico,577,0.6654,296.8394,3344.6626,5.329,84.5074,1.095202768,14.98182894,3013.0045649999997,115.16981750000001,2.733513351,19.533333,-96.916667,43.83,7696.2568,662797.0,80.95362773,78.15628369,3.4405402310000004,1.64586739,0,0,3,3
Merida,Mexico,951,0.6218,1468.9016,11805.2653,7.3239,68.3431,1.033865839,19.99557316,4014.9998840000003,115.40665800000001,3.144416333,20.98299594,-89.62800257,39.11,19030.5561,968815.0,83.52402837,78.64177845,2.67975846,1.9636195730000001,0,0,3,3
Fresnillo,Mexico,635,0.1247,7.5151,780.9719,3.5526,314.6371,1.052158857,0.546313919,231.04432059999996,237.5496923,3.15370019,23.16666596,-102.8833312,66.3,4900.93,212231.0,69.74687652,75.98915184,4.146684455,2.482300885,0,0,2,2
Zacatecas,Mexico,541,0.3757,31.8131,916.4303,4.7465,102.546,1.060760758,4.31381063,915.5959247999999,122.9880872,2.8953379010000004,22.76399694,-102.5549997,46.94,4998.2449,310453.0,82.78398147,83.16822463,5.639179338,2.2271180530000003,0,0,1,1
Chinandega,Nicaragua,257,0.134,3.6112,480.941,3.9878,98.8623,1.085051716,1.0439651509999999,396.7081776,213.390016,2.910339257,12.61666679,-87.15000140000001,0.0,1440.0995,198568.0,35.76429864,35.67373768,3.140280085,2.603009599,0,0,2,2
Esteli,Nicaragua,159,0.2013,9.6565,734.7032,3.9249,90.2982,1.0892785729999999,2.14739047,479.92500880000006,128.93878490000003,3.032290616,13.08333301,-86.34999835,0.0,1038.2382,112084.0,38.44906657,42.75029424,2.7339222189999997,2.477042049,0,0,2,2
Leon,Nicaragua,249,0.3083,17.4546,893.8011,4.4331,90.4494,1.062794981,3.199543119,884.029552,156.37404019999997,2.9491143319999997,12.43299608,-86.88099568,0.0,1577.2407,174051.0,49.36356404,47.11501285,4.142682961,2.662383221,0,0,1,1
Managua,Nicaragua,1269,1.2068,843.6098,6963.0599,6.3768,64.6432,1.052418544,15.71754807,2875.842698,105.01339809999999,2.873823163,12.132778,-86.25027800000001,0.0,12739.9986,1120366.0,60.95698639999999,54.97088342,3.778438748,3.318698651,0,0,3,3
Masaya,Nicaragua,253,1.7243,49.0466,708.8212,2.9678,80.4881,1.054554774,6.5091837439999995,1903.0887260000002,174.02882169999998,2.999080882,11.96666618,-86.09999837,0.0,1015.289,139582.0,42.4561777,39.67572576,2.395022356,1.7533224530000002,0,0,3,1
Panama City,Panama,1792,0.5316,422.7938,6039.8232,6.957999999999999,67.7598,1.086311585,5.696549,1465.58443,144.31763869999997,2.609170554,8.966666233,-79.53333273,11.95,23597.056,1745067.0,92.42048054,91.34369658,5.79735278,8.267682115,1,1,3,1
Colon,Panama,465,0.4589,28.028000000000002,982.5781,6.8448,79.5479,1.1456381979999999,1.771067207,734.8339785000001,232.5660934,2.600080873,9.359167145,-79.90139005,11.39,2890.347,211961.0,91.38348301,90.80395521,8.185269552000001,12.79180635,0,0,1,4
David,Panama,592,0.7054,47.5053,996.5367,4.7097,71.7551,1.052098646,4.954379323,1440.420384,163.7815995,2.802032367,8.433333379,-82.43333429,11.5,4000.9728,209078.0,86.83021909,87.51846005,6.710256661,9.206927985,0,0,1,1
