COUNTRY,L1,BECTUAREA,BECNURBPTCH,BECPTCHDENS,BECAWMNSHPINDX,BECAWMNNNGH,BECEFFMESHSIZE,BECAWAVGPTCHAREA,BECTPOP,BECPOPDENS,BECPRSBRT,BECPRSSUBWAY,BECADCRCTYAVG,BECADINTDENS,BECADSTTDENS,BECADSTTLGAVG,BECADSTTPNODEAVG,LAT,LONG,POP,AREA,DENSPOP,BRT,SUBWAY,PM2.5,Unnamed: 30,Unnamed: 31,Unnamed: 32,Unnamed: 33,Unnamed: 34,Unnamed: 35,Unnamed: 36,Unnamed: 37,Unnamed: 38,Unnamed: 39,URBAN_PROF,TRANS_PROF
Argentina,Bahia Blanca,5936.8518,198,1.9180000000000001,5.1609,61.0614,1612.1203,2803.2783,268038.7724,4514.831475,0,0,1.013586192,6.048770848999999,1172.6384289999999,109.3890794,3.446932378,-38.72527197,-62.27405962,268038.7724,5936.8518,4514.831475,0,0,9.400847458,,,,,,,,,,,2,4
Argentina,Mar del Plata,9243.5409,153,1.1238,6.8723,60.8413,5883.8861,8666.1085,560467.5151,6063.342779,0,0,1.011338131,7.587916216,1457.473841,102.7986175,3.6069511419999998,-37.979858,-57.589794,560467.5151,9243.5409,6063.342779,0,0,6.241869919,,,,,,,,,,,3,2
Argentina,San Nicolas de los Arroyos,2481.7488,48,1.1257,4.3717,60.5104,957.0535,1644.4314,122770.5207,4946.933440999999,0,0,1.01921511,5.92690905,1131.306722,107.0183523,3.2696879639999996,-33.345709,-60.218393999999996,122770.5207,2481.7488,4946.933440999999,0,0,9.716981132,,,,,,,,,,,1,4
Argentina,Tandil,2258.19,90,2.4748,4.4081,61.6375,1149.8336,1851.7128,102734.6236,4549.42337,0,0,1.018716751,6.067776272000001,1254.2680560000001,117.8570918,3.434689507,-37.31666545,-59.15000144,102734.6236,2258.19,4549.42337,0,0,6.546080616,,,,,,,,,,,1,4
Argentina,Catamarca,4251.42,108,1.5594,5.031000000000001,61.3476,1478.1669,2408.0371,190076.4706,4470.893738000001,0,0,1.021081615,8.796351657,1427.158541,92.53913769,3.236149698,-28.46600099,-65.78099958,190076.4706,4251.42,4470.893738000001,0,0,9.882079851,,,,,,,,,,,2,2
Argentina,Cordoba,24499.7781,523,1.3933,10.0482,61.5329,13325.4181,20415.9092,1400567.0669999998,5716.64694,1,0,1.027608666,7.902857441,1369.3967539999999,99.32804347,3.2442413039999995,-31.31600392,-64.17999863,1400567.0669999998,24499.7781,5716.64694,1,0,6.315639472999999,,,,,,,,,,,3,4
Argentina,Rio Cuarto,3436.3836,101,1.8097,3.5725,61.5381,1122.9911,1823.8973,109630.8898,3190.3017059999997,0,0,1.014933276,7.953419882,1449.189162,104.4502561,3.377185119,-33.122964,-64.348885,109630.8898,3436.3836,3190.3017059999997,0,0,6.63948832,,,,,,,,,,,1,2
Argentina,Resistencia,5611.7646,153,1.6994,7.0272,60.5938,2899.8367,4652.2583,373266.17299999995,6651.487374,0,0,1.019646026,10.56507887,1658.408786,88.32277421,3.225080386,-27.45700194,-58.98699862,373266.17299999995,5611.7646,6651.487374,0,0,8.471590909,,,,,,,,,,,2,2
Argentina,Comodoro Rivadavia,2086.383,65,2.0012,3.7419,60.8755,1186.7536,1847.5514,90017.96637000001,4314.552784,0,0,1.019961501,9.860154471,1455.7076550000002,85.07995763,3.279434058,-45.82999795,-67.49999964,90017.96637000001,2086.383,4314.552784,0,0,3.0602925869999997,,,,,,,,,,,1,2
Argentina,Corrientes,4436.8192,64,0.9548,4.092,61.0919,2651.6628,4006.1634,336421.3091,7582.487212000001,0,0,1.015970217,10.15281746,1601.376043,88.85135052,3.3327294689999998,-27.486998999999997,-58.81799661,336421.3091,4436.8192,7582.487212000001,0,0,9.505928854,,,,,,,,,,,2,2
Argentina,Buenos Aires,194130.5288,3716,1.2272,14.1341,60.6668,90937.8694,141842.005,14346208.25,7389.983515999999,1,1,1.0164087309999998,6.728766004,1290.05958,106.3986059,3.355518719,-34.62249601,-58.449833700000006,14346208.25,194130.5288,7389.983515999999,1,1,12.26116208,,,,,,,,,,,4,4
Argentina,Concordia,2455.6488,44,1.1582,4.1818,60.4195,1411.8088,2184.1771,122469.7898,4987.265686,0,0,1.014581325,9.238612296,1478.420351,89.25520319,3.375035221,-31.39999947,-58.03333272,122469.7898,2455.6488,4987.265686,0,0,6.828955798,,,,,,,,,,,1,2
Argentina,Parana,4885.468,140,1.7075,4.7401,60.9331,1948.9687,3270.9485,218639.3842,4475.298879999999,0,0,1.021352117,6.570638242,1207.722904,107.5855841,3.174937073,-31.733333000000002,-60.533333,218639.3842,4885.468,4475.298879999999,0,0,7.440486169,,,,,,,,,,,2,4
Argentina,Formosa,2899.2576,96,1.7515,4.6636,62.0132,990.0905,1871.7179999999998,240611.2431,8299.057106999999,0,0,1.013819315,8.164769498,1488.334063,102.8659567,3.3182761,-26.18299803,-58.17699864,240611.2431,2899.2576,8299.057106999999,0,0,9.493666493,,,,,,,,,,,1,2
Argentina,Jujuy,2994.5718,66,1.2844,5.0738,60.9195,919.8392,1578.3758,238054.5929,7949.541768000001,0,0,1.0350087,12.06385272,1859.013706,90.76499818,3.179011304,-24.18333227,-65.30000304,238054.5929,2994.5718,7949.541768000001,0,0,9.432888888999999,,,,,,,,,,,1,3
Argentina,Santa Rosa,2852.1012,46,1.0364,5.6902,60.2833,1734.2685,2698.8151,107004.0849,3751.764836,0,0,1.011868822,8.768484918,1499.490192,98.2770316,3.4455569460000004,-36.61666476,-64.2833327,107004.0849,2852.1012,3751.764836,0,0,6.018491991,,,,,,,,,,,2,2
Argentina,La Rioja,4031.284,94,1.445,5.2028,62.3908,1955.1728,3155.0252,174036.0889,4317.142172,0,0,1.020463045,8.904341612,1477.034556,96.54703178,3.2374674760000004,-29.41299893,-66.85499664,174036.0889,4031.284,4317.142172,0,0,7.68190023,,,,,,,,,,,2,2
Argentina,Mendoza,18546.0216,456,1.4935,9.395,61.3404,8639.6698,14223.2745,898296.4269,4843.6049490000005,0,0,1.028456451,6.25338826,1132.255364,104.94274209999999,3.063503509,-32.89699806,-68.83000158,898296.4269,18546.0216,4843.6049490000005,0,0,12.57670333,,,,,,,,,,,3,4
Argentina,San Rafael,2411.1037,79,1.8938,5.6313,64.4794,1064.0484,1840.9746,104993.5901,4354.592927000001,0,0,1.0313832840000001,6.392005676,1186.714416,105.3028483,3.253054101,-34.59999838,-68.33333578,104993.5901,2411.1037,4354.592927000001,0,0,8.320250482,,,,,,,,,,,1,4
Argentina,Posadas,5783.6727,117,1.3127,4.0537,60.7742,2708.3075,4173.7007,306280.2595,5295.603993,0,0,1.017961388,10.328988699999998,1647.074396,92.22323633,3.25039019,-27.39799808,-55.90600168,306280.2595,5783.6727,5295.603993,0,0,8.829383886,,,,,,,,,,,2,2
Argentina,Neuquen-Plottier-Cipolletti,6182.8263,159,1.629,6.5269,61.224,2827.1368,4463.1789,282216.1126,4564.520924,0,0,1.026527854,10.34422622,1550.961266,87.88772451,3.2247789389999997,-38.944908,-68.2833326,282216.1126,6182.8263,4564.520924,0,0,8.59263115,,,,,,,,,,,2,2
Argentina,San Carlos de Bariloche,2310.57,90,2.093,4.3101,60.3125,456.9332,850.3802,101277.9585,4383.245626,0,0,1.033279287,6.08007311,1120.7587369999999,106.63113030000001,3.1208267089999997,-41.15000145,-71.30000304,101277.9585,2310.57,4383.245626,0,0,1.118924509,,,,,,,,,,,1,4
Argentina,Salta,7053.571,115,1.0302,6.6827,60.4912,3486.2713,5517.1456,481498.1089,6826.303686,0,0,1.018743631,10.3792394,1633.576727,91.74372976,3.2763049260000003,-24.783333,-65.416667,481498.1089,7053.571,6826.303686,0,0,7.940998994,,,,,,,,,,,2,2
Argentina,Santiago del Estero,6498.5394,111,1.1085,6.212000000000001,61.1866,3274.6968,5046.0155,374812.6835,5767.644479,0,0,1.012264406,8.876782755,1612.674407,103.1834401,3.3709281960000004,-27.79000206,-64.26899971,374812.6835,6498.5394,5767.644479,0,0,9.878249486,,,,,,,,,,,2,2
Argentina,Rosario,19255.5162,366,1.2313,8.1864,60.6046,8589.2969,13259.594,1100346.872,5714.454948,1,0,1.0160921920000001,7.398750307999999,1356.824757,103.3851753,3.3835505980000002,-32.93773203,-60.66393257,1100346.872,19255.5162,5714.454948,1,0,10.45023054,,,,,,,,,,,3,4
Argentina,Santa Fe,5248.0832,67,0.8291,5.0556,60.663999999999994,3169.9537,4880.9416,276964.3976,5277.4423719999995,0,0,1.0130630729999999,8.885555576,1493.597654,94.02827223,3.4003338430000003,-31.616999999999997,-60.69799771,276964.3976,5248.0832,5277.4423719999995,0,0,10.25216763,,,,,,,,,,,2,2
Argentina,San Juan,9051.8464,163,1.1951,6.0141,61.1442,5051.178,7610.868,426884.3756,4715.995594,0,0,1.028700343,7.267806636,1285.091684,101.5236056,2.956026205,-31.534002,-68.52699868,426884.3756,9051.8464,4715.995594,0,0,14.30598852,,,,,,,,,,,3,4
Argentina,San Luis,3060.2739,89,1.7943,6.0548,60.2574,1601.5772,2595.8335,147381.9927,4815.980051,0,0,1.017977326,8.61173279,1433.582537,97.01865962,3.29049377,-33.31600203,-66.34799971,147381.9927,3060.2739,4815.980051,0,0,5.953382156,,,,,,,,,,,2,2
Argentina,Villa Mercedes,2315.0688,48,1.2646,3.9186,83.3973,959.4327,1572.9951,94661.83702,4088.9405939999997,0,0,1.011162295,8.093248481,1449.14973,98.94187616,3.5109606710000003,-33.66666782,-65.46666711,94661.83702,2315.0688,4088.9405939999997,0,0,6.041418355,,,,,,,,,,,4,2
Argentina,San Miguel de Tucuman-Tafi Viejo,12940.0117,203,1.0284,5.2178,61.5767,5353.6666,8166.8568,853822.7139,6598.31062,0,0,1.02226931,7.568053888,1427.2169199999998,106.7007162,3.2025012360000003,-26.82900979,-65.21054418,853822.7139,12940.0117,6598.31062,0,0,10.81574303,,,,,,,,,,,3,4
Argentina,Rawson-Trelew,2322.9888,66,1.745,4.4164,60.5354,892.7181,1453.5419,108416.7171,4667.1194049999995,0,0,1.012983055,10.49204711,1540.025622,85.30690542,3.364550417,-43.24999986,-65.30000304,108416.7171,2322.9888,4667.1194049999995,0,0,6.668508287000001,,,,,,,,,,,1,2
Argentina,Rio Gallegos,1831.8608,28,1.0979,2.9863,60.8981,1246.9654,1735.9738,83341.85652,4549.575651,0,0,1.010181165,8.724290371,1308.091981,86.63480913,3.413687436,-51.62143498,-69.22905093,83341.85652,1831.8608,4549.575651,0,0,2.344670156,,,,,,,,,,,1,2
Brasil,Rio Branco,5139.984,240,2.786,6.632000000000001,60.5603,1914.9996,3209.5381,297016.8706,5778.54958,0,0,1.0339202840000001,8.438482197999999,1429.549946,99.45485563,2.8789363189999997,-9.979001961,-67.8120027,297016.8706,5139.984,5778.54958,0,0,8.013318687,,,,,,,,,,,2,1
Brasil,Arapiraca,2238.031,53,1.3864,5.0921,60.8472,815.7988,1393.4881,180224.4737,8052.8175980000005,0,0,1.0215786629999999,12.21952889,1855.214287,90.22599521,3.082761882,-9.749999858999999,-36.65000142,180224.4737,2238.031,8052.8175980000005,0,0,2.287162162,,,,,,,,,,,1,3
Brasil,Maceio,7030.35,255,2.0428,10.7039,61.507,3044.4088,5405.6135,931878.4653,13255.07927,0,0,1.047085918,11.90552872,1702.465381,84.39501774,2.803694995,-9.676890027999999,-35.74772063,931878.4653,7030.35,13255.07927,0,0,4.04008222,,,,,,,,,,,3,1
Brasil,Macapa,4277.8803,73,1.0745,6.8541,60.4116,2625.9538,4170.4668,348486.124,8146.234209,0,0,1.021769339,6.4464421320000005,1366.875492,116.5034592,3.139888862,0.036000079,-51.04799967,348486.124,4277.8803,8146.234209,0,0,9.953429724,,,,,,,,,,,2,4
Brasil,Manaus,22616.752,464,1.4714,6.4529,60.3504,14970.8512,20873.5357,1761732.871,7789.5118840000005,0,0,1.048737103,9.029711368,1511.319273,97.73306274,2.8613243930000003,-3.12200104,-60.01499668,1761732.871,22616.752,7789.5118840000005,0,0,6.960677966,,,,,,,,,,,3,1
Brasil,Alagoinhas,1832.3128,58,2.0045,4.8142,60.5053,1037.232,1637.9492,136331.4292,7440.41288,0,0,1.04059832,9.027107607,1440.16775,96.9521572,2.90757329,-12.117431800000002,-38.43528748,136331.4292,1832.3128,7440.41288,0,0,3.404186795,,,,,,,,,,,1,1
Brasil,Barreiras,1743.8396,34,1.1652,3.5591,60.358000000000004,551.3886,922.6426,112118.1349,6429.381993,0,0,1.0140841790000001,14.12848136,2022.0469649999998,85.35755461,3.2371884630000003,-12.13333314,-44.99999991,112118.1349,1743.8396,6429.381993,0,0,3.8145705519999997,,,,,,,,,,,1,3
Brasil,Feira de Santana,6088.677,105,1.1605,5.3939,61.5631,3823.5387,5682.0118,515867.7255,8472.570828,1,0,1.031922961,12.95411169,1900.13292,87.66134077,2.908840025,-12.24999985,-38.95000067,515867.7255,6088.677,8472.570828,1,0,3.6314623339999996,,,,,,,,,,,2,3
Brasil,Ilheus,1220.2174,67,2.4883,4.7317,61.0026,245.8957,542.6101,118859.5623,9740.830533,0,0,1.073629695,6.768470874,1298.9780660000001,110.1529882,2.77834525,-14.793497,-39.045358,118859.5623,1220.2174,9740.830533,0,0,3.394594595,,,,,,,,,,,1,5
Brasil,Itabuna,1701.0882,42,1.4452,5.0565,60.5046,839.0306,1433.3791,202318.2412,11893.44721,0,0,1.036707723,11.83796928,1714.6756050000001,84.31082719,3.0507955939999998,-14.80000013,-39.26666634,202318.2412,1701.0882,11893.44721,0,0,4.615598886,,,,,,,,,,,1,1
Brasil,Jequie,1916.37,45,1.2967,5.3660000000000005,63.2271,758.1355,1372.8901,146205.4818,7629.292973999999,0,0,1.027707312,12.89123183,1802.008613,83.56723692,3.0920078930000003,-13.86086001,-40.07677460000001,146205.4818,1916.37,7629.292973999999,0,0,2.916141002,,,,,,,,,,,1,3
Brasil,Porto Seguro,729.81,53,3.6622,3.2827,61.5912,98.1956,194.72,60401.46088,8276.326835,0,0,1.03619763,11.49908767,1623.472346,84.05296152,2.973880597,-16.43333232,-39.08333205,60401.46088,729.81,8276.326835,0,0,2.981898239,,,,,,,,,,,1,1
Brasil,Salvador,17512.896,636,1.9969,10.2384,60.7527,4744.0056,8627.455,2913784.276,16637.912330000003,1,0,1.087655797,8.724884832999999,1459.047564,97.76384073,2.622962791,-12.99300301,-38.48100264,2913784.276,17512.896,16637.912330000003,1,0,5.8183421520000005,,,,,,,,,,,3,5
Brasil,Teixeira de Freitas,2039.76,30,0.9044,5.5988,60.2799,1166.3128,1896.5963,136318.1574,6683.04886,0,0,1.018170179,13.51107661,1934.291402,82.63673574,3.295094153,-17.51279411,-39.70826834,136318.1574,2039.76,6683.04886,0,0,3.448275862,,,,,,,,,,,1,3
Brasil,Vitoria da Conquista,3651.1238,82,1.3568,6.0709,60.9337,1832.6967,3033.6985,255863.6854,7007.813641,0,0,1.017091811,13.22924681,1961.5004440000002,89.88374808,3.208070075,-14.84680876,-40.84855655,255863.6854,3651.1238,7007.813641,0,0,2.1818181819999998,,,,,,,,,,,2,3
Brasil,Fortaleza,36137.1929,899,1.5046,9.4863,60.5741,14710.9289,24323.2777,3113381.144,8615.456068000001,1,1,1.027951735,9.493412424,1534.238325,94.27656295,3.048260209,-3.782997054,-38.58900257,3113381.144,36137.1929,8615.456068000001,1,1,4.415464867,,,,,,,,,,,4,2
Brasil,Juazeiro do Norte,4260.8667,131,1.7404,6.3277,60.4212,1230.5419,2173.8195,341418.3781,8012.879484,0,0,1.013325038,10.91911196,1735.7047969999999,91.44838638,3.20438846,-7.199999683,-39.33333203,341418.3781,4260.8667,8012.879484,0,0,2.43597561,,,,,,,,,,,2,2
Brasil,Sobral,1230.39,36,1.7076,4.125,60.3364,536.696,919.6185,133235.5879,10828.72812,0,0,1.028425856,14.64592144,1999.4058329999998,80.06285983,3.216715976,-3.699999885,-40.34999839,133235.5879,1230.39,10828.72812,0,0,3.507188039,,,,,,,,,,,1,3
Brasil,Brasilia,27106.3395,1035,2.1577,7.1069,60.8648,3258.1633,5765.5712,1678663.108,6192.891421,1,1,1.067004283,8.843593002999999,1394.430575,95.97830944,2.731040728,-15.79211094,-47.89774766,1678663.108,27106.3395,6192.891421,1,1,5.762704276,,,,,,,,,,,3,1
Brasil,Cachoeiro de Itapemirim,1369.4384,68,2.0947,4.8941,62.6034,169.9311,402.827,132116.3558,9647.473113,0,0,1.093627156,11.23641025,1919.529965,105.65820729999999,2.8575757580000003,-20.85000031,-41.09999843,132116.3558,1369.4384,9647.473113,0,0,6.304635762,,,,,,,,,,,1,1
Brasil,Guarapari,1690.9209,69,2.1885,4.2014,60.9848,244.1508,455.2292,79409.54277,4696.232984,0,0,1.0374122129999999,8.006314785,1312.190786,95.17014835,2.955659277,-20.66666592,-40.49999989,79409.54277,1690.9209,4696.232984,0,0,5.1745098039999995,,,,,,,,,,,1,1
Brasil,Linhares,1752.0296,46,1.5043,3.6046,60.3204,506.7528,884.442,110856.4895,6327.316857,0,0,1.015059798,9.447219106,1526.644166,90.64143841,3.216420598,-19.41666592,-40.06666551,110856.4895,1752.0296,6327.316857,0,0,4.190332326,,,,,,,,,,,1,2
Brasil,Vitoria,11599.2828,252,1.3408,8.5551,60.3803,4534.2981,7347.2791,911780.5535,7860.6583120000005,0,0,1.04560528,10.78187125,1608.942012,87.70673525,2.9371282510000003,-20.319444,-40.337778,911780.5535,11599.2828,7860.6583120000005,0,0,6.7299444,,,,,,,,,,,3,1
Brasil,Anapolis,6673.4064,179,1.5498,6.8574,60.7219,2493.8745,4316.1259,318875.9222,4778.305577,0,0,1.026722004,9.600432977,1655.873136,103.08963709999999,3.146970905,-16.33333394,-48.96666708,318875.9222,6673.4064,4778.305577,0,0,6.916018662999999,,,,,,,,,,,2,2
Brasil,Goiania,35191.2756,988,1.6808,10.2823,62.2246,12113.0309,20233.3965,1817107.235,5163.518542,1,0,1.032779959,9.901975992,1692.0932559999999,102.5427027,3.2206428660000004,-16.678611,-49.253889,1817107.235,35191.2756,5163.518542,1,0,7.094932432,,,,,,,,,,,4,2
Brasil,Rio Verde,2803.8592,58,1.2806,5.6017,60.446999999999996,1484.5528,2397.9955,147335.3723,5254.7335570000005,0,0,1.018170899,11.67144775,1940.9558690000001,93.80890398,3.4537634410000004,-17.7166671,-50.93333432,147335.3723,2803.8592,5254.7335570000005,0,0,7.238268665,,,,,,,,,,,2,2
Brasil,Caxias,1862.6424,68,2.1427,6.2838,60.523,988.2410000000001,1683.7725,130263.9416,6993.511444,0,0,1.025338367,8.729011949,1453.2608400000001,98.67635583,3.068054444,-4.833333377,-43.34999844,130263.9416,1862.6424,6993.511444,0,0,6.1643672689999995,,,,,,,,,,,1,2
Brasil,Imperatriz,3326.22,75,1.3823,6.0866,60.8526,1927.1924,3143.5376,216306.8807,6503.084003,0,0,1.016866241,9.087150514,1505.636258,92.79754977,3.086900685,-5.533333232,-47.48333345,216306.8807,3326.22,6503.084003,0,0,6.855480984,,,,,,,,,,,2,2
Brasil,Sao Luis,15092.4536,563,2.1,11.5299,60.5337,6543.340999999999,11623.0985,1046921.915,6936.721484999999,0,0,1.032509565,9.540559757999999,1534.683873,95.84631857,2.975967673,-2.514996058,-44.30099657,1046921.915,15092.4536,6936.721484999999,0,0,6.384436702,,,,,,,,,,,3,1
Brasil,Cuiaba,16083.9982,458,1.6444,9.1544,60.9545,4996.602,8652.3405,762331.4671,4739.691253,0,0,1.0398522,9.081997761,1544.1724179999999,100.22256690000002,3.0819276089999996,-15.61500007,-56.09300368,762331.4671,16083.9982,4739.691253,0,0,9.655939299,,,,,,,,,,,3,1
Brasil,Rondonopolis,4960.9746,162,2.0168,4.6124,60.9882,2193.9882,3552.3249,179902.66199999998,3626.3533020000004,0,0,1.020252288,9.808598802999999,1703.415225,100.24948590000001,3.361299639,-16.4666671,-54.63333497,179902.66199999998,4960.9746,3626.3533020000004,0,0,8.146924829,,,,,,,,,,,2,2
Brasil,Campo Grande,17981.1775,365,1.3074,8.5804,61.195,8927.7199,13861.4681,767181.7757,4266.579552,1,0,1.023053114,9.845817091,1675.17491,98.62685672,3.280699653,-20.45099705,-54.61599566,767181.7757,17981.1775,4266.579552,1,0,6.065387349,,,,,,,,,,,3,2
Brasil,Dourados,4161.1479,91,1.3684,5.0635,60.643,2087.2922,3335.6947,173782.4991,4176.309413,0,0,1.010791459,9.140174636,1683.9745070000001,101.2749944,3.4342545330000003,-22.21666713,-54.79999914,173782.4991,4161.1479,4176.309413,0,0,6.932643935,,,,,,,,,,,2,2
Brasil,Araguari,2269.89,20,0.5637,4.6717,60.5089,1356.0999,2119.5076,99708.15415,4392.642557,0,0,1.018222524,10.3827279,1693.1084079999998,94.19684251,3.33282767,-18.63333309,-48.18333425,99708.15415,2269.89,4392.642557,0,0,8.272571673,,,,,,,,,,,1,2
Brasil,Barbacena,1434.6891,47,1.8389,6.2671,60.4237,718.413,1279.8125,102237.4848,7126.102839,0,0,1.0607762840000001,8.478900533,1496.431185,107.0077213,2.9106561189999995,-21.23333345,-43.76666626,102237.4848,1434.6891,7126.102839,0,0,7.8612368020000005,,,,,,,,,,,1,1
Brasil,Belo Horizonte,46416.7488,752,1.0888,8.0333,60.505,20533.5197,30554.5503,3904065.686,8410.892971,1,1,1.042005714,8.859135149,1576.675224,105.0397441,3.0354757789999995,-19.85200198,-43.90900169,3904065.686,46416.7488,8410.892971,1,1,6.817929293,,,,,,,,,,,4,1
Brasil,Conselheiro Lafaiete,2019.6869,77,2.2449,5.2181,60.8117,895.2609,1520.3997,105827.9275,5239.810443,0,0,1.042036198,9.009068097,1480.805815,96.89158882,2.9551902,-20.66666592,-43.79999905,105827.9275,2019.6869,5239.810443,0,0,7.2786377710000005,,,,,,,,,,,1,1
Brasil,Divinopolis,3743.46,120,1.7622,7.2872,64.1016,1424.4123,2591.1606,195600.8187,5225.1344659999995,0,0,1.025127517,8.575456335,1512.210892,95.82343612,3.2866432339999996,-20.144425,-44.888616,195600.8187,3743.46,5225.1344659999995,0,0,8.744680851,,,,,,,,,,,1,2
Brasil,Governador Valadares,3445.5564,92,1.5909,5.2752,61.0773,1209.1554,2029.3875,248859.4972,7222.613951,0,0,1.041961747,9.665255757999999,1538.316302,95.19368972,3.1322410769999998,-18.85000028,-41.93333427,248859.4972,3445.5564,7222.613951,0,0,5.166832669,,,,,,,,,,,1,1
Brasil,Ipatinga,3704.7573,73,1.1711,5.6553,61.0001,1757.2174,2956.5853,255618.4419,6899.7301290000005,0,0,1.0584011229999999,7.857288507000001,1407.979842,108.3858176,3.023336214,-19.49999995,-42.53333271,255618.4419,3704.7573,6899.7301290000005,0,0,6.135802469,,,,,,,,,,,2,1
Brasil,Itabira,1453.9502,41,1.7047,5.1718,61.0323,812.6114,1344.2418,74049.26952,5092.972215,0,0,1.073536593,8.979169014,1445.493541,96.89177167,2.9889741130000003,-19.61666666,-43.21666706,74049.26952,1453.9502,5092.972215,0,0,5.535747447,,,,,,,,,,,1,1
Brasil,Juiz de Fora,5052.424,169,1.8142,6.6533,61.0547,1284.2123,2367.8251,431558.8967,8541.627511,1,0,1.094819755,6.398531005,1262.247951,118.2447594,2.792253521,-21.74999986,-43.33333199,431558.8967,5052.424,8541.627511,1,0,8.342147436,,,,,,,,,,,2,5
Brasil,Montes Claros,5122.6196,106,1.2587,6.1288,61.9756,2540.8495,4177.0141,348171.0809,6796.738405,0,0,1.018455356,11.43159133,1810.18967,91.23818182,3.231110101,-16.71666708,-43.86666485,348171.0809,5122.6196,6796.738405,0,0,3.1665011589999996,,,,,,,,,,,2,2
Brasil,Passos,1711.17,20,0.6994,4.8102,60.3669,1011.3323,1690.0043,101763.2943,5947.000839,0,0,1.02031022,11.26249911,1748.873752,90.61405417,3.274023769,-20.71666715,-46.61666482,101763.2943,1711.17,5947.000839,0,0,9.720448662999999,,,,,,,,,,,1,2
Brasil,Patos de Minas,2507.9388,53,1.3059,4.7462,61.6695,1417.3798,2293.7178,126886.6544,5059.397529999999,0,0,1.01737584,11.41732888,1746.45126,90.62219444,3.223702999,-18.58333385,-46.53333268,126886.6544,2507.9388,5059.397529999999,0,0,6.392817882,,,,,,,,,,,1,2
Brasil,Pocos de Caldas,2025.6311,43,1.2368,5.6069,63.875,1052.0186,1805.5906,110080.2262,5434.369862,0,0,1.051739115,7.792727137000001,1329.6161339999999,101.94275379999999,2.970588235,-21.7999991,-46.56666547,110080.2262,2025.6311,5434.369862,0,0,11.18987342,,,,,,,,,,,1,1
Brasil,Pouso Alegre,1700.82,50,1.5982,6.4311,62.7693,776.1276,1427.6509,105433.1329,6198.958906,0,0,1.029178516,11.54167843,1651.526849,83.16820397,3.016182117,-22.21666713,-45.93333434,105433.1329,1700.82,6198.958906,0,0,11.41894737,,,,,,,,,,,1,1
Brasil,Sete Lagoas,4105.1718,79,1.2439,5.2533,60.4131,2490.0556,3852.1537,187916.2045,4577.549882,0,0,1.0217061040000002,8.568915963,1530.144484,105.3567282,3.227981373,-19.45000071,-44.23333353,187916.2045,4105.1718,4577.549882,0,0,7.255411255,,,,,,,,,,,2,2
Brasil,Teofilo Otoni,1124.4596,44,1.9873,7.1808,60.8225,482.8419,950.7278,120244.0306,10693.49115,0,0,1.06373596,9.070393178,1591.290568,105.9434406,2.861622698,-17.85240045,-41.50020028,120244.0306,1124.4596,10693.49115,0,0,3.082340195,,,,,,,,,,,1,1
Brasil,Uberaba,5236.2888,94,1.1201,5.4562,62.523,2609.6091,4182.2101,268838.4052,5134.138964,1,0,1.0230832159999999,11.78795741,1894.2946989999998,94.95505302,3.2670947389999996,-19.74999993,-47.91666782,268838.4052,5236.2888,5134.138964,1,0,9.614930734,,,,,,,,,,,2,2
Brasil,Uberlandia,10928.893,307,1.8503,6.1507,60.3534,5461.1891,8290.9047,541553.3444,4955.250167,1,0,1.021210487,9.48781959,1709.9672059999998,105.5805551,3.2834410739999997,-18.91666586,-48.29999908,541553.3444,10928.893,4955.250167,1,0,8.846589301,,,,,,,,,,,3,2
Brasil,Varginha,1981.71,36,1.0641,5.0957,61.5875,993.1489,1695.4209,116381.5849,5872.785871,0,0,1.0342713620000001,10.83929039,1693.841684,93.10182636,3.141193595,-21.54937127,-45.43381735,116381.5849,1981.71,5872.785871,0,0,9.32173913,,,,,,,,,,,1,2
Brasil,Belem,19266.183,543,1.8452,9.4244,60.355,11080.5857,16924.4353,1819187.648,9442.374231,1,0,1.033664117,8.156717856,1397.584417,99.91038258,2.8792584310000002,-1.4390009519999998,-48.49800256,1819187.648,19266.183,9442.374231,1,0,9.641918902999999,,,,,,,,,,,3,1
Brasil,Castanhal,2344.4964,81,2.0438,5.1175,60.4867,1139.6655,1926.5377,151012.7524,6441.1496,0,0,1.010819294,10.22486883,1725.199197,96.28961689,3.254672245,-1.299999948,-47.91666782,151012.7524,2344.4964,6441.1496,0,0,8.958083832,,,,,,,,,,,1,2
Brasil,Maraba,2509.02,72,1.6971,4.3228,64.0193,615.3478,1040.4935,161088.7671,6420.385932,0,0,1.0229921370000001,9.080405283,1600.932912,100.76937420000002,3.0892410339999996,-5.349999782,-49.11666481,161088.7671,2509.02,6420.385932,0,0,6.148582996,,,,,,,,,,,1,2
Brasil,Parauapebas,1513.8912,48,1.8333,3.9497,60.9313,454.4678,786.0043,108641.9912,7176.346445,0,0,1.020651845,11.36149377,1885.9558579999998,95.20152348,3.217972521,-6.067018074,-49.89224971,108641.9912,1513.8912,7176.346445,0,0,6.045187689,,,,,,,,,,,1,2
Brasil,Santarem,3233.7867,93,1.8466,3.6642,60.7364,1330.6860000000001,2072.4126,228836.5159,7076.418564,0,0,1.0123639229999999,9.360570333,1660.891691,102.083634,3.320138545,-2.4599970669999998,-54.61000168,228836.5159,3233.7867,7076.418564,0,0,9.26671737,,,,,,,,,,,1,2
Brasil,Campina Grande,4173.84,68,1.079,4.9845,60.672,2565.5769,3873.7025,338539.9924,8110.995927,0,0,1.023403088,12.35017082,1875.815569,90.16362158,3.100014391,-7.216666551,-35.88333503,338539.9924,4173.84,8110.995927,0,0,2.9363891489999996,,,,,,,,,,,2,3
Brasil,Joao Pessoa,13445.8212,399,1.7936,7.9266,60.637,4670.3629,7727.2095,991085.2836,7370.9545689999995,1,0,1.026651879,10.16569693,1616.980991,95.98053109,3.099823633,-7.115,-34.863056,991085.2836,13445.8212,7370.9545689999995,1,0,4.591304348,,,,,,,,,,,3,2
Brasil,Apucarana,1887.0282,67,1.8844,6.4241,60.7057,633.9408,1194.4403,109649.0927,5810.670349,0,0,1.019696627,8.618257468,1528.911497,102.1654055,3.2127588510000002,-23.54768832,-51.48157463,109649.0927,1887.0282,5810.670349,0,0,8.425149701,,,,,,,,,,,1,2
Brasil,Arapongas,1868.491,61,1.931,5.3698,60.4849,948.6273,1603.8157,93423.89237,4999.967479999999,0,0,1.021742698,8.71583944,1496.377772,100.884,3.142270351,-23.3833331,-51.45000073,93423.89237,1868.491,4999.967479999999,0,0,8.588394062,,,,,,,,,,,1,2
Brasil,Cascavel,5675.3142,106,1.1437,6.9344,60.8603,2929.1333,4783.3515,268750.437,4735.431844,0,0,1.015028708,7.211209282,1467.3579630000002,111.6816132,3.299924528,-24.95000075,-53.46666711,268750.437,5675.3142,4735.431844,0,0,6.813397129,,,,,,,,,,,2,4
Brasil,Curitiba,47451.3863,1073,1.4822,7.7801,61.1536,18419.6142,28101.1978,2525278.273,5321.818131,1,1,1.033440701,6.716535744,1259.4356970000001,105.0960919,2.8990771060000005,-25.43000402,-49.28499866,2525278.273,47451.3863,5321.818131,1,1,8.812631088,,,,,,,,,,,4,4
Brasil,Foz do Iguacu,5494.951,154,1.7652,4.505,61.5358,2031.0904,3224.7614,237639.8496,4324.695393999999,0,0,1.025890982,7.2053455,1468.271451,116.1988709,3.176442385,-25.54999908,-54.58333195,237639.8496,5494.951,4324.695393999999,0,0,11.00456621,,,,,,,,,,,2,4
Brasil,Guarapuava,3145.6816,62,1.2505,5.6505,60.6887,1813.9955,2859.2019,140169.9181,4455.949686,0,0,1.02488907,8.122454786,1417.151866,98.71482441,3.22113943,-25.38333313,-51.45000073,140169.9181,3145.6816,4455.949686,0,0,6.067929925,,,,,,,,,,,2,2
Brasil,Londrina,9950.31,270,1.5843,7.3208,62.1118,2338.5597,4005.4543,577966.5056,5808.52763,1,0,1.023649496,9.342017831,1593.996619,102.692603,3.119495184,-23.29999907,-51.15000141,577966.5056,9950.31,5808.52763,1,0,9.255447381,,,,,,,,,,,2,2
Brasil,Maringa,8272.251,195,1.3889,8.8748,61.1292,3874.1261,6575.4012,425036.1808,5138.0902049999995,0,0,1.014506607,8.748422612999999,1654.042257,107.2765351,3.2868018130000003,-23.41666589,-51.91666779,425036.1808,8272.251,5138.0902049999995,0,0,9.550500455,,,,,,,,,,,3,2
Brasil,Paranagua,2545.019,85,1.9131,5.3808,62.0019,1073.2893,1873.7207,136146.1822,5349.513252000001,0,0,1.022822178,5.857029539,1072.768374,103.70005809999999,2.9263306310000003,-25.51666629,-48.49999992,136146.1822,2545.019,5349.513252000001,0,0,11.72413793,,,,,,,,,,,1,4
Brasil,Ponta Grossa,6308.3776,214,2.022,7.9817,61.3613,2936.6189,4926.8901,276263.2975,4379.313475,0,0,1.027450582,7.512066967999999,1397.481912,103.8962946,3.191325898,-25.08333391,-50.15000139,276263.2975,6308.3776,4379.313475,0,0,8.051490515,,,,,,,,,,,2,4
Brasil,Toledo,2322.0904,74,1.7876,4.8461,61.2242,814.8124,1452.5521,102084.945,4396.252728,0,0,1.015324837,10.37006949,1629.909242,89.50402137,3.2334519569999998,-24.73333346,-53.74999988,102084.945,2322.0904,4396.252728,0,0,7.370892018999999,,,,,,,,,,,1,2
Brasil,Caruaru,3102.48,62,1.2332,5.4008,61.6841,1637.485,2653.5029,267114.9297,8609.722856,0,0,1.022848717,15.65609602,2147.126888,81.42837259999999,3.088343212,-8.283333725,-35.96666707,267114.9297,3102.48,8609.722856,0,0,2.941952507,,,,,,,,,,,2,3
Brasil,Garanhuns,1251.8086,34,1.5062,5.4367,60.9214,639.2873,1152.7763,117481.5116,9384.931546,0,0,1.015121371,14.01205601,1929.4736070000001,81.90860307,3.2224244630000003,-8.899999451000001,-36.48333347,117481.5116,1251.8086,9384.931546,0,0,2.507894737,,,,,,,,,,,1,3
Brasil,Petrolina,4462.29,100,1.2508,6.1326,62.6495,1197.2979,2145.2161,400787.5488,8981.656251999999,0,0,1.0171951940000001,14.649384099999999,2088.763405,86.55039853,3.157055698,-9.399999512,-40.49999989,400787.5488,4462.29,8981.656251999999,0,0,3.212434095,,,,,,,,,,,1,3
Brasil,Recife,31895.4018,849,1.704,9.7008,60.3455,13222.4,20654.3265,3305128.012,10362.40687,1,1,1.043528873,9.142997155,1446.283613,93.35773569,2.870460925,-8.084996967999999,-34.9149956,3305128.012,31895.4018,10362.40687,1,1,5.50257732,,,,,,,,,,,3,1
Brasil,Vitoria de Santo Antao,898.6505,11,0.7759,3.8486,60.0855,548.6204,865.54,115604.0847,12864.194590000001,0,0,1.024012912,17.28056764,2073.8301149999998,70.4083021,2.908938313,-8.116666724,-35.29999906,115604.0847,898.6505,12864.194590000001,0,0,3.006557377,,,,,,,,,,,1,3
Brasil,Parnaiba,1958.307,65,1.8413,4.2763,60.8601,778.6163,1403.5418,131811.4944,6730.879913,0,0,1.014347785,10.97931258,1818.0621190000002,94.37031,3.305965741,-2.909166491,-41.77472298,131811.4944,1958.307,6730.879913,0,0,5.805633802999999,,,,,,,,,,,1,2
Brasil,Teresina,12788.1793,269,1.2687,6.2128,60.6169,3195.5189,5298.3755,855654.0337,6690.970604,1,1,1.01438733,10.97371333,1773.173354,93.75668291,3.2597963739999996,-5.104998015,-42.80200157,855654.0337,12788.1793,6690.970604,1,1,6.353954581,,,,,,,,,,,3,2
Brasil,Angra dos Reis,671.2188,42,2.6938,4.0231,61.7347,149.3933,347.0219,53742.77861,8006.730820999999,0,0,1.0788298570000001,8.381641904,1259.50887,86.05010299,2.5936896330000003,-22.99999985,-44.29999911,53742.77861,671.2188,8006.730820999999,0,0,10.80972222,,,,,,,,,,,1,5
Brasil,Araruama,4595.8446,174,1.579,8.4537,61.6917,1419.1152,3402.7361,130875.9804,2847.699128,0,0,1.033951029,6.544722494,1233.181627,111.9080557,2.857047695,-22.88333314,-42.33333198,130875.9804,4595.8446,2847.699128,0,0,12.01002227,,,,,,,,,,,2,4
Brasil,Cabo Frio,2509.9227,81,1.7202,5.0284,60.7243,469.5105,880.8542,133726.5016,5327.918882,0,0,1.031929385,9.117137495,1412.0789029999999,93.99621442,2.899468454,-22.88333314,-42.01666631,133726.5016,2509.9227,5327.918882,0,0,12.77030812,,,,,,,,,,,1,1
Brasil,Campos dos Goytacazes,4477.049,58,0.7678,5.7513,61.5648,1912.2593,3226.7189,316872.6784,7077.711404000001,0,0,1.024914994,8.707962558,1476.5960630000002,100.3607838,2.97553935,-21.761967000000002,-41.315938,316872.6784,4477.049,7077.711404000001,0,0,8.325101685,,,,,,,,,,,2,1
Brasil,Macae,2348.8203,51,1.1893,7.11,60.7319,931.1783,1700.0479,142806.4598,6079.923529,0,0,1.03784204,8.530947693,1341.193787,94.24682477,2.830579596,-22.380389,-41.791002,142806.4598,2348.8203,6079.923529,0,0,9.867537313,,,,,,,,,,,1,1
Brasil,Nova Friburgo,1143.3569,203,3.3235,4.7683,66.8194,45.5633,243.4038,158368.6996,13851.1667,0,0,1.165667228,3.821570698,916.9120987,137.5835746,2.47357513,-22.26666626,-42.53333271,158368.6996,1143.3569,13851.1667,0,0,8.614443084,,,,,,,,,,,4,5
Brasil,Petropolis,724.944,120,4.2256,3.5239999999999996,66.9437,14.0909,55.1986,144331.2622,19909.13335,0,0,1.128571596,6.43791329,1152.6605439999998,110.0608009,2.451456311,-22.4999999,-43.16666782,144331.2622,724.944,19909.13335,0,0,8.084165478,,,,,,,,,,,4,5
Brasil,Resende,1806.0319,67,1.9659,5.7312,62.7971,663.3404,1251.7753,96356.65294,5335.274217,0,0,1.0587600940000002,7.241239408999999,1283.460556,108.12731809999998,2.992083333,-22.4666671,-44.45000071,96356.65294,1806.0319,5335.274217,0,0,10.77459016,,,,,,,,,,,1,1
Brasil,Rio de Janeiro,83100.8475,1395,1.1309,11.0857,60.5213,31228.5659,46352.9657,8908528.693,10720.1389,1,1,1.045203844,8.323533792000001,1461.590469,103.0971662,2.823767223,-22.72157103,-43.45518559,8908528.693,83100.8475,10720.1389,1,1,13.82273052,,,,,,,,,,,4,1
Brasil,Teresopolis,1327.7688,237,3.5496,5.0863,65.0965,83.6686,420.7308,135672.2152,10218.050959999999,0,0,1.220652806,2.9287293830000003,827.9128795,157.60978899999998,2.419392984,-22.416239,-42.973407,135672.2152,1327.7688,10218.050959999999,0,0,8.111275963999999,,,,,,,,,,,4,5
Brasil,Volta Redonda,5355.3565,169,1.8071,6.6206,60.618,1486.1963,2595.2737,383173.3326,7154.950042,0,0,1.100284066,6.309735797999999,1155.488974,110.62335959999999,2.805199025,-22.53333269,-44.11666482,383173.3326,5355.3565,7154.950042,0,0,10.98268755,,,,,,,,,,,2,5
Brasil,Mossoro,3184.5583,77,1.3827,6.3432,60.9231,1475.3226,2579.8549,237088.7691,7444.945898000001,0,0,1.02234406,14.05846009,2032.461682,85.9305376,3.176953526,-5.19138901,-37.34472264,237088.7691,3184.5583,7444.945898000001,0,0,4.011183049,,,,,,,,,,,2,3
Brasil,Natal,12038.5896,248,1.0816,5.2645,61.5718,2025.9198,3858.5805,1052842.754,8745.572599,1,0,1.04040021,12.554210099999999,1839.563266,87.56468549,3.041086524,-5.805999041000001,-35.21099672,1052842.754,12038.5896,8745.572599,1,0,4.093080725,,,,,,,,,,,2,3
Brasil,Caxias do Sul,5273.3667,219,2.2889,7.6153,61.1904,1633.0927,2963.1074,383193.2689,7266.572779000001,1,0,1.0383196129999999,8.483160235,1399.6235880000002,95.71238366,2.879916272,-29.16666591,-51.1833343,383193.2689,5273.3667,7266.572779000001,1,0,5.249009247,,,,,,,,,,,2,1
Brasil,Passo Fundo,3484.8912,112,1.9694,5.8552,60.3213,1786.2928,2915.0143,174947.3499,5020.168495,0,0,1.024109973,6.598564282000001,1295.861547,110.87203319999999,3.129827236,-28.26666626,-52.400001399999994,174947.3499,3484.8912,5020.168495,0,0,6.107391911000001,,,,,,,,,,,2,4
Brasil,Pelotas,4110.6592,73,1.0958,7.5095,60.5569,2447.1879,3966.0581,270587.6766,6582.584709000001,0,0,1.0249516440000002,6.86736648,1217.010345,101.2432983,2.9937487789999997,-31.76666627,-52.33333204,270587.6766,4110.6592,6582.584709000001,0,0,6.1258249010000005,,,,,,,,,,,2,4
Brasil,Porto Alegre,54695.195,1370,1.5603,11.3993,60.6394,14264.3874,22899.444,3313128.703,6057.4340600000005,1,1,1.033729798,6.724855196,1191.8180960000002,102.48509240000001,2.91765496,-30.04000196,-51.20800169,3313128.703,54695.195,6057.4340600000005,1,1,9.693131133,,,,,,,,,,,4,4
Brasil,Rio Grande,2365.6545,165,2.8988,4.4596,62.2602,339.702,817.3526,153001.0046,6467.609519,0,0,1.022358059,5.831105322000001,997.7221194,96.40143499,3.157997763,-32.03578109,-52.08834006,153001.0046,2365.6545,6467.609519,0,0,5.674670797999999,,,,,,,,,,,1,4
Brasil,Santa Cruz do Sul,2153.972,59,1.5811,6.6554,61.1531,1036.8437,1796.2051,102718.6701,4768.806904,0,0,1.034630487,5.791624415,1110.54369,109.4633412,2.9775093710000005,-29.716667100000002,-52.4333343,102718.6701,2153.972,4768.806904,0,0,8.631349782000001,,,,,,,,,,,1,4
Brasil,Santa Maria,4192.1055,121,1.7419,6.5948,60.6865,1761.6721,2919.0754,246575.9814,5881.906282,0,0,1.0398133440000001,9.076013134,1414.032725,86.32060517,2.7085510389999996,-29.698895,-53.822747,246575.9814,4192.1055,5881.906282,0,0,7.823741007000001,,,,,,,,,,,2,1
Brasil,Uruguaiana,1830.2411,23,0.7894,4.8916,60.3943,1103.3193,1756.3806,105044.5312,5739.385613,0,0,1.024177304,5.739649517,1146.931308,111.22863020000001,3.130434783,-29.74999989,-57.08333205,105044.5312,1830.2411,5739.385613,0,0,6.662607717999999,,,,,,,,,,,1,4
Brasil,Ji-Parana,2758.7696,76,1.7165,6.0189,60.2875,1682.7586,2700.7691,114372.5955,4145.782195000001,0,0,1.01644927,6.323952287999999,1358.596609,120.29006480000001,3.2422941869999997,-10.83333285,-61.966667099999995,114372.5955,2758.7696,4145.782195000001,0,0,8.939240063,,,,,,,,,,,2,4
Brasil,Porto Velho,6777.5444,101,0.991,6.8928,60.4387,4130.5135,6211.3476,374384.7259,5523.90286,0,0,1.02934272,8.528259842,1673.034946,113.1294082,3.0538650310000004,-8.762004021000001,-63.9060027,374384.7259,6777.5444,5523.90286,0,0,9.713388125,,,,,,,,,,,3,1
Brasil,Boa Vista,6573.875,154,1.5298,5.2297,60.6659,3105.0712,4754.9339,276238.9318,4202.074757,0,0,1.013063053,9.185181823999999,1769.76962,107.45977090000001,3.4181197880000003,2.817998991,-60.66399562,276238.9318,6573.875,4202.074757,0,0,5.375974026000001,,,,,,,,,,,2,2
Brasil,Balneario Camboriu,2082.236,104,2.7551,4.6658,60.7255,520.115,942.8883,150560.3425,7230.691107,0,0,1.01990008,7.899231157000001,1408.972042,102.994989,2.892748324,-26.98333347,-48.63333497,150560.3425,2082.236,7230.691107,0,0,9.463829787,,,,,,,,,,,1,4
Brasil,Blumenau,7049.8949,323,2.3924,7.3033,60.7321,1025.195,1963.3428,279415.9115,3963.413724,1,0,1.071847222,4.249262569,878.8416884,115.10986909999998,2.355699676,-26.93333235,-49.04999912,279415.9115,7049.8949,3963.413724,1,0,9.03604194,,,,,,,,,,,3,5
Brasil,Brusque,1909.348,152,3.7115,6.3683,62.4766,398.6522,855.068,69374.08224,3633.387396,0,0,1.0564470190000002,4.933313503,918.6983692,105.6990173,2.4756371809999997,-27.10000029,-48.93333429,69374.08224,1909.348,3633.387396,0,0,9.418269231,,,,,,,,,,,1,5
Brasil,Chapeco,3014.2788,92,1.81,6.6747,61.0044,1603.2191,2703.4815,162304.4744,5384.518838,0,0,1.025233659,10.59949458,1641.1271869999998,85.69081522,3.139216031,-27.10000029,-52.59999837,162304.4744,3014.2788,5384.518838,0,0,5.885017422000001,,,,,,,,,,,2,2
Brasil,Criciuma,4234.944,137,1.7138,5.8566,61.3338,640.0695,1208.2086,183465.5093,4332.176515,1,0,1.023233593,7.925032224,1365.31278,99.08132075,2.974815458,-28.66666585,-49.38333501,183465.5093,4234.944,4332.176515,1,0,7.54157132,,,,,,,,,,,1,4
Brasil,Florianopolis,11787.867,778,2.0996,6.813,63.1384,807.5098,2538.4127,628715.6143,5333.594741,0,0,1.056077707,4.389579287,858.2973808,110.2083308,2.579340295,-27.595378000000004,-48.54805,628715.6143,11787.867,5333.594741,0,0,7.9786768729999995,,,,,,,,,,,4,5
Brasil,Itajai,4022.6420000000003,85,1.2196,6.5677,60.935,1287.5974,2230.8254,189744.3397,4716.910778,0,0,1.025854141,6.354276217000001,1204.7136380000002,108.39565800000001,2.8722018719999998,-26.918295,-48.661744299999995,189744.3397,4022.6420000000003,4716.910778,0,0,10.53748006,,,,,,,,,,,2,4
Brasil,Jaragua do Sul,3905.5445,143,2.0537,6.9354,61.0424,1345.5824,2399.0096,132433.103,3390.895086,0,0,1.043480417,4.582918353999999,929.8771317,110.53028459999999,2.46176877,-26.48333352,-49.06666546,132433.103,3905.5445,3390.895086,0,0,8.886727688999999,,,,,,,,,,,2,5
Brasil,Joinville,10927.7953,167,0.9986,6.6449,62.0435,5591.4116,8556.8123,450141.26200000005,4119.230422,1,0,1.0274273729999999,5.781547102,1127.538864,108.0388178,2.7299749419999997,-26.29999912,-48.83333204,450141.26200000005,10927.7953,4119.230422,1,0,9.632040966,,,,,,,,,,,3,4
Brasil,Lages,3279.5125,55,1.0362,5.1115,61.2278,1568.8129,2539.1874,149536.6632,4559.725788000001,0,0,1.027614144,7.8868591420000005,1347.293296,97.33289582,3.049819657,-27.80212896,-50.32018145,149536.6632,3279.5125,4559.725788000001,0,0,5.078105526,,,,,,,,,,,2,4
Brasil,Aracatuba,3729.6883,107,1.7132,4.6448,60.2424,1266.4206,2120.6839,173413.1883,4649.533563,0,0,1.012155132,10.15499262,1673.095998,94.66349417,3.3696715580000003,-21.20131644,-50.41854393,173413.1883,3729.6883,4649.533563,0,0,10.96716418,,,,,,,,,,,1,2
Brasil,Araraquara,5141.076,148,1.6648,5.2568,64.5362,1446.5624,2501.444,228174.0997,4438.260901,0,0,1.02367069,10.10347616,1652.062668,94.82014987,3.201269692,-21.78306989,-48.16687807,228174.0997,5141.076,4438.260901,0,0,13.18228106,,,,,,,,,,,1,2
Brasil,Araras,2480.0384,56,1.3361,4.3217,64.8929,814.9446,1377.2671,103935.1911,4190.867531,0,0,1.036738457,10.1159436,1584.2235269999999,96.05721617,3.092587908,-22.36666674,-47.38333497,103935.1911,2480.0384,4190.867531,0,0,14.58886894,,,,,,,,,,,1,1
Brasil,Atibaia,2508.3856,112,2.4575,6.7684,60.6034,1031.6578,1874.4258,88312.50632999999,3520.684835,0,0,1.048510205,6.654968789,1270.026858,115.48155109999999,3.002345845,-23.11666667,-46.54999913,88312.50632999999,2508.3856,3520.684835,0,0,13.48850575,,,,,,,,,,,1,5
Brasil,Santos,22155.9372,766,1.1046,5.7116,61.5425,1085.5085,3397.5712,1643599.424,7418.327391,0,0,1.026630777,4.743759202,860.9452781,104.09263,3.108769254,-23.95469701,-46.309490600000004,1643599.424,22155.9372,7418.327391,0,0,17.72114821,,,,,,,,,,,3,5
Brasil,Barretos,2214.2664,72,2.0173,4.9565,60.3965,1264.4336,2038.0596,104524.0048,4720.472428,0,0,1.01913611,11.68980719,1833.396568,90.22757434,3.3735325510000003,-20.5499991,-48.54999906,104524.0048,2214.2664,4720.472428,0,0,12.78376384,,,,,,,,,,,1,2
Brasil,Bauru,6087.6964,164,1.5381,6.7302,60.8597,1812.0407,3173.7568,335997.1022,5519.28732,0,0,1.0258169259999999,10.05279367,1655.903619,93.87343271,3.318487311,-22.31666749,-49.06666546,335997.1022,6087.6964,5519.28732,0,0,11.69827586,,,,,,,,,,,2,2
Brasil,Birigui,2052.8105,65,1.9855,3.5878,64.6655,967.2553,1542.5028,105092.5534,5119.448628,0,0,1.010677291,11.28047749,1812.719698,90.96709335,3.3648728560000003,-21.29999914,-50.31666546,105092.5534,2052.8105,5119.448628,0,0,11.20734341,,,,,,,,,,,1,2
Brasil,Botucatu,2379.6018,57,1.3806,4.9886,61.7682,1041.378,1806.8539,105330.94099999999,4426.413724,0,0,1.028569078,9.614991355,1585.24528,94.81783679,3.299650632,-22.86666669,-48.43333433,105330.94099999999,2379.6018,4426.413724,0,0,12.52769231,,,,,,,,,,,1,2
Brasil,Braganca Paulista,2292.2112,96,2.2226,6.5707,62.4021,770.9354,1452.6664,112556.6163,4910.397226,0,0,1.041307356,8.236424944,1355.8307320000001,98.46040759999998,3.001990333,-22.95000072,-46.56666547,112556.6163,2292.2112,4910.397226,0,0,13.40838852,,,,,,,,,,,1,1
Brasil,Campinas,42335.4798,1453,1.9001,7.9871,60.9236,3225.0125,5825.1778,2111820.583,4988.301965,1,0,1.041260045,7.868052432000001,1382.274262,104.31210279999999,3.0241304089999996,-22.90007967,-47.08350276,2111820.583,42335.4798,4988.301965,1,0,16.08954227,,,,,,,,,,,4,1
Brasil,Catanduva,2314.1733,67,1.7387,6.1636,60.3878,1225.8415,2041.1622,100949.9829,4362.2544100000005,0,0,1.01989252,11.24968511,1808.398499,93.68436846,3.316030534,-21.13333308,-48.96666708,100949.9829,2314.1733,4362.2544100000005,0,0,13.22310757,,,,,,,,,,,1,2
Brasil,Franca,5723.6385,93,0.9291,5.9087,61.1586,2267.1246,3964.8301,316080.5508,5522.36952,0,0,1.019035821,9.783380301000001,1647.62162,98.14376886,3.2231925710000002,-20.53333265,-47.40000142,316080.5508,5723.6385,5522.36952,0,0,10.2303263,,,,,,,,,,,2,2
Brasil,Guaratingueta,2142.8074,67,1.757,4.6222,60.3647,568.7814,1012.1915,97870.91163999999,4567.409693,0,0,1.055555565,7.890762916,1350.581206,103.9212402,2.944892473,-22.81666745,-45.2166671,97870.91163999999,2142.8074,4567.409693,0,0,11.31927711,,,,,,,,,,,1,1
Brasil,Itapetininga,1936.1712,48,1.3818,6.7323,62.1228,847.9667,1521.3184,111958.3207,5782.463353,0,0,1.028888966,9.6810567,1556.9918189999999,94.99875971,3.14228271,-23.60000028,-48.0499991,111958.3207,1936.1712,5782.463353,0,0,13.93887839,,,,,,,,,,,1,2
Brasil,Jau,2501.3721,53,1.2515,5.8881,60.2266,1209.8804,2048.3908,119922.8458,4794.286561999999,0,0,1.028750894,10.01383406,1627.585994,98.3192922,3.210416667,-22.29999905,-48.54999906,119922.8458,2501.3721,4794.286561999999,0,0,14.06166667,,,,,,,,,,,1,2
Brasil,Jundiai,10657.7248,568,2.8389,10.2105,61.2062,2860.0624,5369.2921,505006.4847,4738.414582,0,0,1.068966353,5.995193212999999,1107.414085,110.5021188,2.804092877,-23.18333225,-46.86666479,505006.4847,10657.7248,4738.414582,0,0,15.37082067,,,,,,,,,,,3,5
Brasil,Limeira,5414.9366,103,1.2088,7.2402,60.4263,3170.949,4989.7411,252167.8817,4656.89152,0,0,1.0293159840000001,8.980394887000001,1431.032262,94.44619165,3.090921428,-22.56659027,-47.40077624,252167.8817,5414.9366,4656.89152,0,0,15.53453947,,,,,,,,,,,2,2
Brasil,Marilia,3885.208,47,0.7193,7.3178,60.9546,1982.4569,3333.9296,207193.7544,5332.884308,0,0,1.0287197,10.59155634,1672.2526289999998,92.97033975,3.1900277860000004,-22.21503758,-49.92153457,207193.7544,3885.208,5332.884308,0,0,10.279138099999999,,,,,,,,,,,2,2
Brasil,Mogi Guacu,5076.4428,171,2.077,5.3552,61.1363,1422.6826,2307.3665,192044.2785,3783.0428450000004,0,0,1.029971965,8.593345948,1456.375693,102.89210250000001,3.09093642,-22.36666674,-46.950000700000004,192044.2785,5076.4428,3783.0428450000004,0,0,12.86942149,,,,,,,,,,,2,1
Brasil,Ourinhos,2305.8882,42,1.1277,4.6883,60.8172,1244.4851,2009.9933,96441.36248,4182.392156,0,0,1.044044219,9.500729816,1567.20179,97.62634378,3.203153426,-22.98333351,-49.86666485,96441.36248,2305.8882,4182.392156,0,0,12.9391635,,,,,,,,,,,1,1
Brasil,Piracicaba,6023.6946,154,1.4719,7.7479,60.6751,1983.5702,3445.3899,307074.0827,5097.765206,0,0,1.041833038,8.850236162,1482.424814,98.03240948,3.0096940969999997,-22.71666708,-47.63333495,307074.0827,6023.6946,5097.765206,0,0,15.53096614,,,,,,,,,,,2,1
Brasil,Presidente Prudente,3866.9438,97,1.465,4.9611,60.3977,997.4234,1707.8491,191073.693,4941.211732,0,0,1.024880083,12.58711848,1786.081984,83.81725012,3.1918567189999996,-22.11666665,-51.36666482,191073.693,3866.9438,4941.211732,0,0,9.432704402999999,,,,,,,,,,,1,3
Brasil,Ribeirao Preto,10392.3086,206,1.2091,8.0797,60.631,4985.6744,8173.5785,564688.2071,5433.71734,0,0,1.033750272,9.589914508,1622.040274,98.04670539,3.0767737489999996,-21.16666588,-47.79999912,564688.2071,10392.3086,5433.71734,0,0,16.0,,,,,,,,,,,3,1
Brasil,Rio Claro,3446.2818,39,0.7140000000000001,5.7249,60.6883,2058.8714,3263.052,167050.9069,4847.281908,0,0,1.030361575,9.469356997,1567.0303509999999,95.27059195,3.246657066,-22.39999953,-47.54999914,167050.9069,3446.2818,4847.281908,0,0,15.35769231,,,,,,,,,,,2,2
Brasil,Sao Carlos,4236.9304,68,0.9732,5.7233,62.4281,2055.3685,3389.4348,195197.9322,4607.060589,0,0,1.026327443,9.070346932,1480.891776,96.20400606,3.154462052,-22.01666628,-47.90000138,195197.9322,4236.9304,4607.060589,0,0,13.00704225,,,,,,,,,,,2,2
Brasil,Sao Jose do Rio Preto,7396.6431,149,1.2596,6.1884,61.8593,3308.5763,5291.3872,368255.7371,4978.682743,0,0,1.021336635,11.51866896,1795.676827,91.61443139,3.246361663,-20.812949,-49.382358,368255.7371,7396.6431,4978.682743,0,0,11.72014052,,,,,,,,,,,2,2
Brasil,Sao Jose dos Campos,10492.0104,313,1.6698,6.1753,61.043,1744.5775,3116.7536,706739.2931,6735.969747,0,0,1.0501096909999998,8.084291646,1365.443332,100.0790988,2.871180423,-23.226409,-45.891853999999995,706739.2931,10492.0104,6735.969747,0,0,13.70546737,,,,,,,,,,,3,1
Brasil,Sao Paulo,170710.4878,2342,0.9563,11.9968,60.7869,91910.5028,131858.8829,18924486.19,11085.720870000001,1,1,1.05769919,8.753989426,1488.240307,101.5833473,2.89227209,-23.580999,-46.62299658,18924486.19,170710.4878,11085.720870000001,1,1,15.99097292,,,,,,,,,,,4,1
Brasil,Sertaozinho,1864.7104,32,1.0484,5.5614,61.5624,1069.9573,1751.3134,94079.66475,5045.270565,0,0,1.021330042,10.53211352,1766.682858,97.91984879,3.2869772189999997,-21.13333308,-47.98333351,94079.66475,1864.7104,5045.270565,0,0,15.38810198,,,,,,,,,,,1,2
Brasil,Sorocaba,9514.6272,394,2.383,12.6611,60.6707,4527.1716,7866.816,593283.2326,6235.490567,1,0,1.042799859,9.086062496,1542.3768910000001,99.18125431,2.9283101210000004,-23.48333346,-47.45000066,593283.2326,9514.6272,6235.490567,1,0,16.96207332,,,,,,,,,,,3,1
Brasil,Tatui,1566.9885,33,1.1966,5.3477,60.3667,748.3925,1317.1124,79000.32315,5041.5333310000005,0,0,1.032256034,8.009100742000001,1392.2184300000001,102.63116409999999,3.097060196,-23.3500003,-47.84999836,79000.32315,1566.9885,5041.5333310000005,0,0,15.72984749,,,,,,,,,,,1,4
Brasil,Taubate,5399.1,140,1.4656,4.3272,61.6361,1249.8275,2211.3343,306178.732,5670.921671,0,0,1.042446646,8.078794836,1365.308183,100.4954677,2.9620155039999996,-23.03333275,-45.54999911,306178.732,5399.1,5670.921671,0,0,11.95744681,,,,,,,,,,,2,1
Brasil,Aracaju,7072.4638,149,1.1899,4.5405,61.0335,1494.2068,2645.6223,633498.7432,8957.248928,0,0,1.0414409070000001,11.18256794,1649.9485550000002,89.74924119,2.988550816,-10.91099699,-37.06000157,633498.7432,7072.4638,8957.248928,0,0,4.753481894,,,,,,,,,,,2,1
Brasil,Araguaina,3227.9364,108,2.0234,5.2464,60.7975,1470.6688,2431.8563,138728.4535,4297.739532,0,0,1.015788267,9.581751022,1746.5910809999998,104.51828259999999,3.3482891460000004,-7.198507049,-48.19642054,138728.4535,3227.9364,4297.739532,0,0,6.294117647,,,,,,,,,,,2,2
Brasil,Palmas,5815.0848,168,1.4206,4.6696,61.2383,542.8467,1104.0006,218715.7842,3761.182722,0,0,1.04704997,9.590962555,1732.565286,107.8366035,3.024715011,-10.249091,-48.324286,218715.7842,5815.0848,3761.182722,0,0,5.769776322999999,,,,,,,,,,,1,1
Brasil,Tubarao,2603.0738,86,1.9806,5.3523,60.4929,862.0143,1437.9125,96630.73816000001,3712.1836200000002,0,0,1.0203382090000002,6.744038757999999,1273.757676,106.8292853,2.931949954,-28.47608461,-49.02190718,96630.73816000001,2603.0738,3712.1836200000002,0,0,7.911949686,,,,,,,,,,,1,4
Brasil,Bento Goncalves,1508.1312,48,1.7048,4.4733,61.3192,484.6049,904.7482,88913.39365,5895.6053950000005,0,0,1.051878692,7.334492407999999,1294.123855,99.82853186,2.769168357,-29.167888,-51.53896091,88913.39365,1508.1312,5895.6053950000005,0,0,5.869325997000001,,,,,,,,,,,1,1
Brasil,Caraguatatuba,2624.67,60,1.3317,7.5596,60.7129,1455.2104,2497.9539999999997,89468.43897,3408.7500130000003,0,0,1.029142014,9.095859027000001,1503.866566,95.27752282,2.985113422,-23.62291527,-45.40402603,89468.43897,2624.67,3408.7500130000003,0,0,14.28297055,,,,,,,,,,,2,1
Brasil,Parobe,1921.412,43,1.2718,4.7623,60.5319,522.1412,918.7669999999999,96573.14305,5026.160114,0,0,1.022996147,6.654777692000001,1205.300876,104.7003443,2.868101761,-29.62516513,-50.83155417,96573.14305,1921.412,5026.160114,0,0,7.61426844,,,,,,,,,,,1,4
Brasil,Rio das Ostras,2503.7103,39,0.9239,7.1118,60.3609,1456.9646,2456.451,110947.0123,4431.304437,0,0,1.0216352709999998,9.642836174,1621.702099,98.53984765,2.95570984,-22.52482134,-41.94846881,110947.0123,2503.7103,4431.304437,0,0,10.20431894,,,,,,,,,,,2,2
Chile,Arica,2231.7306,33,0.9288,5.1841,60.7143,1338.7358,2131.2769,174356.3126,7812.607824,0,0,1.028032366,16.88473059,1951.584463,69.63440094,3.061524664,-18.48333348,-70.33333581,174356.3126,2231.7306,7812.607824,0,0,13.55560988,,,,,,,,,,,1,3
Chile,Iquique,1196.73,10,0.5322,2.8948,60.2539,756.3894,1187.5717,151507.4029,12660.11573,0,0,1.026568004,13.77836725,1898.8923489999997,80.69875326,3.1985080810000004,-20.22100207,-70.14899669,151507.4029,1196.73,12660.11573,0,0,11.92115849,,,,,,,,,,,1,3
Chile,Antofagasta,2806.739,26,0.5857,5.0731,63.9291,1675.4854,2649.8521,269125.9347,9588.559491,0,0,1.038270275,17.00197325,2037.068987,70.24104618,3.054798182,-23.64100205,-70.39899865,269125.9347,2806.739,9588.559491,0,0,9.098618967,,,,,,,,,,,1,3
Chile,Calama,2095.7396,68,2.0194,3.6949,61.0076,1035.126,1663.154,126059.9544,6015.056945,0,0,1.039930082,13.91841794,1715.8583640000002,73.34722971,3.0923730710000004,-22.4666671,-68.93333432,126059.9544,2095.7396,6015.056945,0,0,12.59612431,,,,,,,,,,,1,3
Chile,Copiapo,2084.6688,37,1.0365,5.8134,61.1041,904.0457,1547.9972,122893.2276,5895.092631,0,0,1.04942561,11.95179779,1509.564111,72.95958211,2.8719538260000004,-27.36000006,-70.33200259,122893.2276,2084.6688,5895.092631,0,0,6.999938332999999,,,,,,,,,,,1,1
Chile,La Serena-Coquimbo,4881.3324,102,1.2186,4.1656,63.9043,805.4547,1381.1253,322365.078,6604.041891,0,0,1.052677027,14.33989701,1750.9307420000002,71.42947306,2.897184268,-29.90777769,-71.25416554,322365.078,4881.3324,6604.041891,0,0,6.540496934,,,,,,,,,,,1,3
Chile,Valparaiso-Vina del Mar,6777.3625,125,1.0927,5.1778,62.5991,1316.9152,2222.8278,682064.0549,10063.86048,0,1,1.056528522,12.42148473,1685.7617940000002,77.39573606,2.708319375,-33.04777901,-71.60111233,682064.0549,6777.3625,10063.86048,0,1,14.52479711,,,,,,,,,,,1,1
Chile,Quillota,1288.9797,47,2.1102,5.5867,61.8898,698.3541,1206.7357,77741.65449,6031.253742,0,0,1.055248441,10.69935312,1371.709459,75.71103442,2.83363472,-32.88333499,-71.26667014,77741.65449,1288.9797,6031.253742,0,0,15.29245283,,,,,,,,,,,1,1
Chile,San Antonio,1019.0701,17,0.9087,3.7663,74.045,306.382,562.4625,76950.77911,7551.078837000001,0,0,1.034664542,10.09650665,1442.256085,83.42670269,3.11077993,-33.59333413,-71.62166594,76950.77911,1019.0701,7551.078837000001,0,0,15.42243767,,,,,,,,,,,4,1
Chile,Santiago,62597.9007,573,0.6552,8.4492,60.7183,41027.9105,57316.7458,6029640.848999999,9632.340343,1,1,1.04217949,11.81599237,1594.77413,79.65512449,2.952475092,-33.47502305,-70.64751555,6029640.848999999,62597.9007,9632.340343,1,1,21.80570942,,,,,,,,,,,4,1
Chile,Rancagua,4381.8335,115,1.5157,4.7563,61.031000000000006,1376.9742,2384.2721,244990.6256,5591.057288,0,0,1.051435792,10.64736774,1338.215351,73.6771436,2.784887327,-34.16666778,-70.74999986,244990.6256,4381.8335,5591.057288,0,0,19.34370498,,,,,,,,,,,2,1
Chile,Talca,3476.43,76,1.4031,4.8016,61.3446,1935.6377,3015.8805,213791.7771,6149.750667,0,0,1.030547814,12.53668313,1548.074346,72.63739213,2.9177664969999997,-35.42300104,-71.6599977,213791.7771,3476.43,6149.750667,0,0,15.70700637,,,,,,,,,,,2,1
Chile,Curico,2128.8592,52,1.4809,3.6134,61.0775,872.6293,1439.3182,103982.0385,4884.400031,0,0,1.037260904,10.33406527,1324.417593,74.45922174,2.785650022,-34.98333351,-71.2333297,103982.0385,2128.8592,4884.400031,0,0,11.97734139,,,,,,,,,,,1,1
Chile,Concepcion,5943.8716,92,0.9207,7.5399,60.6047,3158.414,5309.6630000000005,488671.4039,8221.434922,1,0,1.057636161,10.1298034,1307.62206,75.45806985,2.8561829060000004,-36.82600195,-73.05499764,488671.4039,5943.8716,8221.434922,1,0,8.968826108,,,,,,,,,,,2,1
Chile,Chillan,2870.5485,57,1.2247,4.051,60.6978,1400.5463,2270.7337,167761.3343,5844.222686,0,0,1.034981124,10.78324141,1319.850391,69.73888571,2.7456370660000005,-36.612621999999995,-72.106459,167761.3343,2870.5485,5844.222686,0,0,10.54946524,,,,,,,,,,,1,1
Chile,Los Angeles,1773.7178,67,2.269,5.0701,60.7064,988.9399,1646.3431,105669.839,5957.526500999999,0,0,1.02966097,12.33570197,1431.400625,66.85576515,2.7825054,-37.46204968,-72.35262433,105669.839,1773.7178,5957.526500999999,0,0,7.587507034,,,,,,,,,,,1,1
Chile,Temuco,3545.098,62,1.0875,4.065,61.573,1459.3282,2346.9658,288569.3041,8139.948213,0,0,1.039014822,11.99575993,1514.963439,73.63631326,2.9483072439999995,-38.728998,-72.57599956,288569.3041,3545.098,8139.948213,0,0,10.18341969,,,,,,,,,,,1,1
Chile,Valdivia,1708.021,70,2.2013,5.4805,60.4573,658.1906,1225.3762,143276.1026,8388.43237,0,0,1.051394526,10.77826627,1296.049681,70.89648765,2.909847764,-39.819586,-73.24521,143276.1026,1708.021,8388.43237,0,0,7.81003937,,,,,,,,,,,1,1
Chile,Osorno,2135.8768,74,2.0046,5.8774,60.5141,1103.0271,1906.3611,136700.2242,6400.182789,0,0,1.0401032190000001,10.42564278,1326.4888429999999,74.25721674,2.902539748,-40.56666548,-73.15000137,136700.2242,2135.8768,6400.182789,0,0,8.381800197999999,,,,,,,,,,,1,1
Chile,Puerto Montt,2491.651,58,1.4166,4.3324,60.5722,1232.9207,2025.8912,140484.2935,5638.203340999999,0,0,1.062719248,10.6469571,1389.276152,76.7428693,2.875247525,-41.47499693,-72.95200159999999,140484.2935,2491.651,5638.203340999999,0,0,4.527887324,,,,,,,,,,,1,1
Chile,Punta Arenas,2164.2304,32,0.9161,4.0525,61.6262,1071.7933,1729.8807,105761.9119,4886.814797999999,0,0,1.034987816,8.015162373999999,1067.764517,77.53869489,3.052469865,-53.16616806,-70.93465171,105761.9119,2164.2304,4886.814797999999,0,0,3.0497959860000003,,,,,,,,,,,1,1
Colombia,Apartado,427.14,4,0.4965,3.8388,60.0015,226.1667,426.6002,126641.9672,29648.819410000004,0,0,1.01885302,21.37943737,2145.630039,59.50669512,3.0720257230000003,7.900000107,-76.65000138,126641.9672,427.14,29648.819410000004,0,0,6.244493392000001,,,,,,,,,,,1,3
Colombia,Medellin,13021.1972,242,1.2233,6.6016,60.602,6080.0914,9237.1751,3217234.7739999997,24707.6673,1,1,1.066864985,11.67614643,1743.607661,86.77923788,2.917760358,6.240996044,-75.59199866,3217234.7739999997,13021.1972,24707.6673,1,1,7.99871959,,,,,,,,,,,3,1
Colombia,Barranquilla,9923.851999999999,95,0.6672,4.4227,60.5148,5898.501,8463.5318,1713043.845,17261.887730000002,1,0,1.017863275,13.6704907,1917.446707,80.36359029,3.207620351,10.963889,-74.796389,1713043.845,9923.851999999999,17261.887730000002,1,0,7.501228501,,,,,,,,,,,3,3
Colombia,Cartagena,5761.351,95,1.0174,6.3442,60.3884,2457.8557,3983.5959999999995,854880.7071,14838.20124,1,0,1.040165188,12.72131563,1693.985565,77.51895051,2.899724328,10.41399896,-75.53400259,854880.7071,5761.351,14838.20124,1,0,7.290275762,,,,,,,,,,,2,3
Colombia,Tunja,508.1391,21,1.8331,3.3357,60.0811,58.4984,131.8856,142329.1349,28009.827,0,0,1.0480261990000002,16.20546802,2021.998855,75.61825081,2.962143273,5.546996963,-73.36199664,142329.1349,508.1391,28009.827,0,0,8.719745223,,,,,,,,,,,1,3
Colombia,Manizales,1190.7007,37,1.6746,5.3386,62.0584,490.6716,910.5055,295040.1614,24778.71516,0,0,1.073092051,20.2623657,2347.892601,68.31368338,2.991576414,5.0688889999999995,-75.5175,295040.1614,1190.7007,24778.71516,0,0,9.95923913,,,,,,,,,,,1,3
Colombia,Florencia,884.0694,23,1.4772,4.3591,60.1849,490.6021,864.035,138573.3234,15674.47413,0,0,1.049680795,6.9366813270000005,1049.569859,87.20073092,2.961089494,1.60599601,-75.61500271,138573.3234,884.0694,15674.47413,0,0,6.829621958,,,,,,,,,,,1,5
Colombia,Yopal,1097.73,25,1.423,3.1879,60.3981,639.8823,1024.1159,91558.05996,8340.67211,0,0,1.022805559,16.23468218,2047.5686420000002,73.2439436,3.2542510119999997,5.349999932,-72.38333121,91558.05996,1097.73,8340.67211,0,0,10.11521418,,,,,,,,,,,1,3
Colombia,Popayan,1397.1594,26,1.0881,5.0978,60.6476,745.4769,1275.0037,188173.5067,13468.28614,0,0,1.05255143,14.01921876,1713.82547,72.36460044,2.9377580180000002,2.420001028,-76.60400372,188173.5067,1397.1594,13468.28614,0,0,4.0,,,,,,,,,,,1,3
Colombia,Valledupar,2628.6288,28,0.6629999999999999,5.026,60.4928,1577.0333,2533.8796,361980.6857,13770.6975,0,0,1.012171763,14.92632682,2076.484026,78.7640571,3.345797785,10.4833,-73.25,361980.6857,2628.6288,13770.6975,0,0,7.319313305,,,,,,,,,,,2,3
Colombia,Quibdo,796.32,24,1.7376,4.846,60.1197,449.301,779.3198,103253.8355,12966.374759999999,0,0,1.059443078,3.5750981630000003,654.1221291,101.2848613,2.610714286,5.699999753999999,-76.63333116,103253.8355,796.32,12966.374759999999,0,0,4.617035775,,,,,,,,,,,1,5
Colombia,Monteria,2066.2188,43,1.25,4.2183,60.7792,1036.1861,1725.0662,349582.6605,16918.9467,0,0,1.016462678,15.94361644,2002.1340910000001,71.91057964,3.2262295080000003,8.748056,-75.881389,349582.6605,2066.2188,16918.9467,0,0,7.586750789,,,,,,,,,,,1,3
Colombia,Bogota,35673.3168,363,0.7124,6.4454,60.7517,20623.6926,29460.2401,7818227.0879999995,21916.186859999998,1,0,1.042867714,14.031479000000001,1902.299105,79.30443196,2.929520925,4.630220967,-74.08051163,7818227.0879999995,35673.3168,21916.186859999998,1,0,12.9544171,,,,,,,,,,,4,3
Colombia,Neiva,2674.4382,62,1.3817,5.859,62.2803,1477.0148,2478.16,309361.7189,11567.345640000001,0,0,1.01887049,17.0785125,1999.1754640000001,68.17900476,3.303744799,2.928995997,-75.28400064,309361.7189,2674.4382,11567.345640000001,0,0,7.37214886,,,,,,,,,,,1,3
Colombia,Riohacha,1323.63,20,0.9465,2.7386,60.2942,716.3131,1143.5099,178875.0655,13513.97788,0,0,1.016332428,13.26736966,1928.0385469999999,80.79616077,3.3978102189999997,11.55200394,-72.89800164,178875.0655,1323.63,13513.97788,0,0,5.833071485,,,,,,,,,,,1,3
Colombia,Santa Marta,2428.92,40,1.0261,4.7716,60.6947,1205.758,1935.1639,306961.0423,12637.758440000001,0,0,1.030850207,14.85650517,1770.0188239999998,68.42875009,3.0818466069999997,11.25000007,-74.18099661,306961.0423,2428.92,12637.758440000001,0,0,6.543648405,,,,,,,,,,,1,3
Colombia,Villavicencio,2563.2936,72,1.6341,4.1203,64.0151,789.7205,1357.4507,303511.8005,11840.71254,0,0,1.037287511,13.56109583,1674.012496,72.42323509,2.96546199,4.149998972,-73.63999759999999,303511.8005,2563.2936,11840.71254,0,0,14.06994329,,,,,,,,,,,1,3
Colombia,Pasto,1508.3112,33,1.3302,4.5228,60.3317,876.1013,1440.9485,344100.5421,22813.648530000002,0,0,1.046350603,19.50845407,2248.654443,68.24322776,2.9770447960000004,1.213611,-77.281111,344100.5421,1508.3112,22813.648530000002,0,0,5.25388601,,,,,,,,,,,1,3
Colombia,Cucuta,5446.7984,76,0.8829,6.1564,60.7153,2306.3279,3645.0042,631863.606,11600.63902,0,0,1.035404698,10.99930263,1728.541959,88.29247377,3.17214523,7.891002001,-72.50300058,631863.606,5446.7984,11600.63902,0,0,11.16097122,,,,,,,,,,,2,2
Colombia,Armenia,1579.3184,44,1.5506,6.2676,60.7602,657.7851,1181.899,261829.0162,16578.591809999998,0,0,1.0551951990000001,14.11988119,1666.9190839999999,68.49779509,2.828183873,4.5309959719999995,-75.69800071,261829.0162,1579.3184,16578.591809999998,0,0,8.815498155,,,,,,,,,,,1,3
Colombia,Pereira,2836.9770000000003,110,2.0855,7.8164,61.6503,1142.76,2124.6664,547525.9754,19299.60646,1,0,1.065994882,11.48580354,1684.147188,84.05027141,2.882048715,4.813333,-75.696111,547525.9754,2836.9770000000003,19299.60646,1,0,9.145728643,,,,,,,,,,,2,1
Colombia,Barrancabermeja,2127.6903,53,1.4678,5.7643,60.229,1163.5329,1974.6247,162937.49800000002,7657.9528980000005,0,0,1.049753495,6.821654207999999,1094.389289,90.99683324,2.9761705689999998,7.050000223,-73.86666861,162937.49800000002,2127.6903,7657.9528980000005,0,0,14.17046581,,,,,,,,,,,1,1
Colombia,Bucaramanga,3699.3632,68,1.0906,7.5759,60.8636,2018.3717,3401.8284,727165.6363,19656.52535,1,0,1.081037069,13.20854135,1856.310297,81.52933735,2.967425881,7.125278,-73.119722,727165.6363,3699.3632,19656.52535,1,0,10.47472745,,,,,,,,,,,2,3
Colombia,Sincelejo,1611.9904,19,0.7418,5.0932,60.2399,995.8241,1582.2767,240758.6204,14935.490940000002,0,0,1.021694174,16.96725337,2017.7492760000002,68.30895794,3.0814613680000003,9.306999005,-75.39200057,240758.6204,1611.9904,14935.490940000002,0,0,9.222707424,,,,,,,,,,,1,3
Colombia,Ibague,2427.66,75,1.8593,5.3642,60.5688,1126.4974,1871.7464,435758.3909,17949.72899,0,0,1.0469711940000002,13.41665557,1795.0238100000001,76.94752796,2.98564222,4.440996029,-75.24399562,435758.3909,2427.66,17949.72899,0,0,10.69937556,,,,,,,,,,,1,3
Colombia,Buenaventura,1452.4216,56,2.1548,5.2143,60.5505,592.8192,1060.7416,324130.4107,22316.57583,0,0,1.038626951,6.896639997,1197.447559,95.3057848,2.774479167,3.88333317,-77.06666553,324130.4107,1452.4216,22316.57583,0,0,4.37810855,,,,,,,,,,,1,4
Colombia,Cali,12957.2915,205,1.0631,7.0134,60.5209,7167.5486,10666.987,2292298.206,17691.17182,1,0,1.033222617,13.59426073,1898.2287989999998,82.19038543,3.1257330110000003,3.456999081,-76.52199564,2292298.206,12957.2915,17691.17182,1,0,5.17473525,,,,,,,,,,,3,3
Colombia,Cartago,760.0496,17,1.2442,5.2789,60.178000000000004,408.8282,734.9225,114690.0285,15089.800469999998,0,0,1.031656682,6.87792634,1185.579769,97.80662222,3.042600897,4.733171178,-75.91626969,114690.0285,760.0496,15089.800469999998,0,0,7.75,,,,,,,,,,,1,4
Colombia,Palmira,1647.72,18,0.6775,4.1748,60.8972,841.5032,1356.9401,181966.4612,11043.53053,0,0,1.0269576470000001,15.58694924,2080.118359,78.55503269,3.188888889,3.5333333469999997,-76.2833327,181966.4612,1647.72,11043.53053,0,0,6.2326431179999995,,,,,,,,,,,1,3
Colombia,Tulua,1096.11,20,1.1159999999999999,4.7263,60.1456,661.071,1080.8693,177816.61800000002,16222.515809999999,0,0,1.019012043,18.69685461,2074.539021,65.2052355,3.1883561639999995,4.089525,-76.19611,177816.61800000002,1096.11,16222.515809999999,0,0,7.416551724,,,,,,,,,,,1,3
Colombia,Duitama,750.5106,21,1.6539,3.7185,60.6102,399.6719,676.1687,90392.93027000001,12044.20065,0,0,1.042684303,14.5880087,1874.101734,73.61248578,2.836875664,5.833333543999999,-73.03333267,90392.93027000001,750.5106,12044.20065,0,0,7.940711462,,,,,,,,,,,1,3
Colombia,Girardot,1064.07,50,2.374,3.5767,61.5425,186.305,368.7651,115781.8838,10881.040140000001,0,0,1.054034821,12.27792869,1594.089276,74.95335389,2.99386252,4.300000149,-74.81666551,115781.8838,1064.07,10881.040140000001,0,0,11.83972125,,,,,,,,,,,1,1
Colombia,Fusagasuga,876.0609,27,1.6541,3.2821,60.8033,239.9271,447.0472,95143.04612,10860.33447,0,0,1.059000261,8.468226572,1187.820581,80.95422091,2.893726937,4.342222252,-74.36166369,95143.04612,876.0609,10860.33447,0,0,13.82278481,,,,,,,,,,,1,1
Colombia,Buga,797.9391,21,1.5781,3.4616,60.9914,458.4659,764.5924,96837.76486,12135.97073,0,0,1.028234868,14.18412319,1801.3778940000002,72.41658985,3.2331141660000005,3.9000001419999997,-76.30000302,96837.76486,797.9391,12135.97073,0,0,6.9985358710000005,,,,,,,,,,,1,3
Colombia,Sogamoso,1146.3327,57,2.5046,4.4514,61.4763,289.3066,574.3656,112496.9795,9813.664434999999,0,0,1.0414756790000002,8.545642687,1305.1153539999998,88.76250622,3.031267142,5.716666727000001,-72.93333429,112496.9795,1146.3327,9813.664434999999,0,0,8.208333332999999,,,,,,,,,,,1,1
Peru,Chimbote,2915.64,45,0.9413,4.6967,60.2983,815.4032,1336.9481,317250.5221,10880.99087,0,0,1.017964429,11.62594776,1610.111721,82.06456920000001,3.183572895,-8.930097026,-78.45314361,317250.5221,2915.64,10880.99087,0,0,10.80170716,,,,,,,,,,,1,2
Peru,Huaraz,819.54,15,1.0825,4.3381,60.5854,472.0483,798.1172,100613.6494,12276.84425,0,0,1.0489623190000001,12.34867078,1589.238943,74.65389378,2.9385171789999998,-9.533333721,-77.53333269,100613.6494,819.54,12276.84425,0,0,6.252764612999999,,,,,,,,,,,1,1
Peru,Arequipa,8138.338000000001,178,0.9571,10.4231,61.0794,3081.4607,7041.9415,792286.6276,9735.236271,0,0,1.0418324959999998,13.69998433,1867.8159899999998,79.56995444,3.040706731,-16.39800007,-71.52299957,792286.6276,8138.338000000001,9735.236271,0,0,9.129965291,,,,,,,,,,,3,3
Peru,Ayacucho,1653.03,30,1.0677,4.4161,60.5279,848.4973,1442.2652,176372.328,10669.638659999999,0,0,1.0332988,16.37438561,2106.887731,75.16020618,3.108920188,-13.17300306,-74.22100163,176372.328,1653.03,10669.638659999999,0,0,6.444444444,,,,,,,,,,,1,3
Peru,Cajamarca,1483.65,35,1.4451,4.9625,60.4277,858.943,1402.1325,185572.3116,12507.822709999999,0,0,1.041317646,9.786464813,1501.926581,88.98128183,3.14519141,-7.162001931,-78.51099570000001,185572.3116,1483.65,12507.822709999999,0,0,5.584482759,,,,,,,,,,,1,1
Peru,Cusco,3202.5616,56,1.0871,6.0974,60.6191,1893.9035,3046.4042,385879.8912,12049.107320000001,0,0,1.0709574579999999,10.43300574,1711.9865,96.65475473,2.918375095,-13.52600105,-71.98700367,385879.8912,3202.5616,12049.107320000001,0,0,4.4365671639999995,,,,,,,,,,,2,1
Peru,Huanuco,1033.5602,23,1.2590000000000001,5.5226,60.115,542.2868,958.5405,172721.641,16711.3318,0,0,1.052182172,13.99751963,1978.8480149999998,83.22444974,2.98556701,-9.925001995,-76.23099858,172721.641,1033.5602,16711.3318,0,0,6.42722372,,,,,,,,,,,1,3
Peru,Chincha Alta,1750.231,46,1.4569,6.2442,60.8898,857.7792,1547.3724,160403.1409,9164.689266,0,0,1.020280313,9.861971231,1488.493491,89.44284928,3.045407637,-13.44999966,-76.1333312,160403.1409,1750.231,9164.689266,0,0,16.58922559,,,,,,,,,,,1,2
Peru,Ica,1728.09,52,1.6677,6.0638,62.2314,773.6518,1395.9256,162616.7269,9410.200101999999,0,0,1.034495626,13.70858425,1771.922743,77.02856895,2.983497537,-14.06400299,-75.7439997,162616.7269,1728.09,9410.200101999999,0,0,11.34591014,,,,,,,,,,,1,3
Peru,Pisco,607.0504,11,1.0496,3.1342,60.1249,291.6536,503.5294,52187.505189999996,8596.903909999999,0,0,1.024671609,15.17531625,1957.9536620000001,73.52941209,3.217421125,-13.69999974,-76.21666711,52187.505189999996,607.0504,8596.903909999999,0,0,23.36363636,,,,,,,,,,,1,3
Peru,Huancayo,3836.696,85,1.2984,9.6237,60.7269,2168.75,3700.4584,395609.7613,10311.19872,0,0,1.029330178,12.12628851,1695.1232969999999,80.251568,3.017121945,-12.07500293,-75.21100166,395609.7613,3836.696,10311.19872,0,0,6.730017762,,,,,,,,,,,2,3
Peru,Chiclayo,3337.5601,61,1.1883,3.7195,61.5551,1752.2738,2695.0825,538601.6594,16137.587319999999,0,0,1.015271821,17.25632698,2184.910782,74.5600244,3.182616557,-6.762996005,-79.8370017,538601.6594,3337.5601,16137.587319999999,0,0,15.08,,,,,,,,,,,2,3
Peru,Lima,53567.7339,327,0.4158,12.6495,60.6204,33262.8096,48828.6759,8658177.319,16163.046890000001,1,1,1.0306965129999999,15.24154924,2059.946799,81.25257591,3.094293499,-12.08199594,-77.0450036,8658177.319,53567.7339,16163.046890000001,1,1,29.60867818,,,,,,,,,,,4,3
Peru,Trujillo,6724.0776,92,0.9004,4.9202,60.8871,3644.8375,5538.3363,782272.0814,11633.890159999999,0,0,1.0167735709999999,13.2054476,1906.182318,83.58069784,3.2408077410000002,-8.111667,-79.028056,782272.0814,6724.0776,11633.890159999999,0,0,12.9410609,,,,,,,,,,,2,3
Peru,Iquitos,2807.1890000000003,70,1.5695,5.89,60.1071,1655.6853,2630.5921,404326.1085,14403.232719999998,0,0,1.028479998,7.328326623,1256.242552,97.46350909,2.90443686,-3.7529999960000002,-73.19099658,404326.1085,2807.1890000000003,14403.232719999998,0,0,9.642269563,,,,,,,,,,,2,4
Peru,Piura,3295.4382,58,0.9634,6.6952,60.4912,1661.1974,3034.7158,371073.5291,11260.211959999999,0,0,1.016723245,16.21003432,2195.061889,81.14014425,3.216815225,-5.1939989330000005,-80.62499666,371073.5291,3295.4382,11260.211959999999,0,0,7.9335896539999995,,,,,,,,,,,2,3
Peru,Sullana,1335.6902,26,1.1555,3.8569999999999998,60.1232,568.9725,958.5236,176350.5782,13202.95714,0,0,1.013398275,13.68848152,1992.42823,82.31301193,3.360390831,-4.88583778,-80.68310076,176350.5782,1335.6902,13202.95714,0,0,7.253481894,,,,,,,,,,,1,3
Peru,Juliaca,2749.409,65,1.5153,5.5389,60.5698,1651.1601,2576.0562,238014.0544,8656.913826,0,0,1.011043411,10.91495193,1779.0464350000002,91.27163857,3.292472617,-15.49999988,-70.1333312,238014.0544,2749.409,8656.913826,0,0,4.984011628,,,,,,,,,,,2,2
Peru,Puno,1069.4691,21,1.1572,4.4926,60.0484,484.0561,821.3434,128338.0426,12000.15359,0,0,1.044091635,9.722588877,1496.440377,88.75972657,3.0960620530000003,-15.83333294,-70.03333272,128338.0426,1069.4691,12000.15359,0,0,5.721649485,,,,,,,,,,,1,1
Peru,Tarapoto,1356.2112,64,2.8901,3.9996,60.9452,726.3817,1186.0523,121930.6921,8990.546601,0,0,1.021940071,8.53193765,1479.421438,98.95658952,3.189504373,-6.501388891,-76.36555465,121930.6921,1356.2112,8990.546601,0,0,11.34757835,,,,,,,,,,,1,2
Peru,Tacna,3334.3209,41,0.7609999999999999,6.2688,60.5598,1991.1487,3217.4508,258970.2824,7766.809495999999,0,0,1.014597245,18.62098486,2299.9649059999997,73.41589523,3.1838211110000003,-18.01800003,-70.25100264,258970.2824,3334.3209,7766.809495999999,0,0,14.24408673,,,,,,,,,,,2,3
Peru,Tumbes,867.06,24,1.5872,4.435,60.2415,487.9472,850.9447,100271.4678,11564.53622,0,0,1.027704482,13.69968643,1813.046427,77.36010568,3.0182101980000002,-3.5666665139999996,-80.46666705,100271.4678,867.06,11564.53622,0,0,9.716814159,,,,,,,,,,,1,3
Peru,Pucallpa,3931.0232,89,1.3897,4.5023,60.836000000000006,1675.9116,2730.426,297898.3933,7578.144943000001,0,0,1.013305611,8.148138474,1431.937487,99.28386113,3.226319135,-8.387001005,-74.52700159999999,297898.3933,3931.0232,7578.144943000001,0,0,7.72339825,,,,,,,,,,,2,2
Costa Rica,San Jose,27118.6785,915,1.9595,14.6136,61.0583,12070.2451,20783.6675,1867603.4109999998,6886.770836,0,0,1.079642444,6.40942849,1165.9962189999999,102.714956,2.573978615,9.930474081,-84.0786206,1867603.4109999998,27118.6785,6886.770836,0,0,5.9528081120000005,,,,,,,,,,,4,5
El Salvador,San Miguel,1937.6124,57,1.8318,5.0606,60.5617,1104.3702,1773.589,192246.6997,9921.847002,0,0,1.023230232,11.00490929,1698.6923769999999,86.84893598,2.912883087,13.47299998,-88.17699568,192246.6997,1937.6124,9921.847002,0,0,8.369114878,,,,,,,,,,,1,1
El Salvador,San Salvador,12927.5104,488,2.322,8.2925,60.2767,4874.9292,7925.3786,1588746.155,12289.65327,1,1,1.068359463,8.282046305,1358.824497,91.79440366,2.588381578,13.70141095,-89.20023261,1588746.155,12927.5104,12289.65327,1,1,8.87517337,,,,,,,,,,,3,5
El Salvador,Santa Ana,1482.5688,93,3.4096,4.0613,60.7493,498.39,916.9372,203240.4652,13708.658959999999,0,0,1.04265833,11.84340481,1778.7282329999998,84.11854517,2.755015541,13.994167000000001,-89.559722,203240.4652,1482.5688,13708.658959999999,0,0,9.067055394,,,,,,,,,,,1,1
Guatemala,Escuintla,1113.3892,44,2.0358,4.4695,61.9779,344.5934,668.9084,113230.1871,10169.85846,0,0,1.087081839,6.943212779,1242.58031,105.41559280000001,2.80859375,14.30000022,-90.78333268,113230.1871,1113.3892,10169.85846,0,0,10.50218341,,,,,,,,,,,1,5
Guatemala,Guatemala City,20006.384,548,1.5957,9.381,61.5595,6145.8195,10549.9092,2481816.0719999997,12405.12933,1,0,1.073863106,10.87351111,1601.575677,84.75606075,2.749010513,14.61800707,-90.52489769,2481816.0719999997,20006.384,12405.12933,1,0,8.258666667,,,,,,,,,,,3,1
Guatemala,Quetzaltenango,2985.5686,146,2.7353,8.172,61.1828,1333.1758,2383.4642,177654.7409,5950.446343,0,0,1.055303195,7.851026553,1226.3159759999999,88.86265966,2.7340519139999997,14.83329601,-91.50000271,177654.7409,2985.5686,5950.446343,0,0,8.895348837,,,,,,,,,,,2,1
Mexico,Aguascalientes,11884.6874,331,1.7599,10.5435,60.5249,6299.3619,9969.0603,753889.3236,6343.370822999999,0,0,1.032525958,11.985570300000001,1762.914211,86.06322771,3.0051222660000003,21.88333317,-102.3000031,753889.3236,11884.6874,6343.370822999999,0,0,8.317639674,,,,,,,,,,,3,3
Mexico,Ensenada,5004.725,125,1.421,7.5966,61.6273,2140.9179,3762.9304,208338.2583,4162.835449,0,0,1.0408095590000002,8.235867899,1422.431367,98.50714533,3.017108852,31.86666679,-116.6166686,208338.2583,5004.725,4162.835449,0,0,6.536001775,,,,,,,,,,,2,1
Mexico,Mexicali,15898.038,260,1.125,7.3746,60.443000000000005,8686.993,12628.1422,619228.7971,3894.998425,0,0,1.024815843,8.108847499,1449.73593,101.9869538,3.1327613569999997,32.65499695,-115.4670027,619228.7971,15898.038,3894.998425,0,0,10.86204811,,,,,,,,,,,3,2
Mexico,Tijuana,19516.1512,392,1.2531,7.6492,61.1666,4479.5622,7180.0949,1407855.334,7213.800139,0,0,1.061079444,8.601479346,1548.321234,102.0767695,2.8421512630000003,32.5333328,-117.01667009999998,1407855.334,19516.1512,7213.800139,0,0,7.188991259,,,,,,,,,,,3,1
Mexico,La Paz,4488.4828,68,0.9175,7.8013,60.5257,2550.6685,4211.733,165736.2877,3692.4813689999996,0,0,1.0303818759999999,6.18014288,1193.354706,109.34165800000001,3.256781193,24.142641,-110.312753,165736.2877,4488.4828,3692.4813689999996,0,0,6.146320284,,,,,,,,,,,2,4
Mexico,Campeche,3285.6304,58,1.1507,4.6066,60.5382,2010.549,3084.2517,192461.9526,5857.68795,0,0,1.032165536,9.600326024,1539.734661,93.6000999,3.0522610919999997,19.830125,-90.534909,192461.9526,3285.6304,5857.68795,0,0,7.238027162000001,,,,,,,,,,,2,1
Mexico,Ciudad del Carmen,2515.4084,34,0.9142,3.4294,60.7801,1600.7017,2366.6033,137584.4054,5469.661224,0,0,1.02752329,7.3189923939999995,1318.721537,103.2246816,3.064503961,18.63333324,-91.83333582,137584.4054,2515.4084,5469.661224,0,0,11.51178733,,,,,,,,,,,1,4
Mexico,Chihuahua,15409.17,350,1.5109,8.2062,60.861000000000004,8136.178000000001,12231.0926,742970.0259,4821.609639,1,0,1.030792589,10.96657625,1745.100973,90.87547831,3.176459219,28.630997999999998,-106.07399960000001,742970.0259,15409.17,4821.609639,1,0,6.350405922,,,,,,,,,,,3,2
Mexico,Juarez,23562.9186,417,1.2173,8.1898,60.3498,12350.6883,17955.3184,1247331.595,5293.625128,0,0,1.041808724,10.06801471,1625.562435,92.49691395,3.129761189,31.691802000000003,-106.424224,1247331.595,23562.9186,5293.625128,0,0,7.235469449,,,,,,,,,,,3,1
Mexico,Cuauhtemoc,2652.2121,71,1.6191,7.1956,62.0099,1478.2614,2444.2054,63978.910910000006,2412.2867690000003,0,0,1.016386352,8.874829965,1478.600495,92.79161484,3.309711955,28.41666602,-106.8666686,63978.910910000006,2652.2121,2412.2867690000003,0,0,4.327819549,,,,,,,,,,,2,2
Mexico,Delicias,2379.8721,69,1.7042,6.2221,60.3983,1136.6866,1933.7814,99310.01884,4172.9178,0,0,1.016655149,9.05476641,1535.039271,96.25735927,3.306048835,28.18698,-105.461623,99310.01884,2379.8721,4172.9178,0,0,7.393442622999999,,,,,,,,,,,1,2
Mexico,Hidalgo del Parral,1551.6872,56,1.7998,3.927,63.8016,425.0066,852.2317,96485.28904,6218.077647,0,0,1.045422632,10.39015744,1463.87564,81.10043456,3.049626308,26.93333239,-105.66666399999998,96485.28904,1551.6872,6218.077647,0,0,4.594517419,,,,,,,,,,,1,1
Mexico,San Cristobal de las Casas,2021.13,30,0.9649,4.3636,60.6593,1263.1097,1943.0639,178351.3244,8824.337096,0,0,1.03888547,6.331638746,1090.269159,98.92995215,2.955329949,16.739279999999997,-92.640196,178351.3244,2021.13,8824.337096,0,0,9.080118694,,,,,,,,,,,1,4
Mexico,Tapachula,3055.1375,125,2.4075,4.7333,60.4315,1423.7071,2419.4968,229363.0151,7507.446961,0,0,1.037910361,8.449933956,1392.008265,92.98633886,2.980620155,14.8999996,-92.28333266,229363.0151,3055.1375,7507.446961,0,0,11.30181818,,,,,,,,,,,1,1
Mexico,Tuxtla Gutierrez,6867.896,80,0.7911,6.5319,60.3841,4541.4018,6687.1859,509410.2072,7417.263023,0,0,1.037556149,13.40635808,1969.5302140000001,82.89146599,3.0081061160000004,16.74399599,-93.10899569,509410.2072,6867.896,7417.263023,0,0,10.90491037,,,,,,,,,,,3,3
Mexico,Acuna,2559.8688,32,0.7758,4.6302,61.3979,1390.3815,2240.2139,122636.5951,4790.735277000001,0,0,1.019764478,10.66657166,1595.892629,84.78324309999999,3.252183651,29.323529999999998,-100.95491700000001,122636.5951,2559.8688,4790.735277000001,0,0,8.22623289,,,,,,,,,,,1,2
Mexico,Monclova,6667.9236,116,1.1563,5.9163,61.0799,3896.0967,5861.8144,267293.3488,4008.6466060000002,0,0,1.021765749,9.12923332,1466.471574,91.70151372,3.195324448,26.899999600000005,-101.416664,267293.3488,6667.9236,4008.6466060000002,0,0,8.466623037,,,,,,,,,,,2,2
Mexico,Piedras Negras,3541.5021,83,1.4003,6.9399,61.7415,1831.2563,3065.0157,147243.201,4157.650742,0,0,1.025330728,8.040052147,1426.307229,97.70222538,3.135954617,28.70000078,-100.51667009999998,147243.201,3541.5021,4157.650742,0,0,9.545239968999999,,,,,,,,,,,2,2
Mexico,Saltillo,14119.1082,261,1.1671,6.7046,61.5111,5569.0435,8820.856,708394.8199,5017.276726,0,0,1.032357273,9.773070034,1479.358623,87.46073661,3.0522793619999997,25.41799805,-100.9940036,708394.8199,14119.1082,5017.276726,0,0,7.1711969479999995,,,,,,,,,,,3,1
Mexico,Torreon,17867.8884,284,0.9976,9.6011,60.8098,9189.2337,14640.5101,896446.4673,5017.083545,0,0,1.045167637,10.12826509,1591.4431880000002,90.19873028,3.088712993,25.548164,-103.410261,896446.4673,17867.8884,5017.083545,0,0,8.732193732,,,,,,,,,,,3,1
Mexico,Colima,4311.8962,82,1.1923,6.8109,61.1601,2424.5057,3867.2157,243100.4806,5637.896996,0,0,1.01857808,13.735065099999998,2024.1902,82.8187482,3.2729326710000004,19.25099995,-103.7349986,243100.4806,4311.8962,5637.896996,0,0,8.254202751000001,,,,,,,,,,,2,3
Mexico,Manzanillo,2414.6982,79,1.7718,7.724,61.7595,1060.6442,1958.4560000000001,101492.2397,4203.099338,0,0,1.061272536,8.315765054,1374.1082099999999,94.9392065,2.8861872739999996,19.04999917,-104.3333358,101492.2397,2414.6982,4203.099338,0,0,7.1355343179999995,,,,,,,,,,,1,1
Mexico,Tecoman,1191.6,24,1.1757,3.8585,60.1348,592.0742,1014.3073,75190.92317000001,6310.08083,0,0,1.012017045,10.58225834,1611.367509,83.09357468,3.343842365,18.917716,-103.876372,75190.92317000001,1191.6,6310.08083,0,0,7.528041415,,,,,,,,,,,1,2
Mexico,Durango,7535.1644,137,1.1992,7.422999999999999,60.3509,4627.4564,7015.7443,451728.3897,5994.940914,0,0,1.0263551020000001,14.663331699999999,2011.969385,78.98298597,3.1267912210000004,24.02900103,-104.6629976,451728.3897,7535.1644,5994.940914,0,0,4.209197913,,,,,,,,,,,3,3
Mexico,Acapulco de Juarez,8144.3774,202,1.4523,10.5945,60.3893,3740.4671,6387.8479,656313.1833,8058.48928,1,0,1.0860243440000001,7.334066101,1264.0253539999999,99.67290951,2.681020591,16.97437804,-99.93149956,656313.1833,8144.3774,8058.48928,1,0,8.712080537,,,,,,,,,,,3,5
Mexico,Chilpancingo,2060.4597,39,1.1039,6.057,60.912,1044.2141,1790.4071,183929.72600000002,8926.634151999999,0,0,1.06265783,6.770441664,1141.645148,98.61330305,2.8132045089999997,17.55199792,-99.50100259,183929.72600000002,2060.4597,8926.634151999999,0,0,9.458468177,,,,,,,,,,,1,5
Mexico,Iguala,1671.4782,42,1.5212,6.0138,61.0537,942.8885,1557.5024,111480.121,6669.545613,0,0,1.039077547,5.791480451,1069.379084,102.78227629999999,2.9128630710000003,18.35216262,-99.53458315,111480.121,1671.4782,6669.545613,0,0,14.76374745,,,,,,,,,,,1,4
Mexico,Celaya,5407.83,108,1.2352,6.2938,61.9325,2726.0406,4407.6138,323510.8688,5982.267726,0,0,1.051763199,10.31784857,1596.908176,91.06191522,2.97207581,20.52919,-100.814097,323510.8688,5407.83,5982.267726,0,0,13.59546539,,,,,,,,,,,2,1
Mexico,Guanajuato,1445.941,49,1.7737,8.191,61.012,666.5157,1273.4574,107868.3768,7460.086646,0,0,1.156800981,5.307384891,1004.762568,114.9793869,2.71969211,21.01666642,-101.2499999,107868.3768,1445.941,7460.086646,0,0,10.50849377,,,,,,,,,,,1,5
Mexico,Irapuato,4682.067,65,0.871,5.7962,62.0724,2714.9201,4327.4438,331143.9724,7072.597642000001,0,0,1.040385736,9.738695632,1554.9074349999999,95.38592178,2.926660197,20.678939,-101.35639499999999,331143.9724,4682.067,7072.597642000001,0,0,13.07201087,,,,,,,,,,,2,1
Mexico,Leon,14656.5936,243,1.0563,7.4089,60.8147,7412.6696,11635.1571,1260848.728,8602.606258,1,0,1.040471527,10.86639948,1700.20307,92.10006736,3.035330324,21.125581,-101.682354,1260848.728,14656.5936,8602.606258,1,0,11.04169381,,,,,,,,,,,3,1
Mexico,Uriangato,1483.1115,39,1.4794,5.3661,60.6209,663.1238,1178.7258,84300.70077000001,5684.049111,0,0,1.029931631,7.548754428,1329.668376,101.7971656,2.907774022,20.14999956,-101.1833343,84300.70077000001,1483.1115,5684.049111,0,0,13.69583333,,,,,,,,,,,1,4
Mexico,Salamanca,2716.0218,54,1.2372,5.7523,60.7791,1533.6527,2464.5268,144738.484,5329.0654700000005,0,0,1.0479604,7.706978753,1312.1033730000001,99.30040232,3.0330202969999998,20.56666759,-101.1999968,144738.484,2716.0218,5329.0654700000005,0,0,13.64803625,,,,,,,,,,,2,1
Mexico,San Francisco del Rincon,2178.5418,61,1.6126,4.4517,60.7057,801.8542,1392.2636,108216.5983,4967.390925,0,0,1.023964895,4.65372178,913.2879687000001,111.880921,3.104082806,21.01666642,-101.8499984,108216.5983,2178.5418,4967.390925,0,0,11.61155698,,,,,,,,,,,1,5
Mexico,Pachuca de Soto,7843.5,105,0.8056,8.6568,61.2609,3951.6334,6566.920999999999,374497.1772,4774.618183,1,0,1.051382928,8.508860398,1294.879116,90.20838696,2.866654814,20.12000396,-98.75500159,374497.1772,7843.5,4774.618183,1,0,18.54869817,,,,,,,,,,,3,1
Mexico,Tula de Allende,2195.1051,103,2.2680000000000002,3.9127,61.5984,126.3168,261.3396,51067.51565,2326.432311,0,0,1.085309327,1.5604061169999999,396.4043461,152.7229862,2.867036011,20.04999919,-99.34999836,51067.51565,2195.1051,2326.432311,0,0,19.55828221,,,,,,,,,,,1,5
Mexico,Tulancingo de Bravo,2898.54,120,2.1381,6.4524,62.68,725.7867,1405.3751,157060.2865,5418.599932,0,0,1.021358706,3.75488726,639.9402606000001,97.36484391,3.128606357,20.090139,-98.367713,157060.2865,2898.54,5418.599932,0,0,16.62905983,,,,,,,,,,,1,5
Mexico,Guadalajara,51116.232,570,0.7442,10.3529,61.1995,28583.7652,42830.2526,4021779.62,7867.912807,1,1,1.042525201,10.53123385,1613.018801,88.05251679,3.0032142810000004,20.67399906,-103.3440026,4021779.62,51116.232,7867.912807,1,1,9.578303081,,,,,,,,,,,4,1
Mexico,Ocotlan,1431.6296,31,1.263,4.1832,60.5511,674.4932,1156.4376,80308.61422,5609.592857,0,0,1.0339506520000001,9.160422041,1442.088031,89.72725439,3.1040072039999997,20.3500004,-102.76667009999998,80308.61422,1431.6296,5609.592857,0,0,10.77099237,,,,,,,,,,,1,1
Mexico,Puerto Vallarta,2956.4088,68,1.2838,6.2,61.0577,1305.249,2338.5131,200381.43,6777.863353,0,0,1.044891062,9.740961599,1491.7981710000001,85.28711765,3.0906303889999998,20.61666683,-105.2499999,200381.43,2956.4088,6777.863353,0,0,6.2816229120000004,,,,,,,,,,,2,1
Mexico,Mexico City,164998.1664,1608,0.6352,13.075999999999999,60.7238,87945.4285,134924.6385,18557496.67,11247.09242,1,1,1.041315342,8.417139775,1446.845751,98.72312743,2.896321085,19.42704908,-99.12757465,18557496.67,164998.1664,11247.09242,1,1,19.40649446,,,,,,,,,,,4,1
Mexico,Tianguistenco,674.9989999999999,26,1.9042,6.2291,61.4216,294.7168,596.1532,52951.503619999996,7844.667203,0,0,1.052174324,4.434007131,929.1793045,123.8294125,3.018456376,19.18333244,-99.44999685,52951.503619999996,674.9989999999999,7844.667203,0,0,16.72796935,,,,,,,,,,,1,5
Mexico,Toluca,23179.8698,673,1.8506,12.0425,60.6011,12090.9584,18969.2009,1296376.0420000001,5592.682796,0,0,1.046537384,5.778243535,1211.3937970000002,119.7890461,2.775553998,19.28300399,-99.66670171,1296376.0420000001,23179.8698,5592.682796,0,0,17.344627300000003,,,,,,,,,,,3,5
Mexico,La Piedad,1339.9189999999999,70,2.6585,6.6596,60.8555,510.6926,1003.548,71865.78326,5363.438359000001,0,0,1.031126915,8.972362322999999,1420.613658,91.02985155,3.125597566,20.346419,-102.031827,71865.78326,1339.9189999999999,5363.438359000001,0,0,12.4959552,,,,,,,,,,,1,1
Mexico,Morelia,9517.858,196,1.2382,6.2553,63.1887,3768.1743,6267.1901,661814.6607,6953.397725,0,0,1.043127869,13.41917142,1874.6935629999998,81.84043755,2.988940795,19.69700406,-101.1850017,661814.6607,9517.858,6953.397725,0,0,12.7578534,,,,,,,,,,,2,3
Mexico,Uruapan,3570.658,130,2.2506,6.8741,60.4333,2113.1199,3418.3073,261632.7524,7327.293901000001,0,0,1.03238146,11.0389052,1618.612288,82.60900452,3.023691545,19.41666597,-102.0666655,261632.7524,3570.658,7327.293901000001,0,0,10.76754891,,,,,,,,,,,2,1
Mexico,Zamora,2014.38,31,0.8834,5.5719,60.3676,599.9358,1045.13,160250.6514,7955.333719,0,0,1.038518796,11.1400158,1508.651867,79.68757621,3.107558927,19.98333361,-102.26666999999999,160250.6514,2014.38,7955.333719,0,0,11.81679389,,,,,,,,,,,1,1
Mexico,Cuautla,3067.2892,101,1.8932,9.1679,60.7233,1647.5788,2865.6781,201054.4347,6554.790538,0,0,1.026281233,5.11690856,1014.361199,115.19117279999999,2.846906676,18.7999992,-98.94999679,201054.4347,3067.2892,6554.790538,0,0,20.33689205,,,,,,,,,,,2,5
Mexico,Cuernavaca,15486.9309,259,1.0694,7.9767,61.6439,8156.5024,12755.8015,787000.0784,5081.704885,0,0,1.068078954,6.057258973,1159.407214,109.7061085,2.717156105,18.92099707,-99.22100358,787000.0784,15486.9309,5081.704885,0,0,19.10117878,,,,,,,,,,,3,5
Mexico,Tepic,5133.597,70,0.8793,5.8526,60.2521,2520.0504,3907.8454,339035.6757,6604.248007,0,0,1.035020503,13.96259958,1886.770433,77.18433182,3.09732094,21.50800195,-104.8969976,339035.6757,5133.597,6604.248007,0,0,6.711301552999999,,,,,,,,,,,2,3
Mexico,Monterrey,55919.0928,654,0.7596,9.5315,61.2856,26438.4077,40706.8323,3746970.479,6700.702424,1,1,1.059543442,10.97357129,1694.3128739999997,92.43490393,3.0251772860000004,25.677,-100.3169966,3746970.479,55919.0928,6700.702424,1,1,8.41260745,,,,,,,,,,,4,1
Mexico,Oaxaca de Juarez,8251.653,134,0.975,9.5052,60.7339,4095.5433,6821.3343,500571.6752,6066.3221920000005,0,0,1.0383318209999999,6.572617987,1192.966421,105.71851869999999,2.9096617830000002,17.06200197,-96.71399962,500571.6752,8251.653,6066.3221920000005,0,0,8.719607843,,,,,,,,,,,3,4
Mexico,San Juan Bautista Tuxtepec,1523.6092,61,2.1058,4.8604,60.333999999999996,437.82599999999996,832.4357,90347.57736,5929.836202,0,0,1.032355885,4.064454791,747.1843276000001,103.83876590000001,2.949876746,18.10000039,-96.11666855,90347.57736,1523.6092,5929.836202,0,0,14.61363636,,,,,,,,,,,1,5
Mexico,Santo Domingo Tehuantepec,926.5502,38,2.2963,4.8202,61.027,452.5529,808.2652,55512.32212999999,5991.292659000001,0,0,1.063688672,10.15894661,1637.108326,91.89762882,2.841949778,16.33333399,-95.2333297,55512.32212999999,926.5502,5991.292659000001,0,0,11.59365325,,,,,,,,,,,1,1
Mexico,Puebla de Zaragoza,35085.3996,654,1.1740000000000002,11.0582,60.7054,15085.0587,23950.6718,2139522.659,6098.039183,1,0,1.033746865,6.418633548,1282.9845970000001,113.25821780000001,2.881295633,19.04863495,-98.19294263,2139522.659,35085.3996,6098.039183,1,0,19.40406223,,,,,,,,,,,3,4
Mexico,Tehuacan,3310.6479999999997,80,1.4976,5.9086,62.3185,1686.8049,2721.7699,228738.8554,6909.18265,0,0,1.017490304,8.222428352,1334.01493,91.82576168,3.132612274,18.465448000000002,-97.40476600000001,228738.8554,3310.6479999999997,6909.18265,0,0,12.9600726,,,,,,,,,,,2,2
Mexico,Teziutlan,404.1882,46,2.3035,2.8489,108.4611,12.8194,63.335,86741.03856,21460.46131,0,0,1.085478358,6.574036394,1238.884638,112.554106,2.7129951360000004,19.81666765,-97.34999843,86741.03856,404.1882,21460.46131,0,0,15.09268293,,,,,,,,,,,4,5
Mexico,Queretaro,15466.3992,216,0.8826,10.2595,60.8428,8895.3335,14075.4654,790632.2245,5111.931111,0,0,1.054986416,10.969871000000001,1622.803236,87.03931291,2.820009283,20.58299993,-100.3869986,790632.2245,15466.3992,5111.931111,0,0,13.59628378,,,,,,,,,,,3,1
Mexico,San Juan del Rio,3393.1827,87,1.4563,5.8315,61.1032,1467.5907,2583.7958,125680.0305,3703.9010740000003,0,0,1.051134716,5.68971799,1020.651669,106.40825249999999,2.9493142519999997,20.38333319,-99.99999992,125680.0305,3393.1827,3703.9010740000003,0,0,16.34487952,,,,,,,,,,,2,5
Mexico,Cancun,7732.8044,158,1.3502,6.2467,60.7256,4581.2274,6932.8921,554376.743,7169.159205,0,0,1.049311951,11.01004168,1754.6790239999998,91.77434762,2.994769633,21.159944,-86.851741,554376.743,7732.8044,7169.159205,0,0,4.501131222,,,,,,,,,,,3,1
Mexico,Chetumal,2465.0112,32,0.8598,3.873,60.3785,1519.1408,2293.6591,129536.5611,5255.011585,0,0,1.025285353,14.25839277,2046.180971,80.83258541,3.4462159860000003,18.49799701,-88.2909987,129536.5611,2465.0112,5255.011585,0,0,5.632978304,,,,,,,,,,,1,3
Mexico,Playa del Carmen,1723.8612,68,2.1932,5.0092,61.3173,675.4569,1214.8633,107278.3286,6223.146227,0,0,1.052871783,11.68516469,1830.3037359999998,88.17378146,3.10723192,20.643828,-87.068435,107278.3286,1723.8612,6223.146227,0,0,4.6591780819999995,,,,,,,,,,,1,3
Mexico,Culiacan,10551.698,214,1.2863,6.0302,60.583999999999996,3942.9933,6216.9887,566626.3912,5370.0060490000005,0,0,1.02494547,10.5572927,1641.242329,87.56381415,3.110435607,24.80499892,-107.38600159999999,566626.3912,10551.698,5370.0060490000005,0,0,6.204479769,,,,,,,,,,,3,2
Mexico,Los Mochis,4554.991,70,0.9891,6.5158,60.4977,2674.6904,4155.5443,215757.3158,4736.7242479999995,0,0,1.024214341,11.02205747,1835.256793,93.29009839,3.2263178239999997,25.76666642,-108.96666709999998,215757.3158,4554.991,4736.7242479999995,0,0,7.492612293,,,,,,,,,,,2,2
Mexico,Mazatlan,5320.084,88,1.0327,7.4179,60.3021,3034.1443,4860.1127,350136.042,6581.405579,0,0,1.059868392,15.35384533,1927.663515,73.21857466,3.200096743,23.36150697,-106.27000159999999,350136.042,5320.084,6581.405579,0,0,5.5871313670000005,,,,,,,,,,,2,3
Mexico,Ciudad Valles,2432.2512,51,1.2434,5.3123,61.1178,1072.3493,1808.3717,120159.0889,4940.244171,0,0,1.016268854,9.484323275,1562.868777,93.40163629,3.243562232,21.98333364,-99.01667012,120159.0889,2432.2512,4940.244171,0,0,12.15998112,,,,,,,,,,,1,2
Mexico,Rio Verde,1249.3806,31,1.3389,4.2074,60.4994,296.7962,550.0201,54792.78697000001,4385.598214,0,0,1.029889284,4.6418763819999995,926.0105494,113.4595045,2.9477413639999996,21.93333241,-99.9833297,54792.78697000001,1249.3806,4385.598214,0,0,9.832908162999999,,,,,,,,,,,1,5
Mexico,San Luis Potosi,16216.3839,211,0.8991,7.6445,61.06,9952.9488,14404.2173,905813.0008,5585.790422,0,0,1.037658702,9.310234932,1479.002834,91.77380722,2.9235598389999997,22.151997,-100.9799997,905813.0008,16216.3839,5585.790422,0,0,8.308673469,,,,,,,,,,,3,1
Mexico,Obregon,5085.3612,82,1.0764,5.4565,60.2189,3127.473,4684.955,250251.302,4921.014481,0,0,1.0216896340000001,10.86356539,1675.590941,88.55705318,3.144541017,27.479791,-109.93466699999999,250251.302,5085.3612,4921.014481,0,0,7.692791377000001,,,,,,,,,,,2,2
Mexico,Guaymas,2469.6906,39,0.8919,6.4319,60.1476,1152.5665,2040.6067,91284.91634,3696.2094979999997,0,0,1.030177233,8.235301357,1233.842325,85.73238142,2.95832268,27.93333241,-110.9000014,91284.91634,2469.6906,3696.2094979999997,0,0,8.263729246,,,,,,,,,,,1,1
Mexico,Hermosillo,13671.6336,144,0.7007,8.5316,60.611000000000004,8396.5989,12621.1262,602425.9731,4406.394652,0,0,1.036737671,9.656937368,1575.3505910000001,91.33973237,3.0144834539999996,29.09400307,-110.9619987,602425.9731,13671.6336,4406.394652,0,0,8.55581766,,,,,,,,,,,3,1
Mexico,Navojoa,2704.4105,55,1.2834,5.3091,60.1791,1490.0157,2361.0469,103947.0529,3843.612947,0,0,1.013359051,9.613567133,1615.360218,94.5574239,3.3141658439999997,27.10000044,-109.43333429999998,103947.0529,2704.4105,3843.612947,0,0,7.726344719,,,,,,,,,,,1,2
Mexico,Nogales,3519.2707,47,0.8451,7.2956,60.4298,2188.9545,3459.0665,197148.8787,5601.982192,0,0,1.07814925,6.184681573,1208.254729,112.55366210000001,2.687647894,31.33333404,-110.93333429999998,197148.8787,3519.2707,5601.982192,0,0,6.731914894,,,,,,,,,,,2,5
Mexico,San Luis Rio Colorado,5160.8726,94,1.3073,5.0785,60.2212,3566.6692,4969.1913,154704.78,2997.649234,0,0,1.003453514,9.874354856,1856.163584,98.57093993,3.70295203,32.48333356,-114.800003,154704.78,5160.8726,2997.649234,0,0,16.60612899,,,,,,,,,,,2,2
Mexico,Villahermosa,7055.72,223,1.7218,10.8179,60.7832,2582.9244,4741.1985,471873.8151,6687.809979,0,0,1.056569367,4.886719306,978.9605495,115.51127199999999,2.775724423,17.97599701,-92.93699661,471873.8151,7055.72,6687.809979,0,0,15.95681582,,,,,,,,,,,3,5
Mexico,Victoria,5569.2924,123,1.4296,4.8751,61.0672,2931.9956,4529.5947,284677.8259,5111.564057,0,0,1.0244124,9.901943883,1590.061414,92.12147476,3.1217545939999995,23.73333359,-99.13333118,284677.8259,5569.2924,5111.564057,0,0,8.073959938,,,,,,,,,,,2,2
Mexico,Matamoros,7721.91,126,1.077,7.0984,61.2708,4509.0364,6831.2172,425639.487,5512.101111999999,0,0,1.023703308,10.6468778,1715.300829,94.21432414,3.156382979,25.88333324,-97.49999993,425639.487,7721.91,5512.101111999999,0,0,7.471979434,,,,,,,,,,,3,2
Mexico,Nuevo Laredo,6573.335999999999,210,1.841,6.2349,60.7022,2275.0333,3947.9243,341507.8754,5195.355709,0,0,1.0201791629999999,8.769405754,1489.672438,96.02851894,3.2971463389999998,27.50000003,-99.51667008,341507.8754,6573.335999999999,5195.355709,0,0,8.7625,,,,,,,,,,,2,2
Mexico,Reynosa,10129.8641,181,1.1297,9.4329,60.6699,5814.6326,9196.4019,522342.0672,5156.4588969999995,0,0,1.030639903,7.5377671820000005,1324.794845,101.96331490000001,3.0843996060000003,26.08333397,-98.28333266,522342.0672,10129.8641,5156.4588969999995,0,0,8.248703442,,,,,,,,,,,3,4
Mexico,Tampico,12435.202,260,1.3072,6.0497,60.2886,3875.9792,6199.7602,707546.7225,5689.865491,0,0,1.026618998,6.745620144,1215.072296,100.7293005,3.174670185,22.24323907,-97.84262663,707546.7225,12435.202,5689.865491,0,0,10.93855607,,,,,,,,,,,3,4
Mexico,Tlaxcala,4310.6416,184,2.3275,10.2911,61.1525,1746.0039,3202.0886,229798.5889,5330.962197999999,0,0,1.040725342,5.7325871489999995,1225.579705,123.48889059999999,2.754534462,19.31000398,-98.23699769,229798.5889,4310.6416,5330.962197999999,0,0,19.19439868,,,,,,,,,,,3,5
Mexico,Acayucan,762.1185,33,2.3851,3.6871,60.4296,312.3265,567.0047,54300.003,7124.86262,0,0,1.026031589,6.982659945,1277.461463,102.90807209999998,3.058272633,17.949410999999998,-94.917532,54300.003,762.1185,7124.86262,0,0,12.154277699999998,,,,,,,,,,,1,4
Mexico,Coatzacoalcos,4450.6764,87,1.1646,4.8159,62.6342,1332.7279,2236.871,253817.2919,5702.887916,0,0,1.026654358,8.17650539,1473.310411,100.43628259999998,3.1102088169999997,18.14999963,-94.41666397,253817.2919,4450.6764,5702.887916,0,0,13.38588235,,,,,,,,,,,1,2
Mexico,Cordoba,2635.5559999999996,86,1.8125,7.0401,61.125,1162.695,2093.2401,224941.2087,8534.854403,0,0,1.049864851,8.618335456,1382.510515,91.17206511,2.8396894269999997,18.88333322,-96.93333428,224941.2087,2635.5559999999996,8534.854403,0,0,16.44836272,,,,,,,,,,,1,1
Mexico,Minatitlan,3154.2318,57,1.1305,5.5525,61.0277,1782.0072,2848.5065,189172.6069,5997.4258979999995,0,0,1.029124701,4.694531914,986.5966946000001,117.03794979999999,3.0090759080000002,17.990329,-94.55119300000001,189172.6069,3154.2318,5997.4258979999995,0,0,12.44515612,,,,,,,,,,,2,5
Mexico,Orizaba,3837.6008,88,1.3676,8.3812,61.0958,2129.9723,3571.5,308665.8029,8043.198949,0,0,1.034000471,5.410519689,1106.417793,113.39248300000001,3.09124714,18.85000043,-97.09999835,308665.8029,3837.6008,8043.198949,0,0,14.81320755,,,,,,,,,,,2,4
Mexico,Poza Rica de Hidalgo,4373.0946,126,1.7083,7.644,60.7156,2253.9342,3801.5832,260763.8174,5962.905431,0,0,1.030259978,9.687038016,1337.112527,77.98908473,2.888216728,20.536174,-97.45803000000001,260763.8174,4373.0946,5962.905431,0,0,14.41123039,,,,,,,,,,,2,1
Mexico,Veracruz,9825.3936,198,1.2615,6.252999999999999,60.9659,4130.7072,6598.5902,656355.0125,6680.192975,0,0,1.038221075,10.49432537,1673.150285,90.96723624,3.141310541,19.18500308,-96.12299657,656355.0125,9825.3936,6680.192975,0,0,14.64620939,,,,,,,,,,,3,1
Mexico,Xalapa,5335.4737,109,1.2787,6.312,60.9786,3060.3863,4889.3496,478137.1387,8961.481158,0,0,1.061605575,13.00218318,1816.053313,80.61467518,2.8182205189999996,19.533333,-96.916667,478137.1387,5335.4737,8961.481158,0,0,14.88164894,,,,,,,,,,,2,3
Mexico,Merida,17185.5986,278,1.0859999999999999,7.1651,60.7446,8878.4881,13224.763,855786.5143,4979.674915,0,0,1.0221179390000001,10.84914343,1816.932682,96.90912072,3.2340030910000004,20.98299594,-89.62800257,855786.5143,17185.5986,4979.674915,0,0,5.866111952000001,,,,,,,,,,,3,2
Mexico,Fresnillo,1969.1997,39,1.2296,5.7029,60.3623,1184.8668,1908.5128,82500.93864,4189.5662520000005,0,0,1.018144154,6.633973299999999,1185.984383,101.3911526,3.288799598,23.16666596,-102.8833312,82500.93864,1969.1997,4189.5662520000005,0,0,4.962146515,,,,,,,,,,,1,4
Mexico,Zacatecas,3250.3504,121,2.0724,5.7674,60.651,742.0877,1333.025,207724.3102,6390.828995,0,0,1.052690142,11.23005281,1722.084695,90.71731267,2.917436662,22.76399694,-102.5549997,207724.3102,3250.3504,6390.828995,0,0,5.673212883,,,,,,,,,,,1,1
Nicaragua,Chinandega,836.82,18,1.1786,5.0284,62.4145,366.278,668.5027,106444.62400000001,12720.13385,0,0,1.035870969,9.102517426,1442.869473,90.05547713,3.002194587,12.61666679,-87.15000140000001,106444.62400000001,836.82,12720.13385,0,0,7.53379224,,,,,,,,,,,1,1
Nicaragua,Esteli,928.8910000000001,38,2.4025,4.129,60.8632,489.2468,833.0611,98345.72145,10587.44539,0,0,1.026463187,11.76220038,1668.936963,81.68296876,3.1286043830000003,13.08333301,-86.34999835,98345.72145,928.8910000000001,10587.44539,0,0,5.056402439,,,,,,,,,,,1,3
Nicaragua,Leon,1375.7408,56,2.3325,4.3208,60.4282,576.5769,1006.1996,150124.1147,10912.24466,0,0,1.029125268,9.947685076,1526.671384,89.13617299,3.069664903,12.43299608,-86.88099568,150124.1147,1375.7408,10912.24466,0,0,7.200598802000001,,,,,,,,,,,1,1
Nicaragua,Managua,10239.311,349,2.1759,7.1655,60.6116,5547.5273,8690.0696,904619.796,8834.781636,0,0,1.041938964,10.25989765,1505.676675,84.84763212,2.90125046,12.132778,-86.25027800000001,904619.796,10239.311,8834.781636,0,0,6.8759954489999995,,,,,,,,,,,3,1
Nicaragua,Masaya,877.9482,38,2.6563,3.6455,60.9313,516.7382,841.9839999999999,119445.1465,13605.00559,0,0,1.029444565,7.155860644,1261.068904,104.2187137,3.0323928939999996,11.96666618,-86.09999837,119445.1465,877.9482,13605.00559,0,0,6.268907563,,,,,,,,,,,1,4
Panama,Panama City,14853.958,367,1.5527,9.7232,60.8475,7725.3844,12292.6779,1143132.815,7695.811861,1,1,1.070854369,6.80565212,1340.448566,110.80054080000001,2.6143681990000003,8.966666233,-79.53333273,1143132.815,14853.958,7695.811861,1,1,4.287459576,,,,,,,,,,,3,5
Panama,Colon,2249.7345,117,2.7179,8.0362,60.4912,711.6261,1361.6749,140436.0999,6242.353521999999,0,0,1.095406361,3.320168916,785.0423153,134.1532348,2.729817708,9.359167145,-79.90139005,140436.0999,2249.7345,6242.353521999999,0,0,4.149112426,,,,,,,,,,,1,5
Panama,David,2347.021,74,1.8945,4.8748,63.6195,943.1853,1569.721,106424.3123,4534.4442,0,0,1.032592285,6.885007102,1353.149871,111.7853899,2.941882265,8.433333379,-82.43333429,106424.3123,2347.021,4534.4442,0,0,3.373563218,,,,,,,,,,,1,4
