L1,COUNTRY,BECNURBPTCH,BECPTCHDENS,BECEFFMESHSIZE,BECAWAVGPTCHAREA,BECAWMNSHPINDX,BECAWMNNNGH,BECADCRCTYAVG,BECADINTDENS,BECADSTTDENS,BECADSTTLGAVG,BECADSTTPNODEAVG,URBAN_PROF,URBAN_PROB,TRANS_PROF,TRANS_PROB,LAT,LONG
Bahia Blanca,Argentina,487,0.2131,77.6331,2644.8505,5.1337,76.6488,1.032771033,3.67073743,938.4364745,142.7773087,3.411744545,2,0.9995,2,0.9791,-38.72527197,-62.27405962
Mar del Plata,Argentina,765,0.5311,601.5286,8368.3755,6.7311,68.6631,1.02175559,10.80174931,2583.854577,130.0727985,3.505520118,4,0.9998,3,0.9677,-37.979858,-57.589794
San Nicolas de los Arroyos,Argentina,166,0.2456,57.7036,1353.3899,4.0292,79.5763,1.028876481,4.375523191,1140.411408,142.470201,3.211101001,2,0.9999,2,0.9863,-33.345709,-60.218394
Tandil,Argentina,491,0.1011,8.7144,1556.2258,3.9911,126.0122,1.066891586,0.707934129,402.6114162,327.9991184,3.23861518,3,0.9993,1,1.0000,-37.31666545,-59.15000144
Catamarca,Argentina,250,0.2131,87.3944,2196.9427,4.7825,72.2277,1.048574644,5.392896426,1115.701114,116.078141,3.191040091,2,0.9998,2,0.9927,-28.46600099,-65.78099958
Cordoba,Argentina,1809,0.6109,1675.7533,16720.7425,8.6569,67.9044,1.050706298,11.86103956,2662.29909,128.227721,3.195562838,1,0.9957,3,0.9889,-31.31600392,-64.17999863
Rio Cuarto,Argentina,1872,0.1008,5.7036,1361.2845,3.7062,227.3486,1.052379346,0.542890982,372.5115392,397.8506567,3.277523578,3,1.0000,1,1.0000,-33.122964,-64.348885
Resistencia,Argentina,445,0.0959,59.317,4432.9149,6.817,74.7533,1.069711472,2.296927222,661.0437714,160.9849045,3.106137067,2,0.9299,1,0.9130,-27.45700194,-58.98699862
Comodoro Rivadavia,Argentina,568,0.0398,2.8667,972.1899,3.1574,126.1183,1.14853407,0.681905567,297.4750114,246.9201039,3.075925926,3,0.9998,1,0.9837,-45.82999795,-67.49999964
Corrientes,Argentina,310,0.5517,314.6681,3684.5797,4.0633,69.7805,1.031139198,12.01607263,2258.386285,104.842222,3.2826532,4,0.9995,3,0.9737,-27.486999,-58.81799661
Buenos Aires,Argentina,7549,0.7563,26892.498,132006.4795,13.2696,62.7371,1.019726499,21.16285525,4572.087321,119.4591993,3.366260753,1,1.0000,3,1.0000,-34.62249601,-58.4498337
Concordia,Argentina,559,0.1692,15.618,1507.0211,3.2215,120.7413,1.040125458,1.399759538,521.7659656,202.5016602,3.275179856,3,0.9978,1,0.9995,-31.39999947,-58.03333272
Parana,Argentina,1037,0.2024,31.8179,2159.3612,4.6096,125.1056,1.056002342,1.852894583,720.6026618,221.004193,3.199150907,3,0.8913,1,0.9948,-31.733333,-60.533333
Formosa,Argentina,358,0.056,8.5886,1749.9509,4.4193,83.5585,1.036903539,0.724734374,230.4510769,170.2139309,3.302694136,3,0.8583,1,0.9997,-26.18299803,-58.17699864
Jujuy,Argentina,276,0.1093,19.559,1180.0878,4.5615,72.921,1.096950085,3.534423329,771.5017918,127.8575923,3.104996965,3,0.8561,2,0.8703,-24.18333227,-65.30000304
Santa Rosa,Argentina,208,0.0273,10.2782,2345.8723,5.4965,120.4968,1.013923101,0.633690985,274.3773654,240.2084339,3.409951652,3,0.9052,1,0.9999,-36.61666476,-64.2833327
La Rioja,Argentina,260,0.0198,8.2121,2547.9585,4.9404,93.0326,1.060361976,0.436725155,131.0780464,168.7502458,3.198843559,2,0.7464,1,0.9996,-29.41299893,-66.85499664
Mendoza,Argentina,2658,0.1829,181.7494,11091.1582,7.4444,83.1285,1.05533457,1.515823488,431.8737628,158.5410342,2.994885917,4,1.0000,1,0.9935,-32.89699806,-68.83000158
San Rafael,Argentina,1123,0.035,1.4752,1082.1987,4.3079,162.6552,1.05546012,0.152873783,114.7949957,347.463116,3.145952722,3,1.0000,1,1.0000,-34.59999838,-68.33333578
Posadas,Argentina,299,0.3147,228.0604,3648.62,4.4801,66.7548,1.034990975,10.40273095,2109.225998,117.1951812,3.211316182,2,0.6478,3,0.5566,-27.39799808,-55.90600168
Neuquen-Plottier-Cipolletti,Argentina,2234,0.102,15.6205,2079.2218,4.4191,128.9648,1.049867571,1.251171544,403.0079198,181.4638507,3.174095963,4,0.9994,1,0.9995,-38.944908,-68.2833326
San Carlos de Bariloche,Argentina,410,0.0741,4.1436,740.2788,4.4184,75.001,1.106901948,0.866398982,292.5813366,192.1238255,2.988778055,3,0.9350,1,0.9979,-41.15000145,-71.30000304
Salta,Argentina,553,0.165,117.4228,4446.8497,5.92,78.7708,1.06072704,3.831420884,840.8979175,121.5329335,3.177787313,2,0.9429,2,0.9853,-24.783333,-65.416667
Santiago del Estero,Argentina,455,0.0778,58.0004,4739.5912,5.5302,83.0039,1.035588904,1.599862977,494.1952003,171.8051004,3.289832182,2,0.9731,1,0.9983,-27.79000206,-64.26899971
Rosario,Argentina,1634,0.4217,668.8705,10459.7196,7.2509,74.4462,1.028850141,7.672037419,2171.455435,159.6598494,3.311923439,4,0.9998,2,0.9840,-32.93773203,-60.66393257
Santa Fe,Argentina,991,0.3331,90.9284,2600.7689,4.0471,76.476,1.032085029,4.302490585,1138.106975,148.4361303,3.285734912,2,0.8844,2,0.9843,-31.617,-60.69799771
San Juan,Argentina,1116,0.8775,537.146,6246.6921,5.4303,76.9456,1.026261368,8.025722558,2064.291995,142.5261949,2.950509701,4,1.0000,2,0.9513,-31.534002,-68.52699868
San Luis,Argentina,492,0.0377,4.1419,1268.2123,4.0074,113.7211,1.058576643,0.49026722,187.6104355,214.5583335,3.155421859,3,0.9950,1,0.9998,-33.31600203,-66.34799971
Villa Mercedes,Argentina,428,0.0311,2.7521,1201.533,3.7158,184.1967,1.079125775,0.312261242,193.5914376,349.163114,3.336302411,3,1.0000,1,1.0000,-33.66666782,-65.46666711
San Miguel de Tucuman-Tafi Viejo,Argentina,1070,0.3431,343.7809,6709.2011,4.7919,72.923,1.055563227,5.194513014,1309.421865,141.7444165,3.129585153,4,1.0000,2,0.9934,-26.82900979,-65.21054418
Rawson-Trelew,Argentina,295,0.0721,7.7218,1129.2471,3.3843,93.4898,1.051202224,1.447981103,433.6734672,169.8148929,3.248937844,3,0.9817,1,0.9988,-43.24999986,-65.30000304
Rio Gallegos,Argentina,338,0.0101,0.8081,1181.4987,2.4029,154.0664,1.089062168,0.161448016,118.0390819,392.3333945,3.252606392,3,1.0000,1,1.0000,-51.62143498,-69.22905093
Rio Branco,Brasil,567,0.0642,17.987,2820.9598,6.9273,70.2329,1.073065815,0.856446044,232.469971,157.2686844,2.828190517,2,0.9778,1,0.9960,-9.979001961,-67.8120027
Arapiraca,Brasil,306,0.8589,93.266,1206.2572,4.3067,87.4488,1.040865373,16.52424677,3519.23646,127.3261039,2.984157824,2,0.9991,3,1.0000,-9.749999859,-36.65000142
Maceio,Brasil,549,0.4637,363.1514,4712.1847,7.2551,83.1626,1.069978284,14.12384614,2627.799604,109.204967,2.763489079,4,1.0000,3,0.9999,-9.676890028,-35.74772063
Macapa,Brasil,402,0.0503,22.2946,2797.8453,5.4139,73.9335,1.051489268,0.722084911,208.7373042,159.0697829,3.045467667,2,0.9877,1,0.9986,0.036000079,-51.04799967
Manaus,Brasil,1172,0.1028,408.2956,19842.0013,6.9808,64.349,1.072019092,2.158135497,427.5606271,115.0307556,2.840770283,4,0.8577,1,0.9383,-3.12200104,-60.01499668
Alagoinhas,Brasil,175,0.2326,38.1085,1533.6659,6.2551,81.4949,1.067596732,3.359314314,818.4316728,149.7633096,2.869505963,2,0.9993,2,0.8665,-12.1174318,-38.43528748
Barreiras,Brasil,260,0.0331,2.0768,732.9747,3.2169,280.063,1.085298384,1.16041495,994.0831286,510.0886266,3.047327339,3,1.0000,1,1.0000,-12.13333314,-44.99999991
Feira de Santana,Brasil,708,0.432,201.4081,4578.801,4.4531,93.0335,1.047097981,7.517040361,1534.862092,121.2278779,2.831238172,4,0.8256,2,0.9780,-12.24999985,-38.95000067
Ilheus,Brasil,430,0.2443,3.8649,348.4354,3.9096,86.7972,1.118139348,1.097470942,337.0145484,174.6157609,2.742387821,3,0.7133,1,0.9488,-14.793497,-39.045358
Itabuna,Brasil,110,0.2545,55.7243,1339.5556,4.7658,67.8251,1.055755309,6.999016594,1203.926503,99.26751107,3.006845408,2,0.9997,2,0.9833,-14.80000013,-39.26666634
Jequie,Brasil,154,0.0477,8.2023,1264.2954,5.0879,102.8406,1.060975803,1.261941053,272.1876293,128.2555172,3.040343915,3,0.9608,1,0.9933,-13.86086001,-40.0767746
Porto Seguro,Brasil,339,0.1408,1.2599,187.679,3.6828,95.9284,1.105493258,1.315095481,393.111586,174.8839196,2.867616034,3,0.9346,1,0.9900,-16.43333232,-39.08333205
Salvador,Brasil,1763,1.0151,786.1392,6011.8456,9.5936,65.6682,1.087546068,17.40945448,3353.949894,112.5206481,2.639571839,4,0.9440,3,1.0000,-12.99300301,-38.48100264
Teixeira de Freitas,Brasil,138,0.1186,31.6808,1714.549,5.1395,80.0008,1.038678708,3.610326465,621.5585379,98.93655326,3.241956809,2,0.9262,2,0.8232,-17.51279411,-39.70826834
Vitoria da Conquista,Brasil,531,0.1582,34.7664,2516.4511,5.1058,105.3565,1.064909018,2.935606109,883.2995346,180.918326,3.066958058,2,0.9945,4,0.4044,-14.84680876,-40.84855655
Fortaleza,Brasil,3333,0.8341,2279.6747,21125.7486,8.7745,73.6171,1.042391166,13.90380766,2792.968721,116.3872171,3.008514501,1,1.0000,3,0.9999,-3.782997054,-38.58900257
Juazeiro do Norte,Brasil,555,0.2782,45.6112,1712.6787,5.5711,86.9034,1.042227799,4.93622002,1075.658537,123.1100569,3.071953782,2,0.9995,2,0.9907,-7.199999683,-39.33333203
Sobral,Brasil,215,0.1013,5.2266,643.2036,3.5904,156.6426,1.052398956,1.92740011,443.9718647,134.4101852,3.084368869,3,1.0000,1,0.9676,-3.699999885,-40.34999839
Brasilia,Brasil,4278,0.4045,207.9672,4181.7305,6.092,76.5099,1.064441562,7.559230807,1621.602697,129.2061033,2.837079966,1,1.0000,2,0.9817,-15.79211094,-47.89774766
Cachoeiro de Itapemirim,Brasil,342,0.3895,6.3932,279.761,3.7972,106.2941,1.130459805,3.587085613,1075.402594,179.9344598,2.741348372,2,0.8851,4,0.9996,-20.85000031,-41.09999843
Guarapari,Brasil,362,0.609,13.4887,346.3544,3.7671,82.3095,1.117941797,6.503741363,1989.55937,176.1891865,2.819716549,2,0.9994,4,0.9510,-20.66666592,-40.49999989
Linhares,Brasil,267,0.0762,4.8797,698.2393,2.7302,121.5421,1.090185483,1.06712574,462.8420599,242.6886962,3.02379349,3,0.9995,1,0.9990,-19.41666592,-40.06666551
Vitoria,Brasil,1015,0.7038,672.1077,4391.156,7.6841,65.0453,1.071350779,21.86044271,3970.798584,106.3240932,2.944382918,4,0.9993,3,1.0000,-20.319444,-40.337778
Anapolis,Brasil,403,0.2642,193.1277,4104.0279,6.9747,74.3991,1.04259536,7.10782798,1503.0597,126.6881864,3.116976962,4,0.5887,2,0.9923,-16.33333394,-48.96666708
Goiania,Brasil,1997,0.5712,2020.1479,17582.2905,9.6799,68.099,1.041138059,18.77453939,3593.372986,115.1568338,3.201858844,1,1.0000,3,1.0000,-16.678611,-49.253889
Rio Verde,Brasil,365,0.0436,7.2584,1792.3725,4.6431,175.1468,1.094562175,0.695138842,269.6548946,220.0502747,3.317531737,3,1.0000,1,0.9998,-17.7166671,-50.93333432
Caxias,Brasil,277,0.0538,5.106,1214.8182,5.0495,104.1936,1.061907133,0.52267265,160.0176909,192.785193,3.056254136,3,0.9522,1,0.9997,-4.833333377,-43.34999844
Imperatriz,Brasil,366,0.1335,35.7462,2220.8435,4.9413,143.4364,1.044298472,2.23955208,488.4423631,122.995063,3.029562094,3,0.9608,1,0.9036,-5.533333232,-47.48333345
Sao Luis,Brasil,1371,0.9708,1245.4506,9225.0787,9.1956,63.0288,1.037210685,17.93151992,3203.192621,105.5341315,2.94263386,4,0.9404,3,1.0000,-2.514996058,-44.30099657
Cuiaba,Brasil,957,0.2106,390.0853,10507.435,10.4679,71.3419,1.058099055,5.244552318,1099.139392,123.4609798,3.056854311,4,0.9967,2,0.9918,-15.61500007,-56.09300368
Rondonopolis,Brasil,399,0.0959,41.6246,3235.6232,4.7081,95.0924,1.03658977,1.848597889,436.5684634,135.8330818,3.328672194,2,0.9993,1,0.9859,-16.4666671,-54.63333497
Campo Grande,Brasil,762,0.0941,315.2868,13635.7246,8.2625,79.5389,1.041482807,3.132194883,669.5441458,124.5307754,3.254802009,4,1.0000,2,0.8056,-20.45099705,-54.61599566
Dourados,Brasil,447,0.1094,36.8447,3176.3712,5.0918,95.3594,1.034780099,1.533381707,393.3265958,138.229875,3.393827525,2,0.9990,1,0.9947,-22.21666713,-54.79999914
Araguari,Brasil,249,0.0912,17.7223,1897.651,4.4487,109.7824,1.078489421,1.381473845,386.6394357,161.2335839,3.227261584,3,0.9455,1,0.9987,-18.63333309,-48.18333425
Barbacena,Brasil,285,0.3754,25.2545,1066.8204,5.793,95.8811,1.126476239,3.305553389,975.2217999,178.3389187,2.77734375,2,0.9983,4,0.9986,-21.23333345,-43.76666626
Belo Horizonte,Brasil,4207,0.9162,3768.3857,27454.6072,9.5725,65.944,1.073186526,17.08701278,3835.276442,131.1478996,2.973520802,1,1.0000,3,1.0000,-19.85200198,-43.90900169
Conselheiro Lafaiete,Brasil,209,0.5645,97.0446,1633.1522,6.9578,74.7667,1.078984266,8.631633812,1946.58307,134.4568147,2.892557652,2,0.9967,2,0.9344,-20.66666592,-43.79999905
Divinopolis,Brasil,320,0.452,141.6152,2402.4102,7.0657,77.9887,1.061878343,9.736456773,2534.825354,141.1186184,3.17285785,2,0.9886,3,0.5781,-20.144425,-44.888616
Governador Valadares,Brasil,215,0.0918,29.9024,1879.8551,4.9526,103.5837,1.094465232,2.344531743,528.5263927,133.6627978,3.048876497,2,0.7442,1,0.9337,-18.85000028,-41.93333427
Ipatinga,Brasil,495,0.2396,65.5853,1837.1044,5.5871,69.9799,1.133138199,4.65477593,1211.742294,154.3881785,2.902369499,2,0.9995,4,0.9731,-19.49999995,-42.53333271
Itabira,Brasil,170,0.1356,15.255,926.111,4.8086,80.5361,1.16998179,2.016263601,649.7738262,192.0447205,2.891223314,3,0.8895,4,0.9681,-19.61666666,-43.21666706
Juiz de Fora,Brasil,496,0.3454,78.1681,1862.1888,5.9904,92.6914,1.157906569,4.705116454,1335.138846,167.4651819,2.712110482,2,0.9993,4,1.0000,-21.74999986,-43.33333199
Montes Claros,Brasil,268,0.0751,59.8799,3918.4958,5.7801,121.3921,1.041484023,2.57421351,531.7608691,118.2185501,3.153012401,2,0.9690,1,0.8106,-16.71666708,-43.86666485
Passos,Brasil,166,0.124,21.8445,1592.9893,4.7322,92.8348,1.059290135,2.23596784,542.8931883,141.0003601,3.211293826,3,0.7345,1,0.9296,-20.71666715,-46.61666482
Patos de Minas,Brasil,257,0.0806,18.07,2072.8309,4.6544,129.8159,1.077091816,1.630548218,418.715354,151.2136221,3.133521226,3,0.9966,1,0.9945,-18.58333385,-46.53333268
Pocos de Caldas,Brasil,202,0.3691,68.1259,1295.6627,4.5413,84.6601,1.102412782,6.611737817,1571.481093,140.8190103,2.961455071,2,0.9999,2,0.9462,-21.7999991,-46.56666547
Pouso Alegre,Brasil,230,0.4234,32.7662,834.5407,4.5156,101.2835,1.085916363,7.72434518,1937.016882,145.4101234,2.989328955,2,0.9995,2,0.9791,-22.21666713,-45.93333434
Sete Lagoas,Brasil,339,0.6305,298.3082,3379.9196,5.1835,68.7799,1.071321904,10.89812342,2629.812463,142.8594327,3.126352093,4,0.9976,3,0.8974,-19.45000071,-44.23333353
Teofilo Otoni,Brasil,157,0.0484,3.3345,846.6199,6.6748,157.0174,1.177166485,0.701517453,260.8266069,221.2632013,2.763819095,3,0.9999,4,0.8835,-17.85240045,-41.50020028
Uberaba,Brasil,503,0.1112,48.1966,3716.9136,4.9368,95.5535,1.077274754,2.129255297,642.1910091,178.1943629,3.204318937,2,0.9974,1,0.9900,-19.74999993,-47.91666782
Uberlandia,Brasil,947,0.2301,229.0911,7725.0759,6.7641,83.6303,1.041048318,3.96901493,929.8516534,137.0884746,3.239946845,4,1.0000,2,0.9887,-18.91666586,-48.29999908
Varginha,Brasil,126,0.3186,85.6083,1602.8911,5.3731,88.3969,1.091213795,9.402489036,2007.007887,126.3215139,3.093535749,2,0.9998,2,0.7995,-21.54937127,-45.43381735
Belem,Brasil,1561,0.6154,1288.6249,14156.1376,8.5301,65.7175,1.039016669,9.115940605,1807.061679,114.7540002,2.847982683,4,0.5415,2,0.8428,-1.439000952,-48.49800256
Castanhal,Brasil,240,0.2332,49.9745,1913.9415,5.593,94.5386,1.026835886,4.008427274,889.8535304,130.7440609,3.18496732,2,0.9998,2,0.9828,-1.299999948,-47.91666782
Maraba,Brasil,427,0.0282,1.8049,741.5077,3.338,187.195,1.095224734,0.334309521,99.16137059,167.5062985,3.030536913,3,1.0000,1,0.9988,-5.349999782,-49.11666481
Parauapebas,Brasil,453,0.0658,1.7411,565.9556,3.3855,114.7738,1.079900413,0.935504971,223.3838081,137.9679885,3.199515462,3,0.9970,1,0.9981,-6.067018074,-49.89224971
Santarem,Brasil,617,0.027,2.9056,1619.8694,3.5872,126.5603,1.096220757,0.213635816,80.37719208,212.1708117,3.169205658,3,0.9995,1,0.9995,-2.459997067,-54.61000168
Campina Grande,Brasil,391,0.2986,123.8369,2963.3813,4.4242,87.0952,1.036026986,6.705395085,1234.025999,112.4455903,2.998794939,2,0.9993,2,0.9875,-7.216666551,-35.88333503
Joao Pessoa,Brasil,862,0.6818,835.5892,7038.8941,7.2717,69.3678,1.037643112,17.03139803,3179.551484,111.8876326,3.076903434,4,0.9996,3,1.0000,-7.115,-34.863056
Apucarana,Brasil,183,0.3278,39.5551,1047.665,6.2312,94.5349,1.070970338,5.576265814,1751.1089,179.1577305,3.092031425,2,0.9994,2,0.8213,-23.54768832,-51.48157463
Arapongas,Brasil,226,0.2686,57.6457,1392.2374,5.8411,79.491,1.051731131,6.228621992,1621.401981,151.7253731,3.080647883,2,0.9997,2,0.9937,-23.3833331,-51.45000073
Cascavel,Brasil,404,0.1923,125.1745,4259.5967,6.4167,82.8786,1.050405808,3.319077847,922.2002964,154.3231506,3.229431183,2,0.9626,2,0.9623,-24.95000075,-53.46666711
Curitiba,Brasil,3689,0.7725,2880.8929,24567.9173,7.9119,66.4869,1.073134331,10.36938393,2712.265097,146.6533487,2.905966885,1,1.0000,3,0.9034,-25.43000402,-49.28499866
Foz do Iguacu,Brasil,364,0.5893,368.7032,3732.6985,4.648,65.14,1.037176719,10.40236502,2332.708637,127.4489999,3.123741206,4,0.9999,3,0.6993,-25.54999908,-54.58333195
Guarapuava,Brasil,338,0.1084,29.2851,2424.5961,5.3065,91.5854,1.104548795,1.511671287,458.207675,182.41628,3.170252926,2,0.9870,1,0.9980,-25.38333313,-51.45000073
Londrina,Brasil,752,0.3075,162.8731,3470.9291,6.838,86.984,1.061958011,7.049338561,1690.064454,142.9212658,3.063036947,2,0.5524,2,0.9943,-23.29999907,-51.15000141
Maringa,Brasil,476,0.3846,434.2391,5493.0762,8.6832,74.2262,1.031078873,11.51749862,2704.963065,133.3497206,3.205181939,4,0.9999,3,0.9867,-23.41666589,-51.91666779
Paranagua,Brasil,192,0.2323,57.1053,1763.193,5.1447,75.786,1.045174523,3.055925135,696.2941809,128.1722418,2.907479046,2,0.9998,2,0.8766,-25.51666629,-48.49999992
Ponta Grossa,Brasil,511,0.2471,155.201,4438.4421,7.8273,76.131,1.078175227,4.25533074,1183.499662,155.7241629,3.130900436,4,0.8164,2,0.9524,-25.08333391,-50.15000139
Toledo,Brasil,402,0.3358,27.3963,1198.7773,4.8396,98.7568,1.082693352,4.964013533,2025.710652,230.2123681,2.999152423,2,0.9847,4,1.0000,-24.73333346,-53.74999988
Caruaru,Brasil,331,0.3595,91.2846,2245.1979,4.5402,124.3789,1.045079298,8.94703773,1609.978779,105.9907712,3.014443137,2,0.9977,2,0.9271,-8.283333725,-35.96666707
Garanhuns,Brasil,143,0.3118,31.6504,1035.4713,4.9731,121.3185,1.052142701,8.229846561,1707.815346,122.173522,3.162971985,2,0.7758,2,0.9754,-8.899999451,-36.48333347
Petrolina,Brasil,531,0.048,8.5237,1673.3403,4.9338,258.5153,1.068019918,1.174796625,306.903435,156.4877308,3.062977768,3,1.0000,1,0.9979,-9.399999512,-40.49999989
Recife,Brasil,2129,1.1299,3724.024,19975.8195,9.5262,63.1107,1.05000431,21.04552626,3731.510871,104.0108769,2.84800134,1,1.0000,3,1.0000,-8.084996968,-34.9149956
Vitoria de Santo Antao,Brasil,65,0.1744,20.5579,763.9393,3.6114,186.9476,1.089177311,7.815027182,1570.621806,117.9056233,2.903244496,3,1.0000,2,0.9607,-8.116666724,-35.29999906
Parnaiba,Brasil,179,0.411,63.9845,1278.2731,4.0576,75.007,1.029393513,9.441598177,1910.173597,114.4551293,3.223127753,2,0.9999,2,0.7927,-2.909166491,-41.77472298
Teresina,Brasil,1194,0.3808,300.3263,6754.9542,7.5915,70.9725,1.033934379,7.210392254,1478.448287,118.7242872,3.225562985,4,0.9998,2,0.9878,-5.104998015,-42.80200157
Angra dos Reis,Brasil,358,0.4338,5.1418,203.4503,3.3453,76.9478,1.15011147,3.921811325,904.5994092,128.9049846,2.467317487,2,0.9940,4,0.9999,-22.99999985,-44.29999911
Araruama,Brasil,680,0.6517,175.756,2373.0955,7.6363,75.1737,1.049606432,10.83688754,2582.072324,142.748412,2.838851773,4,0.7104,3,0.9065,-22.88333314,-42.33333198
Cabo Frio,Brasil,427,0.4725,42.6063,662.7435,4.177,79.8784,1.0425315,11.77073284,2298.325569,116.8107138,2.801500735,2,0.9998,3,0.9693,-22.88333314,-42.01666631
Campos dos Goytacazes,Brasil,585,0.1453,31.7761,1963.032,4.4657,109.0971,1.083688668,2.176263993,671.5830778,183.3019222,2.90785645,2,0.7079,1,0.9302,-21.761967,-41.315938
Macae,Brasil,258,0.212,36.5763,1339.8516,6.7403,85.0116,1.1165858,4.010832733,1009.547646,148.0938853,2.733551555,2,0.9988,4,0.9270,-22.380389,-41.791002
Nova Friburgo,Brasil,295,0.316,2.8485,203.038,4.2603,98.5131,1.241789999,3.86611873,1651.489116,234.6844922,2.316786529,2,0.7158,4,1.0000,-22.26666626,-42.53333271
Petropolis,Brasil,456,0.5728,0.652,35.028,2.9651,90.193,1.274037723,4.514732173,1885.748518,229.8906743,2.304873773,2,0.9981,4,1.0000,-22.4999999,-43.16666782
Resende,Brasil,411,0.2954,18.3014,711.7497,4.4396,79.1533,1.160668361,3.402507111,1120.54003,196.74448,2.81203671,2,0.7613,4,1.0000,-22.4666671,-44.45000071
Rio de Janeiro,Brasil,5586,1.167,9518.401,37172.154,9.761,62.4849,1.059326076,28.01322595,5733.784172,119.2910305,2.813586493,1,1.0000,3,1.0000,-22.72157103,-43.45518559
Teresopolis,Brasil,420,0.5448,7.2217,350.6219,4.5696,115.4701,1.262323701,3.5038185,1695.028809,264.0759724,2.33553719,2,0.9972,4,1.0000,-22.416239,-42.973407
Volta Redonda,Brasil,734,0.5298,98.2259,1862.0076,5.6618,69.9519,1.147157525,5.897343851,1640.031051,163.7928088,2.689918731,2,0.9916,4,0.9995,-22.53333269,-44.11666482
Mossoro,Brasil,265,0.1262,38.3606,2244.1617,5.5631,108.7599,1.029805318,4.092742949,863.7289154,123.4046004,3.096025105,2,0.9966,2,0.9812,-5.19138901,-37.34472264
Natal,Brasil,875,0.591,315.0392,3159.0874,4.9122,75.7308,1.047494297,19.60685569,3670.767825,112.3888469,2.974388789,4,1.0000,3,1.0000,-5.805999041,-35.21099672
Caxias do Sul,Brasil,633,0.385,87.7352,2390.1938,7.3836,77.6394,1.113882129,5.72134063,1642.801628,169.9545986,2.807344922,2,0.9740,4,0.9081,-29.16666591,-51.1833343
Passo Fundo,Brasil,266,0.3395,124.4761,2672.5183,6.278,77.231,1.074561339,5.309450971,1588.791743,168.8499016,3.045174538,2,0.9980,2,0.9119,-28.26666626,-52.4000014
Pelotas,Brasil,507,0.2116,64.968,2806.0008,6.0082,129.3599,1.087165523,2.805580533,1053.512565,215.0808503,2.972299169,2,0.9671,4,0.9788,-31.76666627,-52.33333204
Porto Alegre,Brasil,3931,0.8175,2537.4691,19714.3597,10.2299,64.6152,1.054106095,13.03419917,2943.670891,130.1043948,2.886803682,1,1.0000,3,0.9998,-30.04000196,-51.20800169
Rio Grande,Brasil,326,0.1203,7.4983,667.3735,4.1987,83.2922,1.042312601,1.683954928,569.6325974,191.9075976,3.190815519,3,0.9428,1,0.9986,-32.03578109,-52.08834006
Santa Cruz do Sul,Brasil,356,0.4857,55.8715,1591.879,5.7502,83.0405,1.108225863,3.633462241,1265.715366,196.1851333,2.863595303,2,0.9997,4,0.9983,-29.7166671,-52.4333343
Santa Maria,Brasil,354,0.198,67.12,2666.7808,6.3164,71.2976,1.069322418,5.191083637,1418.679792,148.4134098,2.503064799,2,0.9987,4,0.5891,-29.698895,-53.822747
Uruguaiana,Brasil,400,0.07,5.887,1486.3416,3.8602,208.5903,1.095495954,0.316988673,223.3458146,394.2559368,3.056834194,3,1.0000,1,1.0000,-29.74999989,-57.08333205
Ji-Parana,Brasil,220,0.0319,10.7188,2488.3647,5.7036,84.3735,1.056492067,0.419445179,145.9170127,194.4846595,3.140832328,2,0.9027,1,0.9998,-10.83333285,-61.9666671
Porto Velho,Brasil,901,0.022,10.7444,5012.9265,6.1441,110.6568,1.080905545,0.26959731,131.1373195,277.0559409,2.987895503,4,0.9832,1,0.9997,-8.762004021,-63.9060027
Boa Vista,Brasil,392,0.0689,57.2805,4750.6157,5.4751,100.5706,1.044316116,1.491034711,467.5154692,174.3234867,3.346287829,2,0.9687,1,0.9992,2.817998991,-60.66399562
Balneario Camboriu,Brasil,193,0.7465,128.4483,1418.5708,5.822,64.2205,1.057812623,12.60768147,2811.475747,127.6563016,2.807146353,2,0.9947,3,0.9993,-26.98333347,-48.63333497
Blumenau,Brasil,1707,1.0171,184.8633,2441.6317,7.889,71.5472,1.105709518,6.087679901,1963.427887,165.8840243,2.3417903,4,0.9969,4,0.9978,-26.93333235,-49.04999912
Brusque,Brasil,541,1.1815,36.9801,507.7145,4.8603,71.5817,1.090795121,6.130007135,1832.879636,161.4671447,2.302474591,2,0.9217,4,0.9923,-27.10000029,-48.93333429
Chapeco,Brasil,400,0.6389,130.9977,2399.2796,5.8544,77.0302,1.097913716,12.23337277,3405.681047,152.6384309,2.813243973,2,0.9970,3,1.0000,-27.10000029,-52.59999837
Criciuma,Brasil,934,0.6561,39.699,686.7765,4.4381,81.2565,1.046601858,9.138153787,2424.163312,148.8968979,2.845956354,2,0.9360,2,0.7085,-28.66666585,-49.38333501
Florianopolis,Brasil,1468,0.6481,246.9043,3578.8986,7.5179,66.7889,1.077205444,7.962474411,1959.664606,134.5212909,2.556739688,4,0.9985,2,0.8114,-27.595378,-48.54805
Itajai,Brasil,685,0.9805,157.7112,1386.2537,5.8337,71.5361,1.041970907,12.96334957,3115.256896,135.1637871,2.808152645,2,0.7182,3,1.0000,-26.918295,-48.6617443
Jaragua do Sul,Brasil,896,0.9309,91.53,1590.7565,5.3656,75.2759,1.096992262,5.13077825,1798.77357,188.3207062,2.378083248,2,0.7436,4,0.9998,-26.48333352,-49.06666546
Joinville,Brasil,844,0.5589,686.2755,7878.1127,6.5222,67.4776,1.053053754,7.387134176,1893.207327,141.8932174,2.670031005,4,0.9998,2,0.9541,-26.29999912,-48.83333204
Lages,Brasil,163,0.0619,27.1794,2055.902,4.3277,75.7995,1.101975164,1.652518107,520.9554692,178.7096062,2.986449864,2,0.6998,1,0.9909,-27.80212896,-50.32018145
Aracatuba,Brasil,279,0.239,96.7933,2825.5624,5.9704,82.4727,1.027671063,5.280162699,1100.306198,119.6632865,3.294279176,2,0.9992,2,0.9901,-21.20131644,-50.41854393
Araraquara,Brasil,404,0.3587,118.9302,2392.768,5.3179,78.2378,1.042288246,7.747032845,1664.383068,125.1234384,3.167924528,2,0.9994,2,0.9845,-21.78306989,-48.16687807
Araras,Brasil,242,0.3754,64.3746,1438.9066,4.8085,82.3498,1.052191698,6.41281875,1316.979553,129.7129621,3.050234427,2,0.9999,2,0.9947,-22.36666674,-47.38333497
Atibaia,Brasil,635,1.0818,82.9998,1201.3881,5.2578,79.0044,1.100252635,7.688031418,2427.317497,185.7606649,2.794733045,2,0.9590,4,0.8573,-23.11666667,-46.54999913
Santos,Brasil,1052,0.5451,394.5275,3396.9103,5.5158,63.541,1.035264277,14.39640361,2766.630855,109.9455008,3.095351344,4,0.9999,3,1.0000,-23.95469701,-46.3094906
Barretos,Brasil,310,0.198,29.953,1932.7163,4.8524,84.757,1.076479322,2.824732305,1010.469371,204.8461292,3.278489117,2,0.9684,4,0.7736,-20.5499991,-48.54999906
Bauru,Brasil,261,0.3909,309.5481,3146.5811,5.505,66.8714,1.034867879,15.16932214,2863.549886,108.1150491,3.277915178,4,0.9985,3,1.0000,-22.31666749,-49.06666546
Birigui,Brasil,147,0.2769,61.583,1509.4156,3.7869,77.9661,1.018083979,6.732177445,1411.390831,118.7279378,3.314196242,2,0.9999,2,0.9842,-21.29999914,-50.31666546
Botucatu,Brasil,252,0.17,28.8248,1459.7689,4.8654,90.8088,1.082283305,3.470015947,1074.661202,176.9965879,3.117535381,2,0.8095,2,0.5059,-22.86666669,-48.43333433
Braganca Paulista,Brasil,457,0.8916,57.9564,970.952,4.7365,82.4349,1.086099054,7.834536636,2108.531453,159.8678124,2.876182468,2,0.9983,2,0.9590,-22.95000072,-46.56666547
Campinas,Brasil,4018,1.1839,817.3556,4665.471,7.3221,67.0097,1.055720344,20.79399682,4322.64809,121.9514366,2.99202959,1,1.0000,3,1.0000,-22.90007967,-47.08350276
Catanduva,Brasil,183,0.6296,173.732,1891.1128,5.8672,68.4647,1.026132833,13.35409291,2450.139089,106.3371667,3.297747307,2,0.9847,3,0.9990,-21.13333308,-48.96666708
Franca,Brasil,242,0.3996,403.41,4165.6195,6.8419,66.5673,1.030179962,14.65280678,2698.440377,107.0539304,3.198707256,4,0.9998,3,1.0000,-20.53333265,-47.40000142
Guaratingueta,Brasil,338,0.2537,31.9968,915.1141,3.9824,81.3241,1.086296238,4.466529504,1042.539234,138.0486498,2.933565419,2,0.9452,2,0.9339,-22.81666745,-45.2166671
Itapetininga,Brasil,247,0.138,15.3751,1084.1017,5.2132,165.3388,1.078920048,2.165266049,627.7268849,170.0662604,3.05067645,3,1.0000,1,0.9727,-23.60000028,-48.0499991
Jau,Brasil,203,0.2961,74.8622,1844.1919,5.596,82.4918,1.038899822,6.096769108,1199.741074,118.216183,3.165912177,2,0.9998,2,0.9930,-22.29999905,-48.54999906
Jundiai,Brasil,1447,1.9386,721.6985,4033.4472,8.3616,69.4125,1.088971495,18.283143,4243.457055,136.9056988,2.727795377,4,1.0000,3,1.0000,-23.18333225,-46.86666479
Limeira,Brasil,469,0.674,367.7076,4013.9752,6.4923,75.7359,1.051700001,11.26249753,2318.846705,121.3371463,3.053557154,4,1.0000,3,0.8816,-22.56659027,-47.40077624
Marilia,Brasil,154,0.1316,110.4455,3104.4375,7.1717,72.6046,1.068437219,6.069441986,1445.855988,139.7273514,3.103874586,2,0.9833,2,0.9942,-22.21503758,-49.92153457
Mogi Guacu,Brasil,558,0.4031,84.7241,1905.4075,4.9425,83.4021,1.043918191,5.317034326,1258.868402,143.3360974,3.050130939,2,0.9996,2,0.9914,-22.36666674,-46.9500007
Ourinhos,Brasil,121,0.4084,152.6392,1791.3975,4.1463,70.8861,1.059393463,11.63750134,2418.293564,122.9210019,3.17032818,2,0.9987,3,0.9469,-22.98333351,-49.86666485
Piracicaba,Brasil,467,0.3388,209.5612,3931.8855,7.9195,76.2888,1.068411611,7.287984052,1657.603781,132.3769563,2.933496912,4,0.9616,2,0.9877,-22.71666708,-47.63333495
Presidente Prudente,Brasil,314,0.345,113.0457,2170.3033,5.1552,84.9262,1.049977444,10.71868723,2020.041788,111.0926966,3.122724714,2,0.9997,3,0.5681,-22.11666665,-51.36666482
Ribeirao Preto,Brasil,438,0.6727,1149.6117,6570.1414,6.2338,63.9203,1.041561818,25.91432904,4760.6713,106.5262985,3.033347185,4,0.9993,3,1.0000,-21.16666588,-47.79999912
Rio Claro,Brasil,268,0.449,189.7582,2580.0544,5.012,76.2825,1.038267646,9.134893193,1784.178333,113.3677679,3.202814991,2,0.9902,2,0.9009,-22.39999953,-47.54999914
Sao Carlos,Brasil,400,0.3516,124.5377,2888.4743,5.4998,89.2325,1.047287054,5.991977195,1331.617816,131.3188994,3.10109655,2,0.9988,2,0.9949,-22.01666628,-47.90000138
Sao Jose do Rio Preto,Brasil,748,0.7608,418.8753,4054.7635,5.2655,71.7944,1.040576418,18.15434334,3540.970863,114.5827977,3.164552374,4,1.0000,3,1.0000,-20.812949,-49.382358
Sao Jose dos Campos,Brasil,1121,0.58,155.9608,2077.0731,4.7208,71.7134,1.08199099,9.560118828,2181.298138,134.6084015,2.831975881,4,0.9338,2,0.6494,-23.226409,-45.891854
Sao Paulo,Brasil,5160,0.9149,41125.5507,125647.3959,12.0105,62.7077,1.071662463,35.74948798,6742.708294,112.4557789,2.874320526,1,1.0000,3,1.0000,-23.580999,-46.62299658
Sertaozinho,Brasil,169,0.4195,81.3946,1464.3732,4.6979,68.7975,1.037477288,8.893899667,2008.312994,131.7243356,3.207361327,2,0.9998,2,0.9220,-21.13333308,-47.98333351
Sorocaba,Brasil,1074,1.2077,955.8543,6336.9741,8.0384,66.8035,1.06288925,19.20161323,4183.499901,126.7541473,2.853585417,4,0.9983,3,1.0000,-23.48333346,-47.45000066
Tatui,Brasil,225,0.4298,42.4658,1034.3842,5.002,89.9862,1.061899658,5.084676871,1377.003112,160.5670483,3.072399728,2,0.9998,2,0.9719,-23.3500003,-47.84999836
Taubate,Brasil,630,0.4075,84.7514,1551.9641,4.2633,69.2909,1.062561304,7.152786692,1606.382828,132.6030344,2.906689325,2,0.9991,2,0.9891,-23.03333275,-45.54999911
Aracaju,Brasil,827,0.9553,223.377,2026.6288,4.0678,71.7057,1.063059915,18.78848213,3441.985048,110.6067887,2.921417399,4,0.9694,3,1.0000,-10.91099699,-37.06000157
Araguaina,Brasil,328,0.082,19.4899,2195.9651,4.8648,80.8319,1.05396733,1.514963388,422.0063603,157.6162998,3.246778839,2,0.6905,1,0.9968,-7.198507049,-48.19642054
Palmas,Brasil,315,0.1419,31.1385,1108.3604,4.745,90.2329,1.079999788,4.545097691,1142.751937,148.6406478,2.963480963,2,0.8137,2,0.9443,-10.249091,-48.324286
Tubarao,Brasil,335,0.6444,73.6138,1183.9701,5.8097,71.1842,1.079795524,7.526462335,2115.528418,156.6557115,2.699388846,2,0.9992,2,0.9011,-28.47608461,-49.02190718
Bento Goncalves,Brasil,458,0.5874,23.9977,580.7868,3.8673,84.5407,1.186597484,4.869544295,1916.893993,222.1479475,2.787822497,2,0.9995,4,1.0000,-29.167888,-51.53896091
Caraguatatuba,Brasil,391,0.442,79.6197,1452.8969,5.8752,64.6305,1.076832405,7.27713085,1541.806321,111.8768411,2.76390561,2,0.9992,2,0.9504,-23.62291527,-45.40402603
Parobe,Brasil,394,0.444,25.0805,660.9301,4.6915,72.5134,1.100586663,4.562463414,1571.600482,196.4977086,2.773599535,2,0.9994,4,0.9971,-29.62516513,-50.83155417
Rio das Ostras,Brasil,173,0.2508,48.601,1070.6565,4.5109,72.525,1.082356498,7.472162489,1872.738288,145.5653224,2.871361955,2,0.9998,2,0.9770,-22.52482134,-41.94846881
Arica,Chile,287,0.0598,9.8919,1749.0219,4.9524,100.1117,1.079796101,1.131474059,262.7027463,125.6447122,3.014373038,3,0.8816,1,0.9956,-18.48333348,-70.33333581
Iquique,Chile,140,0.0489,7.6162,864.6264,2.9482,113.8007,1.074274966,1.622316379,378.2512188,137.7903756,3.103786541,3,0.9989,1,0.9912,-20.22100207,-70.14899669
Antofagasta,Chile,262,0.0085,2.3645,2045.4179,4.5407,159.1956,1.110787612,0.246399905,92.84334904,184.9737847,3.024769249,3,1.0000,1,0.9975,-23.64100205,-70.39899865
Calama,Chile,196,0.0126,2.3223,1341.8669,3.6005,139.2676,1.093851185,0.371418193,136.4857962,217.4420924,2.970775288,3,1.0000,1,0.9988,-22.4666671,-68.93333432
Copiapo,Chile,259,0.0146,2.3087,1569.7839,5.9281,211.6383,1.129454209,0.221958876,121.457538,323.0502811,2.882439848,3,1.0000,1,0.9969,-27.36000006,-70.33200259
La Serena-Coquimbo,Chile,693,0.2084,20.362,1121.2145,3.7861,86.4973,1.087437851,3.652063883,744.768129,118.9177365,2.864868575,3,0.8729,2,0.8326,-29.90777769,-71.25416554
Valparaiso-Vina del Mar,Chile,420,0.3685,142.8782,1809.0051,5.0801,65.4765,1.089076502,16.15895761,2751.780093,96.22295269,2.681151126,2,0.9985,3,1.0000,-33.04777901,-71.60111233
Quillota,Chile,240,0.547,45.0394,808.9311,4.8067,75.8343,1.063438431,8.452713274,1671.361989,116.7911764,2.767034393,2,0.9998,2,0.9287,-32.88333499,-71.26667014
San Antonio,Chile,289,0.3896,9.2127,305.744,3.4396,81.8317,1.077411995,5.739610675,1431.944501,150.2857298,2.859052712,2,0.9567,2,0.9547,-33.59333413,-71.62166594
Santiago,Chile,1054,0.4353,15324.0091,56153.1707,7.122,63.4101,1.052419697,42.08666132,5953.925324,82.8669388,2.945620519,1,1.0000,3,1.0000,-33.47502305,-70.64751555
Rancagua,Chile,892,0.2493,30.5724,1788.6072,4.2403,87.8278,1.097306494,2.507746712,482.9991166,111.8583721,2.740724303,2,0.7883,1,0.7703,-34.16666778,-70.74999986
Talca,Chile,540,1.1376,247.9689,2726.1283,5.8558,72.8071,1.058822228,16.35119233,2688.139624,96.10500602,2.869968706,4,0.9961,3,1.0000,-35.42300104,-71.6599977
Curico,Chile,395,0.2963,21.8777,1083.0524,3.2114,81.9089,1.087238522,3.017826185,626.9179062,118.0462212,2.754143646,2,0.6879,2,0.4922,-34.98333351,-71.2333297
Concepcion,Chile,568,0.2792,177.5667,2955.3639,5.7665,64.7158,1.100667872,10.63572849,1916.380857,104.2684256,2.770027855,2,0.9403,3,0.8215,-36.82600195,-73.05499764
Chillan,Chile,557,0.7554,95.5931,2027.59,4.3383,77.8001,1.060750597,7.477231827,1538.372644,115.8358678,2.722377622,2,0.9983,2,0.9578,-36.612622,-72.106459
Los Angeles,Chile,1117,0.6383,16.4112,932.0212,3.5622,113.226,1.066584125,2.736837982,813.4653251,168.1707414,2.735855263,4,0.9029,4,0.6318,-37.46204968,-72.35262433
Temuco,Chile,634,0.6831,91.5323,1994.7149,4.0118,74.1904,1.075697693,9.482285402,1943.898976,118.5685535,2.869458593,2,0.9978,2,0.7503,-38.728998,-72.57599956
Valdivia,Chile,269,0.2784,18.1671,932.433,4.4155,70.0802,1.125126711,4.390523367,950.9064008,123.7994704,2.79541109,2,0.5545,4,0.9080,-39.819586,-73.24521
Osorno,Chile,450,0.4712,44.4871,1740.8861,5.4372,94.8936,1.075278266,4.607272316,1054.335606,134.7510472,2.855905067,2,0.9996,2,0.9505,-40.56666548,-73.15000137
Puerto Montt,Chile,576,0.3439,31.0101,1334.9909,3.746,72.959,1.087442413,4.133509992,941.8496198,132.2342645,2.760877132,2,0.9909,2,0.7741,-41.47499693,-72.9520016
Punta Arenas,Chile,186,0.0105,2.114,1463.603,3.6931,101.0942,1.090509007,0.226577692,64.89546102,166.3953359,2.987715517,3,0.9769,1,0.9983,-53.16616806,-70.93465171
Apartado,Colombia,43,0.0783,3.4725,367.7264,3.1913,116.9186,1.083376661,3.040933478,445.8102714,85.44227734,2.962525667,3,0.9993,1,0.9239,7.900000107,-76.65000138
Medellin,Colombia,543,0.5699,1542.3277,10391.5472,7.5022,66.4517,1.141507644,21.32852425,4264.106849,115.2401881,2.858787537,4,0.9622,3,1.0000,6.240996044,-75.59199866
Barranquilla,Colombia,349,0.7059,1708.6777,7553.6585,4.0317,64.6677,1.025662496,36.24051699,5473.541203,86.27767131,3.172308156,4,0.9912,3,1.0000,10.963889,-74.796389
Cartagena,Colombia,301,0.3603,265.5649,3286.2795,5.783,242.2291,1.050187174,14.01156051,2252.164075,93.23566572,2.884019886,4,1.0000,3,0.9993,10.41399896,-75.53400259
Tunja,Colombia,46,0.1193,1.9526,116.3285,3.1275,122.9436,1.089282788,6.463122678,1343.267187,121.9503276,2.910356537,3,0.9995,2,0.9729,5.546996963,-73.36199664
Manizales,Colombia,128,0.1427,13.4633,699.2786,4.8246,97.1059,1.27222144,5.473375827,1170.713081,125.7711293,2.92503044,3,0.9463,4,1.0000,5.068889,-75.5175
Florencia,Colombia,112,0.0472,3.2418,768.0702,3.8357,185.0827,1.152320226,0.379390356,90.21700082,136.8526377,2.916820702,3,1.0000,1,0.8792,1.60599601,-75.61500271
Yopal,Colombia,191,0.0769,4.7226,788.8295,2.9607,162.403,1.12799368,1.219931046,383.3319892,180.189941,3.070479492,3,1.0000,1,0.9922,5.349999932,-72.38333121
Popayan,Colombia,170,0.352,38.9243,954.2424,4.251,78.6953,1.118387729,5.552003182,1068.536629,112.4834592,3.003252033,2,0.9996,2,0.6199,2.420001028,-76.60400372
Valledupar,Colombia,211,0.05,15.7304,2271.5563,4.6306,116.7267,1.052409441,1.310833558,283.7315798,121.7101258,3.279589472,3,0.9475,1,0.9960,10.4833,-73.25
Quibdo,Colombia,76,0.0211,1.7317,709.8233,4.3536,370.1319,1.075058714,0.116658317,25.37788418,118.5818851,2.585690516,3,1.0000,1,0.9287,5.699999754,-76.63333116
Monteria,Colombia,258,0.0833,11.878,1522.7614,4.1865,117.5562,1.067156415,1.520555585,347.8095513,130.2404888,3.164830991,3,0.9963,1,0.9925,8.748056,-75.881389
Bogota,Colombia,1728,0.5665,3456.4248,25413.8532,6.2521,65.4451,1.066487235,21.19131231,3306.944857,91.15625116,2.898188161,1,1.0000,3,1.0000,4.630220967,-74.08051163
Neiva,Colombia,212,0.1035,30.5667,2073.6957,6.3797,103.2299,1.054238548,3.152132336,452.4669655,83.35714738,3.282299457,2,0.9871,1,0.9526,2.928995997,-75.28400064
Riohacha,Colombia,135,0.0439,5.4001,1060.4336,3.1857,162.7007,1.036164563,0.857766865,205.1083613,132.4451121,3.279125384,3,1.0000,1,0.9974,11.55200394,-72.89800164
Santa Marta,Colombia,298,0.0687,11.7568,1159.9342,3.8258,89.5415,1.097076559,1.645980769,315.5962908,108.3386419,3.05330772,3,0.9676,1,0.9964,11.25000007,-74.18099661
Villavicencio,Colombia,564,0.4297,26.7392,978.3313,3.5668,92.5683,1.064004967,4.011460177,738.2844707,106.6363877,2.884197259,2,0.9978,2,0.9310,4.149998972,-73.6399976
Pasto,Colombia,131,0.1093,18.5459,1251.6818,4.7682,85.6006,1.12920471,3.383602638,594.9694556,103.3215749,2.943820225,3,0.8756,4,0.8267,1.213611,-77.281111
Cucuta,Colombia,349,0.2581,152.2782,2988.3182,5.7438,76.2035,1.090589598,6.973410694,1681.665019,133.9226481,3.053486918,2,0.9958,2,0.9834,7.891002001,-72.50300058
Armenia,Colombia,240,0.7134,69.6579,1108.8109,6.065,70.4033,1.097033888,12.10537034,1866.792538,89.231325,2.807509881,2,0.9985,3,0.9671,4.530995972,-75.69800071
Pereira,Colombia,483,0.3951,49.4,1675.637,7.1907,74.7879,1.205512034,5.011485728,1238.174835,141.5748633,2.887934505,2,0.9957,4,1.0000,4.813333,-75.696111
Barrancabermeja,Colombia,253,0.2044,23.5927,1214.916,4.2298,82.7828,1.094416228,1.766244079,448.7925023,144.0740714,2.930943396,3,0.5553,1,0.9840,7.050000223,-73.86666861
Bucaramanga,Colombia,494,0.4015,110.6311,2366.534,6.2084,77.1284,1.231150399,7.74818278,2089.20616,153.9850004,2.790433557,2,0.9980,4,1.0000,7.125278,-73.119722
Sincelejo,Colombia,75,0.2673,91.7758,1499.6104,4.8163,71.6308,1.049763798,13.89746369,2190.756293,90.41088617,3.03295731,2,0.9997,3,0.9985,9.306999005,-75.39200057
Ibague,Colombia,233,0.1693,32.0864,1503.7798,4.9658,88.5637,1.185139118,5.813890641,1112.821379,126.7969396,2.645108696,2,0.9379,4,1.0000,4.440996029,-75.24399562
Buenaventura,Colombia,215,0.0316,2.2883,969.6271,4.9579,133.5332,1.143081644,0.202666154,59.1681066,155.429916,2.643363728,3,0.9997,4,0.5753,3.88333317,-77.06666553
Cali,Colombia,818,0.503,843.2658,9347.5104,6.0494,70.3641,1.068930197,14.26244211,2377.743772,97.94075564,3.119293425,4,0.9999,3,0.9996,3.456999081,-76.52199564
Cartago,Colombia,60,0.246,22.6662,656.3637,4.5997,69.7236,1.056261732,3.106445256,705.4607574,128.7552239,3.06370876,3,0.5869,2,0.8872,4.733171178,-75.91626969
Palmira,Colombia,479,0.4755,22.5606,867.6149,3.4606,97.3564,1.09107555,3.927971711,996.3412826,148.5297509,3.055854643,2,0.9989,2,0.8927,3.533333347,-76.2833327
Tulua,Colombia,90,0.1007,12.2811,898.9425,4.0963,95.6792,1.188862749,2.846900256,618.6733697,125.7440199,3.190424766,3,0.9850,4,0.9956,4.089525,-76.19611
Duitama,Colombia,141,0.228,8.9123,488.0915,3.514,81.1055,1.158627067,4.032570028,1043.525964,144.4991748,2.684132182,3,0.9119,4,0.9999,5.833333544,-73.03333267
Girardot,Colombia,277,0.7801,11.6727,293.0015,3.3583,81.2694,1.077913704,8.082982003,1448.414372,102.8641603,2.880080137,2,0.9985,2,0.9510,4.300000149,-74.81666551
Fusagasuga,Colombia,176,0.901,32.944,584.2883,4.0222,78.1291,1.075331709,6.46837326,1352.293786,120.7114853,2.877444589,2,0.9981,2,0.9823,4.342222252,-74.36166369
Buga,Colombia,106,0.1272,6.9915,629.101,3.5824,116.9436,1.047766227,1.936023015,311.8421597,91.88039879,3.171206226,3,0.9990,1,0.9970,3.900000142,-76.30000302
Sogamoso,Colombia,161,0.6125,25.7836,469.4545,4.027,73.145,1.15403065,7.150776318,1780.168923,141.0628763,2.864610111,2,0.9995,4,0.9891,5.716666727,-72.93333429
Chimbote,Peru,126,0.068,21.1708,1209.5544,4.746,101.8275,1.033207354,3.502806554,564.325948,136.0109317,3.154772019,3,0.9346,2,0.8572,-8.930097026,-78.45314361
Huaraz,Peru,102,0.1328,8.6925,624.4821,4.2534,82.7493,1.379159135,1.967395651,574.9292219,200.1302995,2.961733258,3,0.9649,4,1.0000,-9.533333721,-77.53333269
Arequipa,Peru,370,0.1209,216.957,7040.5389,8.8506,73.3826,1.075882711,7.539656473,1185.795743,127.4543271,3.03980516,4,0.9999,2,0.9929,-16.39800007,-71.52299957
Ayacucho,Peru,81,0.2588,76.2951,1381.4948,4.2411,91.0826,1.156810186,15.37857116,2685.016795,100.0629669,3.088310737,2,0.9998,3,1.0000,-13.17300306,-74.22100163
Cajamarca,Peru,255,0.3583,30.3387,1014.398,4.3368,91.8117,1.264160896,3.523378682,1296.872526,423.5298463,3.044874008,2,0.9953,4,1.0000,-7.162001931,-78.5109957
Cusco,Peru,91,0.2758,291.8953,2912.281,5.8759,68.7531,1.147425022,14.68189109,3045.423886,119.8133473,2.876902035,4,0.9931,3,1.0000,-13.52600105,-71.98700367
Huanuco,Peru,45,0.0504,11.6844,918.8031,5.306,96.81,1.217190138,2.509636881,570.2112438,94.63441888,2.935447339,3,0.9532,4,0.9999,-9.925001995,-76.23099858
Chincha Alta,Peru,146,0.1367,20.7546,1048.0982,4.6401,100.9138,1.045727983,2.938490905,718.461563,316.8788658,2.966892809,3,0.9249,1,0.9547,-13.44999966,-76.1333312
Ica,Peru,342,0.0825,6.3407,862.266,4.5586,102.8035,1.049081541,1.495696552,299.0562128,166.0296269,3.006194566,3,0.9740,1,0.9978,-14.06400299,-75.7439997
Pisco,Peru,78,0.175,9.2815,321.2368,3.0461,91.631,1.041860871,6.014898701,946.600343,96.34528857,3.161042432,3,0.9787,2,0.9840,-13.69999974,-76.21666711
Huancayo,Peru,274,0.4025,210.4155,3002.1806,8.2274,66.8281,1.076177525,9.990216713,1939.466056,137.0699151,3.056431113,4,0.9300,2,0.8854,-12.07500293,-75.21100166
Chiclayo,Peru,294,0.502,159.3013,2045.5677,3.6412,81.0309,1.022665543,13.94456802,2074.173498,135.817315,3.213165426,2,0.9987,3,0.9890,-6.762996005,-79.8370017
Lima,Peru,805,0.269,8493.0262,43874.5237,11.6628,63.2496,1.042087235,38.56378328,5619.943025,92.79641051,3.053393495,1,1.0000,3,1.0000,-12.08199594,-77.0450036
Trujillo,Peru,340,0.2745,301.6178,4641.5947,4.765,77.9421,1.025452858,11.04791826,1778.908217,138.6823729,3.243549701,4,0.9995,2,0.7923,-8.111667,-79.028056
Iquitos,Peru,314,0.0539,13.9256,2499.4012,5.1007,64.2045,1.046897336,0.533579219,127.8708201,133.1021478,2.739878788,2,0.7121,1,0.9863,-3.752999996,-73.19099658
Piura,Peru,311,0.0886,29.5821,2472.7255,6.2837,93.6018,1.039365807,2.362182995,441.9103751,156.6370885,3.099337029,2,0.9970,1,0.9708,-5.193998933,-80.62499666
Sullana,Peru,195,0.0738,4.9808,702.2643,3.5365,129.5255,1.057497762,1.300726007,313.2210594,175.6515801,3.180853816,3,0.9999,1,0.9995,-4.88583778,-80.68310076
Juliaca,Peru,173,0.2132,86.6421,2377.5655,5.3381,73.5545,1.021119859,5.559990122,1202.688089,121.086019,3.236711129,2,0.9996,2,0.9886,-15.49999988,-70.1333312
Puno,Peru,31,0.0674,18.4939,774.6274,4.3675,70.5257,1.073840085,3.403889157,662.9700938,123.1628964,3.060724234,3,0.9701,2,0.8978,-15.83333294,-70.03333272
Tarapoto,Peru,132,0.3076,39.2888,1115.615,4.3702,73.6017,1.067377545,4.24540083,942.194597,240.5666234,3.178484108,2,0.9988,4,0.9955,-6.501388891,-76.36555465
Tacna,Peru,164,0.0459,29.0779,2851.4368,5.8036,86.1345,1.026559185,2.435022074,422.6591577,103.0992447,3.207956989,2,0.9978,1,0.9718,-18.01800003,-70.25100264
Tumbes,Peru,65,0.2323,27.902,659.2646,4.3266,70.8412,1.058170215,7.341304627,1202.621165,119.0140927,2.975681342,2,0.5943,2,0.9910,-3.566666514,-80.46666705
Pucallpa,Peru,232,0.0179,10.9171,3423.9692,6.2795,62.7097,1.042044414,0.357661277,81.93572703,127.9112343,3.122780789,2,0.9864,1,0.9957,-8.387001005,-74.5270016
San Jose,Costa Rica,2888,0.933,1941.2456,17494.4709,12.0148,65.3689,1.118498166,10.27256344,2442.524954,133.1389616,2.560694554,1,1.0000,3,0.9802,9.930474081,-84.0786206
San Miguel,El Salvador,419,0.6619,54.411,1439.5141,4.4692,71.3225,1.051203938,6.907451382,1647.551762,133.4120721,2.831219861,2,0.9996,2,0.9853,13.47299998,-88.17699568
San Salvador,El Salvador,1094,1.2401,1144.9129,7158.0351,7.6973,64.1846,1.09353338,18.45978162,3662.425867,111.9806267,2.582372613,4,0.9978,3,1.0000,13.70141095,-89.20023261
Santa Ana,El Salvador,297,0.7289,34.2571,739.0007,3.9441,72.0505,1.075973077,10.70335012,2388.356913,122.3678514,2.661456601,2,0.9994,3,0.9494,13.994167,-89.559722
Escuintla,Guatemala,217,0.3971,13.4988,493.5495,4.129,122.9231,1.107400343,3.457138332,1136.739608,187.8585842,2.661239079,3,0.5735,4,0.9988,14.30000022,-90.78333268
Guatemala City,Guatemala,1516,0.8478,1215.3738,9016.5157,8.7715,67.5458,1.127988431,24.02746385,4599.832162,108.8539502,2.6549869,4,0.9393,3,1.0000,14.61800707,-90.52489769
Quetzaltenango,Guatemala,512,2.5023,321.4902,1674.8124,6.3995,64.9414,1.080909795,20.42188837,4075.938398,113.1165517,2.743841452,4,1.0000,3,1.0000,14.83329601,-91.50000271
Aguascalientes,Mexico,1260,0.6915,590.3445,7253.0806,7.7808,70.5475,1.045635979,12.78373825,2262.519857,103.2143361,2.984237332,4,0.9994,3,0.9916,21.88333317,-102.3000031
Ensenada,Mexico,1481,0.0282,3.8853,1850.5986,5.4621,137.7095,1.110460016,0.289294418,110.1337917,238.4484498,2.783552966,3,0.9028,1,0.9874,31.86666679,-116.6166686
Mexicali,Mexico,1847,0.118,133.186,8924.9875,6.4902,100.056,1.037703222,1.449255804,387.4133618,150.6809659,3.110549857,4,1.0000,1,0.9942,32.65499695,-115.4670027
Tijuana,Mexico,1410,0.3188,312.3605,5301.6832,6.4541,74.2544,1.070552865,7.744339231,1668.189368,121.0251546,2.812835828,4,1.0000,2,0.9629,32.5333328,-117.0166701
La Paz,Mexico,713,0.045,6.8145,1609.0933,4.6134,121.9711,1.101655154,0.386008006,196.2856614,284.6329316,3.095244814,3,0.9985,1,0.9998,24.142641,-110.312753
Campeche,Mexico,380,0.1172,31.0277,2326.5231,4.2395,138.1372,1.060990442,1.340446415,361.9230459,157.0430069,3.034294936,3,0.9833,1,0.9965,19.830125,-90.534909
Ciudad del Carmen,Mexico,520,0.0606,7.0104,1525.8864,3.3931,86.4694,1.038212714,0.444569509,161.3251292,201.8513526,3.067690937,3,0.9641,1,0.9997,18.63333324,-91.83333582
Chihuahua,Mexico,1097,0.0606,108.7943,11117.1925,7.6073,97.0297,1.054367769,1.637053702,396.7498442,137.3944025,3.115420074,4,1.0000,1,0.9869,28.630998,-106.0739996
Juarez,Mexico,728,0.2052,986.6823,14727.7035,7.219,63.9459,1.04081424,9.704975585,1768.086194,103.7879903,3.120302109,4,0.9960,2,0.8013,31.691802,-106.424224
Cuauhtemoc,Mexico,1456,0.4035,18.0495,1060.0172,4.4041,97.6297,1.030712154,1.720371044,606.6456483,190.9974837,3.14531784,4,0.9665,1,0.9969,28.41666602,-106.8666686
Delicias,Mexico,394,0.7388,97.6433,1589.6038,5.4259,85.0013,1.019686104,8.691526418,1852.355867,119.7427666,3.230245232,2,0.9991,2,0.8948,28.18698,-105.461623
Hidalgo del Parral,Mexico,146,0.0759,6.8246,772.4071,3.6029,114.3921,1.060989414,1.48614576,266.0334549,102.6690264,3.026650515,3,0.9985,1,0.9960,26.93333239,-105.666664
San Cristobal de las Casas,Mexico,61,0.1548,103.5967,1940.8935,4.6135,70.0659,1.096544709,3.922886515,962.3284657,141.0721528,2.937669377,2,0.9995,2,0.8088,16.73928,-92.640196
Tapachula,Mexico,570,0.5814,83.2637,1960.3433,4.9981,89.0701,1.075960669,4.240971794,1107.907741,146.5504847,2.964051639,2,0.9992,2,0.9526,14.8999996,-92.28333266
Tuxtla Gutierrez,Mexico,537,0.3537,307.8654,5089.2649,5.2374,76.1722,1.064151773,9.393660826,1735.357587,103.3809423,2.99654587,4,1.0000,2,0.8497,16.74399599,-93.10899569
Acuna,Mexico,153,0.0133,4.9543,2031.933,4.333,159.159,1.030261661,0.37578147,66.70526667,99.54328156,3.21902378,3,1.0000,1,0.9986,29.32353,-100.954917
Monclova,Mexico,414,0.0819,78.7544,4875.8378,5.3328,77.2902,1.020630333,1.224681764,277.724336,124.1265078,3.081026059,2,0.9672,1,0.9947,26.8999996,-101.416664
Piedras Negras,Mexico,400,0.2895,81.4618,2386.956,6.1966,83.9412,1.02482847,4.100436846,850.0444626,113.1283324,3.183844862,2,0.9993,2,0.9756,28.70000078,-100.5166701
Saltillo,Mexico,1321,0.0943,83.296,6837.8052,5.3674,110.7286,1.053111111,1.580882561,351.0844376,127.7991658,3.027391355,4,1.0000,1,0.9859,25.41799805,-100.9940036
Torreon,Mexico,1531,0.3014,513.9294,10783.5189,8.4843,95.8987,1.050897243,6.001207057,1168.835071,111.1536112,3.070902051,4,1.0000,2,0.9908,25.548164,-103.410261
Colima,Mexico,462,0.202,74.2834,2833.6599,5.8069,105.9324,1.072094345,4.245846865,966.2673618,126.3122695,3.180305633,2,0.9983,2,0.9867,19.25099995,-103.7349986
Manzanillo,Mexico,370,0.2739,41.2398,1504.5523,6.8944,85.5056,1.122030545,3.884653824,1060.974166,152.7900155,2.787990558,2,0.9987,4,0.9576,19.04999917,-104.3333358
Tecoman,Mexico,288,0.2407,10.6846,546.2655,3.5048,257.0438,1.076288927,2.188319582,750.9029764,186.4078707,3.117042535,3,1.0000,1,0.9632,18.917716,-103.876372
Durango,Mexico,917,0.0988,59.9628,5674.5836,5.8276,97.4169,1.06801956,1.931639526,416.8997152,121.9479016,3.065217391,4,0.9880,1,0.9753,24.02900103,-104.6629976
Acapulco de Juarez,Mexico,777,0.2196,141.7411,4848.0032,9.1387,124.111,1.132452552,2.748513093,644.7286964,134.66366,2.673928431,4,1.0000,4,0.9676,16.97437804,-99.93149956
Chilpancingo,Mexico,142,0.0651,17.3904,1402.9838,4.7918,285.0644,1.144209149,0.986450991,210.5342247,124.3978164,2.801204819,3,1.0000,1,0.8697,17.55199792,-99.50100259
Iguala,Mexico,122,0.2138,45.9272,1265.7545,5.3194,81.1053,1.044212644,2.624138346,571.3707657,120.298631,2.919164882,2,0.9997,1,0.5781,18.35216262,-99.53458315
Celaya,Mexico,1194,0.62,137.7682,1931.4992,4.2826,130.6037,1.055209028,6.705950323,1584.578496,137.5381744,2.865658191,4,0.9988,2,0.9894,20.52919,-100.814097
Guanajuato,Mexico,232,0.2288,18.2717,833.7021,6.1226,164.506,1.226128754,1.476639805,465.8336879,187.9574199,2.75,3,1.0000,4,1.0000,21.01666642,-101.2499999
Irapuato,Mexico,576,0.6768,228.9814,2663.976,4.3168,121.49,1.052383906,7.375870911,1620.132342,130.6733542,2.906511309,4,0.8537,2,0.9876,20.678939,-101.356395
Leon,Mexico,1219,0.6927,966.6917,8843.9254,6.0012,83.7983,1.058255085,14.23436892,2670.312961,110.0403899,2.992874856,4,1.0000,3,0.9999,21.125581,-101.682354
Uriangato,Mexico,162,0.5868,64.3646,926.1594,4.898,90.9945,1.052211326,7.09176076,1682.409894,135.838632,2.849111203,2,0.9997,2,0.9866,20.14999956,-101.1833343
Salamanca,Mexico,453,0.5994,90.7539,1503.9605,4.5008,166.9835,1.078118383,4.681181722,1175.147409,145.7036256,2.970460048,4,0.9683,2,0.9618,20.56666759,-101.1999968
San Francisco del Rincon,Mexico,482,0.6732,43.8745,900.7519,4.6603,118.2416,1.050053879,2.4775733,726.1878374,166.0118458,3.083170254,2,0.9967,1,0.7848,21.01666642,-101.8499984
Pachuca de Soto,Mexico,695,0.5807,365.6688,3834.4054,5.8669,79.5974,1.066209439,8.630567591,1794.736507,122.4213361,2.857629317,4,1.0000,2,0.9318,20.12000396,-98.75500159
Tula de Allende,Mexico,780,0.8254,32.8321,380.9414,4.5511,84.6266,1.072376207,3.590662829,1194.242203,190.7744933,2.778451493,2,0.9747,4,0.9666,20.04999919,-99.34999836
Tulancingo de Bravo,Mexico,550,0.8174,48.7382,740.6589,4.3343,100.2907,1.077651614,3.559123811,978.1093611,157.4870159,3.017556431,2,0.9975,2,0.8825,20.090139,-98.367713
Guadalajara,Mexico,1698,0.6225,7523.6067,35955.305,9.3297,65.3383,1.053752998,29.17346167,4843.61076,95.4344928,2.968585045,1,1.0000,3,1.0000,20.67399906,-103.3440026
Ocotlan,Mexico,265,0.246,15.8017,696.0001,3.4931,132.2837,1.040687521,3.069140066,782.8808119,142.8868997,2.978462309,3,0.9994,2,0.9149,20.3500004,-102.7666701
Puerto Vallarta,Mexico,595,0.4097,49.7009,1147.612,4.4465,74.8216,1.09544283,7.823679147,1684.354775,120.2205024,2.874375044,2,0.9995,2,0.9370,20.61666683,-105.2499999
Mexico City,Mexico,4360,0.5542,28205.4912,118730.6625,11.5641,64.4758,1.049819715,23.71759324,4477.373623,108.2791116,2.897977668,1,1.0000,3,1.0000,19.42704908,-99.12757465
Tianguistenco,Mexico,243,0.8011,19.9921,307.9291,4.438,68.4505,1.063797242,6.278857601,2184.89366,203.03919,2.937611408,2,0.9980,4,0.9372,19.18333244,-99.44999685
Toluca,Mexico,2573,1.067,1744.2546,13352.9013,9.7154,70.5754,1.062259367,10.53631744,2860.388192,154.7327533,2.75741581,1,0.9998,3,0.9630,19.28300399,-99.66670171
La Piedad,Mexico,793,0.4297,9.1176,352.5326,3.7206,224.8938,1.065816779,2.183568426,603.1454124,159.2382927,2.918481643,3,1.0000,1,0.9170,20.346419,-102.031827
Morelia,Mexico,747,0.4218,376.4919,5507.4615,6.3567,91.9536,1.069634913,12.72867747,2163.977985,98.77257476,2.936912448,4,1.0000,3,0.9880,19.69700406,-101.1850017
Uruapan,Mexico,359,0.3545,116.4105,2803.2016,6.0243,83.2491,1.067242054,6.170504743,1107.614028,100.6072329,2.989861259,2,0.9986,2,0.9808,19.41666597,-102.0666655
Zamora,Mexico,200,0.4409,86.7399,1282.8745,5.849,117.6633,1.041745966,9.425905656,1545.587139,96.24751296,3.045227178,2,0.9980,2,0.8812,19.98333361,-102.26667
Cuautla,Mexico,645,0.6585,106.1051,1425.9688,6.7337,75.5802,1.061842226,4.451464366,1274.891661,165.3153369,2.824939602,2,0.9813,2,0.7848,18.7999992,-98.94999679
Cuernavaca,Mexico,780,0.6556,1534.726,10139.8457,6.6544,70.685,1.080743143,11.88693675,2619.090573,125.7747107,2.712075821,4,0.9909,3,0.9963,18.92099707,-99.22100358
Tepic,Mexico,401,0.1875,119.7349,3994.1504,6.6188,92.8307,1.0827775,5.536125876,953.9976522,98.17286206,3.031805969,2,0.9729,2,0.9556,21.50800195,-104.8969976
Monterrey,Mexico,2693,0.3859,3319.0652,34443.7479,8.2998,71.2856,1.063397666,14.07660593,2434.602286,103.1825374,3.003183989,1,1.0000,3,0.9996,25.677,-100.3169966
Oaxaca de Juarez,Mexico,349,0.5788,883.4471,5110.4733,8.1442,73.4898,1.043534742,14.19991077,2954.443439,120.6724045,2.9026031,4,0.9998,3,1.0000,17.06200197,-96.71399962
San Juan Bautista Tuxtepec,Mexico,353,0.4024,16.6031,554.8511,4.1777,111.7792,1.094281757,1.726034835,674.3582184,217.8176678,2.83747412,2,0.9100,1,0.9302,18.10000039,-96.11666855
Santo Domingo Tehuantepec,Mexico,234,0.1522,22.4844,1027.3491,5.2191,185.8476,1.068152044,4.006934348,931.010016,129.858507,2.764008486,3,1.0000,2,0.9038,16.33333399,-95.2333297
Puebla de Zaragoza,Mexico,2196,0.8177,2971.9473,16291.5048,8.6072,68.5703,1.042275355,15.52555173,3643.009929,132.6257728,2.867024771,1,1.0000,3,1.0000,19.04863495,-98.19294263
Tehuacan,Mexico,286,0.4421,140.2125,2054.3681,4.9191,79.207,1.021890676,6.117063327,1191.407687,109.4452118,3.090354888,2,0.9994,2,0.9826,18.465448,-97.404766
Teziutlan,Mexico,146,0.606,1.3703,58.9675,2.8566,117.6223,1.104248834,8.000726789,2061.470845,147.4411483,2.602146416,2,0.9898,2,0.5837,19.81666765,-97.34999843
Queretaro,Mexico,1299,0.6327,1103.043,9703.6091,7.4012,86.575,1.07042728,13.80025098,2570.984054,109.3503024,2.787225468,4,1.0000,3,0.9998,20.58299993,-100.3869986
San Juan del Rio,Mexico,491,0.6369,116.5727,1445.4793,4.6546,76.8673,1.090069329,3.759511239,1062.135891,166.7976918,2.963007519,2,0.9991,2,0.5470,20.38333319,-99.99999992
Cancun,Mexico,656,0.2148,173.4573,5591.106,5.648,70.0938,1.060197258,4.269013797,920.3572675,123.8086345,2.930341853,4,0.9665,2,0.9762,21.159944,-86.851741
Chetumal,Mexico,902,0.0564,3.5492,1215.7334,3.6106,110.7231,1.09066169,0.450043172,169.8223483,208.0624744,3.269839292,3,0.9993,1,0.9998,18.49799701,-88.2909987
Playa del Carmen,Mexico,331,0.1565,9.9078,829.0317,4.3651,74.8179,1.06740806,2.301084007,536.0826168,130.8180986,2.883084577,3,0.9201,1,0.8190,20.643828,-87.068435
Culiacan,Mexico,1536,0.2436,104.5278,4174.8591,4.7504,111.5996,1.057007083,3.24110246,766.9479619,133.2181696,3.056830097,4,1.0000,2,0.9499,24.80499892,-107.3860016
Los Mochis,Mexico,944,0.2363,49.0854,2261.369,4.9637,105.6704,1.042865471,3.030891669,717.4091362,133.2527906,3.148598471,2,0.9247,2,0.8604,25.76666642,-108.9666671
Mazatlan,Mexico,366,0.1445,101.4849,3986.6974,6.5605,119.7121,1.08539371,5.321868232,935.8736598,102.1961394,3.148508825,2,0.8987,2,0.9664,23.36150697,-106.2700016
Ciudad Valles,Mexico,460,0.1898,18.7364,1356.9267,4.6143,103.6708,1.056899869,1.810062475,490.2428677,151.9506463,3.128506067,3,0.8563,1,0.9846,21.98333364,-99.01667012
Rio Verde,Mexico,319,0.089,3.5213,424.7955,4.166,213.169,1.092286238,0.573638482,320.4176247,314.3767812,2.944288577,3,1.0000,1,0.9998,21.93333241,-99.9833297
San Luis Potosi,Mexico,748,0.4186,1265.6515,12377.7151,6.4619,77.777,1.041374597,11.19910462,1948.61982,100.4884506,2.908276468,4,1.0000,3,0.7961,22.151997,-100.9799997
Obregon,Mexico,742,0.1522,49.5766,2985.125,4.8635,124.5596,1.051260227,2.138149004,511.414835,136.7634595,3.130022226,2,0.9352,1,0.9341,27.479791,-109.934667
Guaymas,Mexico,459,0.0537,6.8802,1091.0393,4.6836,158.3499,1.046999985,0.975159276,260.1378716,149.7986618,3.019758841,3,1.0000,1,0.9967,27.93333241,-110.9000014
Hermosillo,Mexico,1417,0.0836,101.1191,9805.8787,7.2406,124.074,1.055032857,1.262129651,339.0438399,149.806882,2.993579267,4,1.0000,1,0.9946,29.09400307,-110.9619987
Navojoa,Mexico,530,0.1887,22.5394,1585.3747,4.814,135.8374,1.040764939,2.024962397,566.6853563,155.3059049,3.149297066,3,0.9984,1,0.9664,27.10000044,-109.4333343
Nogales,Mexico,116,0.066,66.367,3119.7966,6.644,71.0261,1.080842283,1.867706578,446.1425038,135.7732677,2.66989843,2,0.9943,1,0.8957,31.33333404,-110.9333343
San Luis Rio Colorado,Mexico,385,0.0434,27.6595,4320.103,4.4226,91.5216,1.026031293,0.919565448,241.2515307,137.7913091,3.632356362,2,0.9938,1,0.9990,32.48333356,-114.800003
Villahermosa,Mexico,1328,0.5893,164.7029,3401.6705,8.6349,79.1364,1.103195845,2.954946568,1070.899486,205.451086,2.751105422,4,1.0000,4,0.9993,17.97599701,-92.93699661
Victoria,Mexico,438,0.2993,177.9283,4176.3724,4.8524,70.4553,1.031936077,5.560983888,1029.57772,105.6704973,3.101894965,2,0.9177,2,0.9844,23.73333359,-99.13333118
Matamoros,Mexico,562,0.1213,115.3809,6092.638,5.8207,80.6585,1.04787837,2.884060333,672.6008639,135.6048003,3.116241393,4,0.9010,2,0.7117,25.88333324,-97.49999993
Nuevo Laredo,Mexico,452,0.3693,187.6007,3173.2143,5.0869,72.453,1.024767198,8.02594313,1524.758843,106.9572802,3.261942453,2,0.9729,2,0.9597,27.50000003,-99.51667008
Reynosa,Mexico,957,0.2023,198.4285,6545.7758,7.646,110.2315,1.046310419,3.19548395,852.7218497,153.9707344,3.088741411,4,1.0000,2,0.9318,26.08333397,-98.28333266
Tampico,Mexico,1027,0.1944,146.1989,5071.6714,5.4377,89.0508,1.078186809,2.790063976,758.2552842,152.203043,3.13933745,4,0.9945,2,0.5746,22.24323907,-97.84262663
Tlaxcala,Mexico,815,1.1511,228.202,1880.5385,7.4907,67.815,1.050357095,14.68709004,3895.739372,152.2910526,2.863322343,4,0.9992,3,1.0000,19.31000398,-98.23699769
Acayucan,Mexico,234,0.2821,5.7526,288.5007,2.7506,203.3894,1.06854809,1.896973807,655.3321059,188.5745274,3.016028956,3,1.0000,1,0.9884,17.949411,-94.917532
Coatzacoalcos,Mexico,364,0.7324,202.6463,1715.9293,4.2072,68.4213,1.051143415,14.27458837,2789.259059,110.313864,3.041240832,2,0.9552,3,1.0000,18.14999963,-94.41666397
Cordoba,Mexico,362,0.7862,121.3725,1412.6714,5.2021,94.7479,1.062011441,11.42335776,2574.227688,126.1021829,2.860232945,2,0.9982,3,0.9803,18.88333322,-96.93333428
Minatitlan,Mexico,770,0.2628,32.955,1688.6261,4.7884,99.6508,1.102341325,1.371522235,598.4743082,242.1479711,2.85078125,2,0.9554,1,0.9775,17.990329,-94.551193
Orizaba,Mexico,309,0.4985,217.8909,2627.9699,6.8506,74.006,1.094520385,6.344873743,1769.502993,153.5606902,3.117417678,2,0.6238,2,0.9663,18.85000043,-97.09999835
Poza Rica de Hidalgo,Mexico,1171,0.4199,67.9163,2313.4243,6.1455,113.3029,1.07331231,5.093896835,1111.837097,121.8633651,2.766855907,4,0.9755,2,0.9386,20.536174,-97.45803
Veracruz,Mexico,1060,0.6457,391.8633,5130.7734,5.4426,78.6284,1.04687734,9.6499189,1849.049454,109.0568181,3.099296282,4,1.0000,2,0.8038,19.18500308,-96.12299657
Xalapa,Mexico,577,0.6654,296.8394,3344.6626,5.329,84.5074,1.095202768,14.98182894,3013.004565,115.1698175,2.733513351,4,0.9988,3,1.0000,19.533333,-96.916667
Merida,Mexico,951,0.6218,1468.9016,11805.2653,7.3239,68.3431,1.033865839,19.99557316,4014.999884,115.406658,3.144416333,4,0.9617,3,1.0000,20.98299594,-89.62800257
Fresnillo,Mexico,635,0.1247,7.5151,780.9719,3.5526,314.6371,1.052158857,0.546313919,231.0443206,237.5496923,3.15370019,3,1.0000,1,0.9999,23.16666596,-102.8833312
Zacatecas,Mexico,541,0.3757,31.8131,916.4303,4.7465,102.546,1.060760758,4.31381063,915.5959248,122.9880872,2.895337901,2,0.9973,2,0.9710,22.76399694,-102.5549997
Chinandega,Nicaragua,257,0.134,3.6112,480.941,3.9878,98.8623,1.085051716,1.043965151,396.7081776,213.390016,2.910339257,3,0.9682,1,0.9980,12.61666679,-87.1500014
Esteli,Nicaragua,159,0.2013,9.6565,734.7032,3.9249,90.2982,1.089278573,2.14739047,479.9250088,128.9387849,3.032290616,3,0.9410,1,0.9620,13.08333301,-86.34999835
Leon,Nicaragua,249,0.3083,17.4546,893.8011,4.4331,90.4494,1.062794981,3.199543119,884.029552,156.3740402,2.949114332,2,0.7375,2,0.8820,12.43299608,-86.88099568
Managua,Nicaragua,1269,1.2068,843.6098,6963.0599,6.3768,64.6432,1.052418544,15.71754807,2875.842698,105.0133981,2.873823163,4,0.9996,3,1.0000,12.132778,-86.250278
Masaya,Nicaragua,253,1.7243,49.0466,708.8212,2.9678,80.4881,1.054554774,6.509183744,1903.088726,174.0288217,2.999080882,4,0.9867,2,0.9466,11.96666618,-86.09999837
Panama City,Panama,1792,0.5316,422.7938,6039.8232,6.958,67.7598,1.086311585,5.696549,1465.58443,144.3176387,2.609170554,4,0.9984,2,0.6375,8.966666233,-79.53333273
Colon,Panama,465,0.4589,28.028,982.5781,6.8448,79.5479,1.145638198,1.771067207,734.8339785,232.5660934,2.600080873,2,0.9973,4,0.9857,9.359167145,-79.90139005
David,Panama,592,0.7054,47.5053,996.5367,4.7097,71.7551,1.052098646,4.954379323,1440.420384,163.7815995,2.802032367,2,0.9983,2,0.8503,8.433333379,-82.43333429
