Country,L1Name,number_of_urban_patches,patch_density,area_weigthed_mean_shape_index,area_weigthed_mean_nearest_neighbor,effective_mesh_size,area_weighted_mean_patch_size,Circuity_average,intersection_density,street_density,street_length_average,streets_per_node_average,urb_perfil,stt_perfil,area,population_density,CentLatitude,CentLongitude
Colombia,Apartado,4,0.4965,3.8388,60.0015,226.1667,426.6002,1.01885302049748,21.3794373716418,2145.63003913005,59.5066951219513,3.07202572347266,1,4,65.9512210489811,29648.81941,7.882760999999999,-76.624692
Chile,Iquique,10,0.5322,2.8948,60.2539,756.3894,1187.5717,1.02656800369767,13.7783672469797,1898.89234896019,80.6987532603026,3.19850808122668,5,4,162.936577299614,12678.53362,-20.2307033,-70.1356692
Mexico,Teziutlan,10,1.684,3.3183,109.4087,48.1552,108.4767,1.08408210271709,10.0614851328178,1548.31763748102,91.3030898617511,2.68358208955223,1,6,51.1852865855965,18017.50426,19.8160106,-97.35705759999999
Brasil,Vitoria de Santo Antao,11,0.7759,3.8486,60.0855,548.6204,865.54,1.02401291160824,17.2805676357939,2073.83011516888,70.4083021015762,2.90893831305077,5,4,116.31562355837201,12864.19459,-8.1286072,-35.2979382
Peru,Pisco,11,1.0496,3.1342,60.1249,291.6536,503.5294,1.02467160890819,15.1753162544762,1957.9536617128,73.5294120926244,3.21742112482853,5,4,87.5764285708368,8606.632293,-13.7134562,-76.1841701
Brasil,Angra dos Reis,12,3.2744,4.269,60.631,82.093,167.9813,1.04911151111631,9.26180588546382,1351.02020337547,84.3816959737058,2.57894736842105,1,5,76.0110942408014,7895.450443,-23.0069033,-44.3185204
Peru,Huaraz,15,1.0825,4.3381,60.5854,472.0483,798.1172,1.04896231889869,12.3486707838822,1589.23894344578,74.6538937834501,2.9385171790235,5,6,114.10134942127101,12295.44789,-9.5261154,-77.5287792
Chile,San Antonio,17,0.9087,3.7663,74.045,306.382,562.4625,1.03466454212026,10.096506651741999,1442.25608488429,83.4267026940344,3.11077993045206,1,6,180.359411706602,7491.13471,-33.5922807,-71.6055123
Colombia,Cartago,17,1.2442,5.2789,60.178,408.8282,734.9225,1.03165668200665,6.877926340059659,1185.57976937279,97.8066222222224,3.04260089686098,5,1,111.370776906772,15089.80047,4.747221199999999,-75.91162890000001
Colombia,Palmira,18,0.6775,4.1748,60.8972,841.5032,1356.9401,1.02695764694846,15.5869492365881,2080.1183591334,78.5550326923078,3.18888888888888,5,4,216.01404796369198,11043.53053,3.5379718,-76.2971657
Nicaragua,Chinandega,18,1.1786,5.0284,62.4145,366.278,668.5027,1.03587096857804,9.102517426148111,1442.86947263223,90.0554771273978,3.00219458668617,1,5,126.887974603829,12677.95245,12.6234721,-87.1273253
Colombia,Sincelejo,19,0.7418,5.0932,60.2399,995.8241,1582.2767,1.02169417397992,16.9672533730653,2017.74927554087,68.3089579386739,3.08146136756356,2,4,210.876794336076,14935.49094,9.3045773,-75.39055669999999
Brasil,Araguari,20,0.5637,4.6717,60.5089,1356.0999,2119.5076,1.0182225235972,10.3827279012218,1693.10840754282,94.196842509603,3.33282766990291,2,3,304.158986929472,4392.642557,-18.6459014,-48.1979841
Brasil,Passos,20,0.6994,4.8102,60.3669,1011.3323,1690.0043,1.02031021966885,11.2624991077875,1748.87375229719,90.6140541666667,3.27402376910017,2,3,248.701462543356,5947.000839,-20.7221434,-46.6133353
Colombia,Riohacha,20,0.9465,2.7386,60.2942,716.3131,1143.5099,1.01633242841366,13.267369661418,1928.03854740862,80.7961607655501,3.3978102189781,5,4,175.16659739709098,13513.97788,11.5384151,-72.91678379999999
Colombia,Tulua,20,1.116,4.7263,60.1456,661.071,1080.8693,1.0190120434703,18.6968546125188,2074.539020548,65.2052354970886,3.18835616438356,5,4,145.746440054971,16222.51581,4.089869,-76.1914991
Colombia,Tunja,21,1.8331,3.3357,60.0811,58.4984,131.8856,1.04802619893422,16.2054680153084,2021.99885505485,75.6182508064514,2.96214327315084,1,4,92.74647289298869,28009.827,5.5446422,-73.3575572
Colombia,Duitama,21,1.6539,3.7185,60.6102,399.6719,676.1687,1.04268430300431,14.588008702319799,1874.1017344544,73.6124857792946,2.83687566418703,5,6,103.578221732189,12044.20065,5.8268951,-73.0329273
Colombia,Buga,21,1.5781,3.4616,60.9914,458.4659,764.5924,1.02823486845038,14.1841231874101,1801.37789373359,72.4165898480919,3.23311416616855,5,4,108.501595739525,12135.97073,3.9005079,-76.30218889999999
Peru,Puno,21,1.1572,4.4926,60.0484,484.0561,821.3434,1.04409163514245,9.722588876857829,1496.44037656226,88.7597265685515,3.09606205250596,5,5,153.14851001714,12000.15359,-15.8402218,-70.0218805
Brasil,Uruguaiana,23,0.7894,4.8916,60.3943,1103.3193,1756.3806,1.02417730358125,5.7396495171816895,1146.93130757194,111.22863022508,3.13043478260869,2,1,271.445145794375,5739.385613,-29.7619121,-57.08584279999999
Colombia,Florencia,23,1.4772,4.3591,60.1849,490.6021,864.035,1.0496807950468,6.93668132655215,1049.56985890351,87.2007309210525,2.96108949416342,5,2,126.28517280257,15674.47413,1.6153858,-75.60423639999999
Peru,Huanuco,23,1.259,5.5226,60.115,542.2868,958.5405,1.05218217179087,13.9975196265808,1978.84801517635,83.2244497354498,2.98556701030927,5,4,151.02675733960498,16745.9089,-9.9298454,-76.24326529999999
Colombia,Quibdo,24,1.7376,4.846,60.1197,449.301,779.3198,1.0594430780298,3.57509816299092,654.122129057914,101.284861263736,2.61071428571428,5,2,112.724177526597,12966.37476,5.695633,-76.649812
Peru,Tumbes,24,1.5872,4.435,60.2415,487.9472,850.9447,1.02770448156932,13.6996864278334,1813.04642678211,77.3601056826055,3.01821019771071,5,4,123.141504653168,11564.48351,-3.5564921,-80.4270885
Mexico,Tecoman,24,1.1757,3.8585,60.1348,592.0742,1014.3073,1.01201704451602,10.5822583370884,1611.36750888477,83.0935746820467,3.34384236453201,5,3,174.348418005795,6311.659666,18.9173829,-103.8738031
Colombia,Yopal,25,1.423,3.1879,60.3981,639.8823,1024.1159,1.02280555875772,16.2346821844123,2047.56864205226,73.2439435987021,3.25425101214574,5,4,143.335112666034,8340.67211,5.348903,-72.40052299999999
Chile,Antofagasta,26,0.5857,5.0731,63.9291,1675.4854,2649.8521,1.03827027516671,17.0019732464043,2037.06898690334,70.2410461768063,3.05479818230419,2,4,392.77793837325896,9588.559664,-23.6509279,-70.39750219999999
Colombia,Popayan,26,1.0881,5.0978,60.6476,745.4769,1275.0037,1.05255142991307,14.019218760471102,1713.8254700931,72.3646004352558,2.93775801841854,5,6,194.01937058499598,13468.28614,2.4448143,-76.6147395
Peru,Sullana,26,1.1555,3.857,60.1232,568.9725,958.5236,1.01339827547465,13.6884815170205,1992.42822957739,82.3130119315621,3.36039083051484,5,4,183.511954695378,13165.02471,-4.903638,-80.68643229999999
Mexico,Tianguistenco,26,1.9042,6.2291,61.4216,294.7168,596.1532,1.05217432391016,4.43400713137344,929.179304474866,123.8294125,3.01845637583892,5,2,117.27540903591799,7848.55342,19.1804002,-99.467615
Colombia,Fusagasuga,27,1.6541,3.2821,60.8033,239.9271,447.0472,1.05900026146854,8.468226571607591,1187.82058053417,80.9542209123526,2.89372693726937,5,2,132.967627929945,10860.33447,4.345152,-74.361823
Argentina,Rio Gallegos,28,1.0979,2.9863,60.8981,1246.9654,1735.9738,1.01018116466288,8.72429037128214,1308.0919809557,86.6348091327859,3.41368743615934,2,5,330.685921401308,4549.575651,-51.6230485,-69.2168291
Colombia,Valledupar,28,0.663,5.026,60.4928,1577.0333,2533.8796,1.01217176311051,14.926326819039799,2076.48402642765,78.7640570962479,3.345797785442,2,4,348.779714065974,13770.6975,10.4742449,-73.2436335
Brasil,Teixeira de Freitas,30,0.9044,5.5988,60.2799,1166.3128,1896.5963,1.01817017890969,13.5110766136873,1934.29140225245,82.6367357434579,3.29509415262636,2,4,282.434931657054,6683.04886,-17.5400307,-39.7421813
Peru,Ayacucho,30,1.0677,4.4161,60.5279,848.4973,1442.2652,1.03329880006006,16.3743856087033,2106.88773130644,75.1602061824273,3.10892018779342,5,4,234.26833175109002,10644.18117,-13.1638737,-74.22356409999999
Mexico,San Cristobal de las Casas,30,0.9649,4.3636,60.6593,1263.1097,1943.0639,1.03888547035927,6.331638745778349,1090.26915893072,98.9299521514629,2.95532994923857,2,1,263.59684546324,8824.337096,16.7369928,-92.63759879999999
Mexico,Ocotlan,31,1.263,4.1832,60.5511,674.4932,1156.4376,1.03395065156912,9.16042204070288,1442.08803088792,89.7272543911006,3.10400720396217,5,5,212.54479229764803,5611.510128,20.3417485,-102.7652326
Mexico,Zamora,31,0.8834,5.5719,60.3676,599.9358,1045.13,1.03851879623397,11.140015799429198,1508.65186718746,79.6875762120684,3.10755892712002,5,6,302.87210186657404,7956.581553,19.9901766,-102.2834075
Mexico,Rio Verde,31,1.3389,4.2074,60.4994,296.7962,550.0201,1.02988928360415,4.6418763820137405,926.010549350195,113.459504542701,2.94774136403897,5,2,202.28888551156098,4385.548348,21.9277923,-99.9856344
Brasil,Sertaozinho,32,1.0484,5.5614,61.5624,1069.9573,1751.3134,1.02133004168655,10.5321135211591,1766.68285826084,97.9198487886384,3.28697721863311,2,3,265.378833449223,5045.270565,-21.1379949,-47.990137
Chile,Punta Arenas,32,0.9161,4.0525,61.6262,1071.7933,1729.8807,1.03498781643836,8.01516237370809,1067.76451715966,77.5386948916409,3.05246986528007,2,2,469.11089566118096,4878.435425,-53.1638329,-70.9170683
Mexico,Hidalgo del Parral,32,1.5238,3.9914,60.4563,598.2577,1024.2991,1.043767673051,12.0853816291254,1665.00423925614,79.18256575992,3.05570392979778,5,6,190.560800699071,6192.96017,26.9317835,-105.6666166
Mexico,Acuna,32,0.7758,4.6302,61.3979,1390.3815,2240.2139,1.01976447795268,10.6665716559408,1595.89262912022,84.7832430969887,3.2521836506159,2,3,382.87841039584504,4790.735277,29.3232963,-100.9514187
Mexico,Chetumal,32,0.8598,3.873,60.3785,1519.1408,2293.6591,1.02528535289444,14.258392767473001,2046.18097118387,80.8325854050713,3.44621598639455,2,4,319.39083698050604,5255.011585,18.5001889,-88.296146
Brasil,Tatui,33,1.1966,5.3477,60.3667,748.3925,1317.1124,1.03225603429768,8.009100742051231,1392.21843016448,102.631164138349,3.09706019598693,5,5,242.97359499833203,5041.533331,-23.3492186,-47.8465761
Chile,Arica,33,0.9288,5.1841,60.7143,1338.7358,2131.2769,1.02803236648444,16.8847305938835,1951.5844629569,69.6344009384162,3.06152466367713,2,4,304.18015682527397,7812.609302,-18.4782534,-70.3125988
Colombia,Pasto,33,1.3302,4.5228,60.3317,876.1013,1440.9485,1.0463506026567,19.508454071234,2248.65444333617,68.2432277585428,2.97704479607755,5,4,201.604903476147,22813.64853,1.2058837,-77.285787
Mexico,Acayucan,33,2.3851,3.6871,60.4296,312.3265,567.0047,1.02603158939797,6.98265994473884,1277.46146337847,102.908072115384,3.05827263267429,5,1,117.29054636508299,7159.774249,17.949192,-94.91459739999999
Brasil,Barreiras,34,1.1652,3.5591,60.358,551.3886,922.6426,1.01408417861675,14.1284813636121,2022.04696513301,85.3575546072113,3.23718846261551,5,4,242.34734872627598,6429.381993,-12.1477483,-44.9953475
Brasil,Garanhuns,34,1.5062,5.4367,60.9214,639.2873,1152.7763,1.01512137080521,14.0120560070575,1929.4736068596,81.9086030656599,3.2224244630506,5,4,185.554496691309,9384.931546,-8.882855100000002,-36.4969127
Mexico,Ciudad del Carmen,34,0.9142,3.4294,60.7801,1600.7017,2366.6033,1.02752328989688,7.31899239426302,1318.72153726145,103.224681583476,3.06450396076952,2,1,318.349832119837,5456.783404,18.6504879,-91.80745859999999
Peru,Cajamarca,35,1.4451,4.9625,60.4277,858.943,1402.1325,1.04131764613969,9.78646481270114,1501.92658059579,88.9812818290497,3.14519140989729,5,5,198.232971469147,12513.4302,-7.1617465,-78.51278549999999
Brasil,Sobral,36,1.7076,4.125,60.3364,536.696,919.6185,1.02842585571233,14.6459214403002,1999.40583309845,80.0628598326359,3.21671597633136,5,4,172.266388993294,10828.72812,-3.6895919,-40.3485423
Brasil,Varginha,36,1.0641,5.0957,61.5875,993.1489,1695.4209,1.03427136228395,10.8392903922709,1693.84168366844,93.1018263629571,3.14119359534206,2,3,294.391965204231,5872.785871,-21.5566617,-45.4270897
Chile,Copiapo,37,1.0365,5.8134,61.1041,904.0457,1547.9972,1.0494256101983,11.9517977855095,1509.56411074281,72.9595821072968,2.87195382642154,2,6,325.223039224495,5895.092631,-27.3665763,-70.3321587
Colombia,Manizales,37,1.6746,5.3386,62.0584,490.6716,910.5055,1.07309205135795,20.2623657005417,2347.89260090167,68.3136833845656,2.99157641395908,1,4,179.840797163312,24930.91989,5.070275,-75.5138166
Mexico,Santo Domingo Tehuantepec,38,2.2963,4.8202,61.027,452.5529,808.2652,1.06368867214968,10.1589466056972,1637.10832597524,91.8976288163947,2.84194977843426,5,6,268.433343125423,6002.143353,16.3226994,-95.24233
Nicaragua,Esteli,38,2.4025,4.129,60.8632,489.2468,833.0611,1.02646318737561,11.7622003804026,1668.93696313974,81.6829687616213,3.12860438292964,5,3,131.608028254574,10587.44539,13.0851139,-86.3630197
Nicaragua,Masaya,38,2.6563,3.6455,60.9313,516.7382,841.984,1.02944456515378,7.15586064435408,1261.06890417883,104.218713690062,3.03239289446186,5,1,118.923500930867,13605.01105,11.9704485,-86.0886366
Brasil,Rio Claro,39,0.714,5.7249,60.6883,2058.8714,3263.052,1.03036157480208,9.46935699694181,1567.03035081509,95.2705919532934,3.24665706644723,4,3,479.018797312735,4847.281908,-22.4149023,-47.5651394
Brasil,Rio das Ostras,39,0.9239,7.1118,60.3609,1456.9646,2456.451,1.0216352714026,9.64283617439553,1621.70209881446,98.5398476549693,2.95570983959779,2,5,370.53413906246,4431.385157,-22.4650817,-41.9394892
Mexico,Chilpancingo,39,1.1039,6.057,60.912,1044.2141,1790.4071,1.06265783001507,6.77044166437006,1141.64514803868,98.6133030477286,2.81320450885668,2,2,300.423532293922,8926.634152,17.5515346,-99.5006322
Mexico,Uriangato,39,1.4794,5.3661,60.6209,663.1238,1178.7258,1.02993163083011,7.548754427602989,1329.66837583444,101.797165600807,2.90777402221149,5,5,227.454743225129,5699.573877,20.1462015,-101.178725
Mexico,Guaymas,39,0.8919,6.4319,60.1476,1152.5665,2040.6067,1.03017723264583,8.2353013570587,1233.84232499721,85.7323814236109,2.95832267962158,2,5,400.228219599384,3696.209244,27.9178651,-110.9089378
Mexico,Fresnillo,39,1.2296,5.7029,60.3623,1184.8668,1908.5128,1.0181441544589,6.6339732999622205,1185.98438305635,101.391152646069,3.28879959819186,2,1,279.470524852814,4189.566252,23.1777586,-102.8687414
Colombia,Santa Marta,40,1.0261,4.7716,60.6947,1205.758,1935.1639,1.03085020711533,14.8565051687289,1770.01882351278,68.4287500897237,3.08184660658451,2,4,323.158101146526,12639.35368,11.2403547,-74.2110227
Peru,Piura,41,0.7886,6.7963,60.1567,1941.2116,3101.4933,1.01404224174316,15.8263136486946,2116.64769023124,80.2071444781985,3.20712157752872,4,4,424.10381526550896,11216.77628,-5.1782884,-80.6548882
Peru,Tacna,41,0.761,6.2688,60.5598,1991.1487,3217.4508,1.01459724490883,18.620984856091297,2299.96490643751,73.4158952301602,3.18382111147648,4,4,459.750118812835,7761.527064,-18.0065679,-70.2462741
Brasil,Itabuna,42,1.4452,5.0565,60.5046,839.0306,1433.3791,1.03670772322662,11.8379692845775,1714.67560511768,84.3108271903323,3.05079559363525,5,6,244.12970928764602,11882.13629,-14.7916229,-39.2833243
Brasil,Ourinhos,42,1.1277,4.6883,60.8172,1244.4851,2009.9933,1.04404421851709,9.500729815878719,1567.2017899012,97.626343779677,3.20315342631898,2,5,327.974804082121,4182.392156,-22.9493713,-49.87520689999999
Mexico,Iguala,42,1.5212,6.0138,61.0537,942.8885,1557.5024,1.03907754724748,5.79148045095135,1069.37908381207,102.782276283618,2.91286307053941,2,2,235.863698680984,6669.545613,18.3448477,-99.5397344
Brasil,Pocos de Caldas,43,1.2368,5.6069,63.875,1052.0186,1805.5906,1.05173911507674,7.7927271371944205,1329.61613397177,101.942753787878,2.97058823529411,2,5,303.616430852193,5434.369862,-21.7695566,-46.5547852
Brasil,Parobe,43,1.2718,4.7623,60.5319,522.1412,918.767,1.02299614669433,6.65477769188962,1205.30087568066,104.70034425778,2.86810176125244,5,1,315.412489670107,5027.735803,-29.6246924,-50.8324672
Colombia,Monteria,43,1.25,4.2183,60.7792,1036.1861,1725.0662,1.01646267793382,15.943616443903501,2002.13409081937,71.910579643766,3.22622950819672,2,4,282.30734324526895,16918.9467,8.750983,-75.8785348
Argentina,Concordia,44,1.1582,4.1818,60.4195,1411.8088,2184.1771,1.0145813248718,9.23861229560791,1478.42035105183,89.2552031852473,3.37503522118906,2,3,360.119019344677,4987.265686,-31.3913921,-58.01743399999999
Argentina,San Carlos de Bariloche,44,1.6894,4.1184,60.5692,662.4137,1143.6338,1.02667639452683,6.80412489317687,1225.25968052837,103.612125227963,3.27250368912936,5,1,278.21358803955604,4430.284595,-41.1334722,-71.3102778
Brasil,Teofilo Otoni,44,1.9873,7.1808,60.8225,482.8419,950.7278,1.06373595996086,9.07039317827031,1591.29056818776,105.943440564374,2.86162269785963,5,5,188.74595250196901,10693.49115,-17.8600089,-41.5091042
Brasil,Teresopolis,44,2.3188,5.9749,63.812,273.8123,590.1112,1.16296934688641,5.39638103257281,1219.27635849849,131.495217109526,2.56781045751634,1,2,166.40781934774898,10027.54036,-22.4178833,-42.9732217
Colombia,Armenia,44,1.5506,6.2676,60.7602,657.7851,1181.899,1.05519519856796,14.1198811852622,1666.91908447749,68.4977950907148,2.82818387339864,5,6,231.021773993732,16581.95779,4.535000399999999,-75.6756888
Guatemala,Escuintla,44,2.0358,4.4695,61.9779,344.5934,668.9084,1.0870818390784,6.94321277949945,1242.58030973449,105.415592783505,2.80859375,1,2,181.040109228889,10169.85846,14.3009252,-90.7881835
Brasil,Jequie,45,1.2967,5.366,63.2271,758.1355,1372.8901,1.02770731216956,12.891231826003201,1802.00861279286,83.5672369220923,3.09200789343857,2,4,289.88695963577203,7629.292974,-13.8590592,-40.0837763
Peru,Chimbote,45,0.9413,4.6967,60.2983,815.4032,1336.9481,1.01796442882187,11.625947757212801,1610.11172101759,82.0645692048253,3.1835728952772,5,3,392.914203245579,10881.42417,-9.063336399999999,-78.589011
Argentina,Santa Rosa,46,1.0364,5.6902,60.2833,1734.2685,2698.8151,1.01186882175946,8.76848491781135,1499.49019224613,98.2770316020485,3.44555694618272,2,5,447.967925681332,3751.071295,-36.620922,-64.2912369
Brasil,Linhares,46,1.5043,3.6046,60.3204,506.7528,884.442,1.01505979824252,9.447219106451529,1526.64416600818,90.6414384147714,3.21642059776737,5,3,263.67547655361204,6327.316857,-19.4021415,-40.0670118
Peru,Chincha Alta,46,1.4569,6.2442,60.8898,857.7792,1547.3724,1.02028031278473,9.86197123136661,1488.49349112776,89.442849280658,3.0454076367389,2,5,263.131978295215,9169.437515,-13.42553,-76.13671099999999
Brasil,Barbacena,47,1.8389,6.2671,60.4237,718.413,1279.8125,1.06077628449729,8.47890053306512,1496.43118493885,107.007721327319,2.91065611912517,5,5,221.962740647891,7126.102839,-21.2219344,-43.7706811
Brasil,Marilia,47,0.7193,7.3178,60.9546,1982.4569,3333.9296,1.02871969978719,10.5915563388213,1672.25262923132,92.9703397454579,3.19002778635381,4,3,572.248289685675,5332.884308,-22.2175825,-49.95052150000001
Chile,Quillota,47,2.1102,5.5867,61.8898,698.3541,1206.7357,1.05524844077255,10.6993531167787,1371.70945870458,75.711034420755,2.83363471971066,2,6,214.872803515073,6032.150565,-32.8803027,-71.2497156
Mexico,Nogales,47,0.8451,7.2956,60.4298,2188.9545,3459.0665,1.07814925036194,6.184681573217371,1208.25472855946,112.553662068965,2.68764789398958,4,2,526.78540704645,5601.982192,31.3011855,-110.9381047
Argentina,San Nicolas de los Arroyos,48,1.1257,4.3717,60.5104,957.0535,1644.4314,1.01921511004181,5.92690905015726,1131.30672235054,107.018352335164,3.26968796433878,2,1,413.200199172116,4946.933439,-33.3334669,-60.2110494
Argentina,Villa Mercedes,48,1.2646,3.9186,83.3973,959.4327,1572.9951,1.01116229539579,8.09324848137353,1449.14972955349,98.9418761569788,3.51096067053513,1,5,368.825942619941,4088.940594,-33.6754417,-65.45806879999999
Brasil,Parauapebas,48,1.8333,3.9497,60.9313,454.4678,786.0043,1.02065184507913,11.3614937740411,1885.95585791135,95.2015234835969,3.21797252135165,5,3,213.88032668310697,7176.346445,-6.0687491,-49.9035843
Brasil,Itapetininga,48,1.3818,6.7323,62.1228,847.9667,1521.3184,1.02888896608284,9.68105669989965,1556.99181946692,94.9987597053555,3.14228270955768,2,3,306.474808688059,5782.463353,-23.5890378,-48.0488371
Brasil,Bento Goncalves,48,1.7048,4.4733,61.3192,484.6049,904.7482,1.05187869196216,7.334492408214101,1294.12385539156,99.8285318584073,2.76916835699797,5,2,261.504122337352,5897.468971,-29.1667089,-51.5169861
Mexico,Guanajuato,49,1.7737,8.191,61.012,666.5157,1273.4574,1.15680098096696,5.307384890531321,1004.76256751726,114.97938692748,2.71969211032713,5,2,239.854471883338,7460.086646,21.0190145,-101.2573586
Brasil,Pouso Alegre,50,1.5982,6.4311,62.7693,776.1276,1427.6509,1.02917851586518,11.5416784293751,1651.52684889913,83.1682039691292,3.01618211738891,2,6,274.05026221747,6198.958906,-22.2480373,-45.9420118
Colombia,Girardot,50,2.374,3.5767,61.5425,186.305,368.7651,1.05403482139709,12.2779286909731,1594.08927640767,74.9533538925439,2.99386252045826,1,6,171.527303424423,10882.05567,4.3045959,-74.8031414
Brasil,Macae,51,1.1893,7.11,60.7319,931.1783,1700.0479,1.03784204027517,8.53094769295658,1341.19378693344,94.2468247711563,2.83057959611854,2,5,376.159849467773,6079.923529,-22.3233696,-41.9593241
Brasil,Rio Grande,51,1.6037,5.0008,60.2235,586.8507,1035.9897,1.01184843959917,7.63225668081911,1299.74733935379,96.027552932587,3.28009535160905,5,5,303.579936694599,6433.880452,-32.0395116,-52.101445
Mexico,Ciudad Valles,51,1.2434,5.3123,61.1178,1072.3493,1808.3717,1.01626885409483,9.48432327496221,1562.86877731201,93.4016362879038,3.24356223175965,2,3,358.697178635927,4940.244171,22.0025712,-99.0018424
Chile,Curico,52,1.4809,3.6134,61.0775,872.6293,1439.3182,1.03726090427332,10.3340652654272,1324.41759290219,74.4592217363135,2.78565002249212,5,6,347.104446107994,4869.060948,-34.9779853,-71.2528803
Peru,Ica,52,1.6677,6.0638,62.2314,773.6518,1395.9256,1.03449562572988,13.7085842516128,1771.92274293855,77.0285689540307,2.98349753694581,2,6,261.004341099558,9389.413684,-14.07546,-75.7341811
Brasil,Arapiraca,53,1.3864,5.0921,60.8472,815.7988,1393.4881,1.02157866327708,12.2195288922079,1855.21428729883,90.2259952086551,3.08276188224166,5,3,314.660248682079,8052.817598,-9.755571999999999,-36.6639592
Brasil,Porto Seguro,53,3.6622,3.2827,61.5912,98.1956,194.72,1.03619762955994,11.499087670148999,1623.47234607872,84.0529615221988,2.97388059701492,1,6,122.444496501673,8282.031882,-16.4443537,-39.0653656
Brasil,Patos de Minas,53,1.3059,4.7462,61.6695,1417.3798,2293.7178,1.0173758400496,11.4173288805688,1746.45126001626,90.622194440293,3.2237029985721,2,3,347.191540286303,5059.39753,-18.5872541,-46.5147373
Brasil,Jau,53,1.2515,5.8881,60.2266,1209.8804,2048.3908,1.02875089440027,10.0138340617716,1627.58599385311,98.3192922025068,3.21041666666666,2,3,371.086636454864,4794.286562,-22.30275,-48.5755491
Colombia,Barrancabermeja,53,1.4678,5.7643,60.229,1163.5329,1974.6247,1.04975349533186,6.8216542079112905,1094.38928924899,90.9968332395949,2.97617056856187,2,2,295.676083619251,7657.952898,7.0617085,-73.8519319
Mexico,Salamanca,54,1.2372,5.7523,60.7791,1533.6527,2464.5268,1.04796039959399,7.70697875326073,1312.10337339068,99.3004023218574,3.03302029687973,2,5,378.098875485691,5329.06547,20.5739314,-101.1957172
Brasil,Lages,55,1.0362,5.1115,61.2278,1568.8129,2539.1874,1.02761414391763,7.886859141752111,1347.29329606991,97.3328958240449,3.04981965734896,2,5,486.12507603987103,4559.725788,-27.8154928,-50.3263991
Mexico,Navojoa,55,1.2834,5.3091,60.1791,1490.0157,2361.0469,1.01335905056279,9.61356713325808,1615.36021815476,94.5574238967279,3.31416584402764,2,3,389.969711349947,3843.612947,27.0727573,-109.4437493
Brasil,Araras,56,1.3361,4.3217,64.8929,814.9446,1377.2671,1.03673845681419,10.1159435985319,1584.22352677046,96.0572161716166,3.09258790791803,2,3,367.439771069841,4190.867531,-22.3605361,-47.3798356
Colombia,Buenaventura,56,2.1548,5.2143,60.5505,592.8192,1060.7416,1.03862695133525,6.89663999663995,1197.44755930189,95.3057848006018,2.77447916666666,5,2,211.55229223372902,22316.57583,3.8830471,-77.01972119999999
Peru,Cusco,56,1.0871,6.0974,60.6191,1893.9035,3046.4042,1.07095745774196,10.4330057416396,1711.98649967605,96.6547547268907,2.91837509491268,4,6,429.981551921868,12093.15642,-13.53195,-71.96746259999999
Nicaragua,Leon,56,2.3325,4.3208,60.4282,576.5769,1006.1996,1.02912526773726,9.94768507638624,1526.6713835591,89.1361729871643,3.06966490299823,5,3,200.14706785664302,10912.24466,12.4315534,-86.87221459999999
Brasil,Botucatu,57,1.3806,4.9886,61.7682,1041.378,1806.8539,1.02856907816895,9.614991354571009,1585.24528038614,94.8178367918314,3.29965063155065,2,3,363.182853860797,4426.413724,-22.8841808,-48.4441654
Chile,Chillan,57,1.2247,4.051,60.6978,1400.5463,2270.7337,1.03498112407261,10.7832414127011,1319.85039073942,69.7388857078447,2.74563706563706,2,6,468.782975965456,5845.89641,-36.6062618,-72.10233509999999
Colombia,Sogamoso,57,2.5046,4.4514,61.4763,289.3066,574.3656,1.04147567875427,8.5456426868804,1305.11535447837,88.7625062179956,3.0312671420735,1,5,185.94271469359302,9823.324892,5.7160848,-72.93112889999999
El Salvador,San Miguel,57,1.8318,5.0606,60.5617,1104.3702,1773.589,1.02323023199441,11.0049092894422,1698.69237715401,86.8489359780045,2.91288308740068,2,6,260.338356695824,9921.847002,13.4792922,-88.1779182
Mexico,Minatitlan,57,1.1305,5.5525,61.0277,1782.0072,2848.5065,1.02912470102628,4.69453191377616,986.596694607185,117.037949848442,3.00907590759075,4,2,430.500854423707,5985.577244,18.0005464,-94.55728470000001
Brasil,Alagoinhas,58,2.0045,4.8142,60.5053,1037.232,1637.9492,1.04059832013674,9.02710760681529,1440.16775022858,96.9521571990999,2.90757328990228,2,5,239.390078652489,7440.41288,-12.1339689,-38.4211223
Brasil,Rio Verde,58,1.2806,5.6017,60.447,1484.5528,2397.9955,1.01817089926881,11.6714477543411,1940.95586883863,93.8089039809716,3.45376344086021,2,3,386.070356895013,5254.733557,-17.7927534,-50.9196306
Brasil,Campos dos Goytacazes,58,0.7678,5.7513,61.5648,1912.2593,3226.7189,1.02491499384285,8.70796255755343,1476.59606252792,100.360783822772,2.97553934974172,4,5,659.626171109056,7077.711404,-21.7587303,-41.3267187
Chile,Puerto Montt,58,1.4166,4.3324,60.5722,1232.9207,2025.8912,1.06271924794876,10.6469571016698,1389.2761520345,76.7428693039558,2.87524752475247,2,6,441.25283450829295,5638.203341,-41.468917,-72.94113639999999
Mexico,Campeche,58,1.1507,4.6066,60.5382,2010.549,3084.2517,1.03216553584949,9.60032602405183,1539.73466109366,93.6000999020568,3.05226109215017,4,5,434.464411890839,5857.687955,18.931225,-90.2618068
Brasil,Santa Cruz do Sul,59,1.5811,6.6554,61.1531,1036.8437,1796.2051,1.03463048701969,5.7916244149765195,1110.54368998947,109.463341222879,2.97750937109537,2,1,349.815501633873,4768.806904,-29.722516,-52.43483819999999
Argentina,Formosa,60,1.6512,4.5803,60.7066,1479.2333,2236.8557,1.01388054094157,7.90291453580666,1501.68897692219,105.891761229314,3.42074506939371,2,5,328.106800124383,8236.845806,-26.1857768,-58.1755669
Brasil,Itabira,60,1.8785,5.4463,71.3319,577.5797,1110.4173,1.07365994483557,6.65018083599698,1080.83250580806,97.9128696799735,2.9853515625,1,2,274.578999433516,5390.886744,-19.6244172,-43.2316363
Brasil,Caraguatatuba,60,1.3317,7.5596,60.7129,1455.2104,2497.954,1.0291420137293,9.09585902687334,1503.86656615334,95.2775228248765,2.98511342155009,2,5,398.313121311136,3408.750084,-23.6255903,-45.4241453
Brasil,Arapongas,61,1.931,5.3698,60.4849,948.6273,1603.8157,1.02174269758796,8.71583944034385,1496.37777176679,100.883999999999,3.14227035100821,2,5,279.72061861477,5000.620249,-23.4157731,-51.4264048
Peru,Chiclayo,61,1.1883,3.7195,61.5551,1752.2738,2695.0825,1.01527182104635,17.256326979803102,2184.91078214871,74.5600244041323,3.18261655689009,2,4,419.49830971982203,16133.02198,-6.776597400000001,-79.84429779999999
Mexico,San Francisco del Rincon,61,1.6126,4.4517,60.7057,801.8542,1392.2636,1.0239648950541,4.65372178042446,913.287968715505,111.880920954511,3.10408280621046,5,2,328.554235113844,4968.987826,21.0170828,-101.8492577
Mexico,San Juan Bautista Tuxtepec,61,2.1058,4.8604,60.334,437.826,832.4357,1.0323558848328,4.06445479148677,747.18432762359,103.838765861875,2.94987674609696,5,2,247.511671702468,5929.836202,18.0809028,-96.1420947
Brasil,Guarapuava,62,1.2505,5.6505,60.6887,1813.9955,2859.2019,1.02488907024353,8.122454786062901,1417.15186593861,98.7148244108005,3.22113943028485,4,5,446.293650808624,4455.949686,-25.3907214,-51.4628097
Brasil,Caruaru,62,1.2332,5.4008,61.6841,1637.485,2653.5029,1.02284871654437,15.6560960168813,2147.12688807217,81.4283725977013,3.08834321196725,2,4,412.427210016959,8609.722856,-8.276017999999999,-35.9819367
Brasil,Nova Friburgo,62,3.5069,4.0879,64.1498,76.5924,186.2104,1.12814140852911,7.613761310788321,1468.57591931288,115.59315682281,2.62982341399607,1,2,154.588507828876,13921.16029,-22.2887261,-42.5340796
Chile,Temuco,62,1.0875,4.065,61.573,1459.3282,2346.9658,1.03901482158973,11.9957599277228,1514.96343922543,73.636313255986,2.94830724426647,2,6,590.708720639186,8140.229584,-38.7359018,-72.5903739
Colombia,Neiva,62,1.3817,5.859,62.2803,1477.0148,2478.16,1.01887048967622,17.0785124989347,1999.1754642721,68.179004764129,3.30374479889043,2,4,365.078633188277,11578.98827,2.9344837,-75.2809001
Mexico,Irapuato,62,0.9402,5.2146,61.3602,2550.6823,3950.1235,1.03206738650443,9.85127541152255,1514.30605710577,91.350928141817,2.93531414422779,4,5,571.7026237447919,7163.386628,20.6786652,-101.3544964
Argentina,Corrientes,64,0.9548,4.092,61.0919,2651.6628,4006.1634,1.01597021737357,10.1528174636335,1601.3760433311,88.8513505220156,3.33272946859903,4,3,611.1604017530819,7582.487212,-27.4692131,-58.8306349
Peru,Tarapoto,64,2.8901,3.9996,60.9452,726.3817,1186.0523,1.02194007125389,8.53193765020192,1479.42143791046,98.9565895164265,3.18950437317784,5,5,181.201511706243,9011.719821,-6.4824784,-76.3726891
Argentina,Comodoro Rivadavia,65,2.0012,3.7419,60.8755,1186.7536,1847.5514,1.01996150121803,9.86015447066089,1455.70765494963,85.0799576284339,3.27943405760485,2,3,376.566108679951,4314.552784,-45.8656149,-67.4822429
Brasil,Parnaiba,65,1.8413,4.2763,60.8601,778.6163,1403.5418,1.01434778523676,10.9793125763488,1818.06211860173,94.3703100018088,3.30596574128765,5,3,286.99428840269496,6730.879913,-2.9055447,-41.7733626
Brasil,Birigui,65,1.9855,3.5878,64.6655,967.2553,1542.5028,1.01067729085264,11.2804774859667,1812.7196982787,90.9670933474502,3.36487285629804,2,3,284.385125008302,5119.448629,-21.2915055,-50.3436312
Peru,Juliaca,65,1.5153,5.5389,60.5698,1651.1601,2576.0562,1.01104341148883,10.9149519303539,1779.04643480234,91.2716385730529,3.29247261710557,2,3,360.97273035560096,8658.173102,-15.4996879,-70.12965299999999
Argentina,Jujuy,66,1.2844,5.0738,60.9195,919.8392,1578.3758,1.0350086995922,12.063852717995601,1859.01370601058,90.7649981824015,3.17901130420111,2,3,456.65345298705796,7951.089224,-24.1857864,-65.2994767
Argentina,Rawson-Trelew,66,1.745,4.4164,60.5354,892.7181,1453.5419,1.01298305469345,10.4920471136007,1540.02562215558,85.3069054239615,3.36455041654696,5,3,322.720624806455,4667.119405,-43.2493016,-65.30763510000001
Argentina,Santa Fe,67,0.8291,5.0556,60.664,3169.9537,4880.9416,1.01306307309609,8.88555557561539,1493.59765438447,94.0282722276911,3.40033384337181,4,5,767.5378249522299,5277.442372,-31.6106578,-60.697294
Brasil,Ilheus,67,2.4883,4.7317,61.0026,245.8957,542.6101,1.07362969481667,6.76847087412391,1298.97806561251,110.15298816568,2.77834525025536,1,2,114.64923384197002,9794.373898,-14.7935051,-39.0463797
Brasil,Apucarana,67,1.8844,6.4241,60.7057,633.9408,1194.4403,1.01969662716069,8.618257468349169,1528.91149663244,102.165405530927,3.2127588510354,5,5,316.537305832259,5810.670349,-23.5504385,-51.4639716
Brasil,Resende,67,1.9659,5.7312,62.7971,663.3404,1251.7753,1.05876009403101,7.24123940938729,1283.46055618706,108.12731807973,2.99208333333333,2,2,300.086749953743,5335.419637,-22.4713608,-44.453408
Brasil,Catanduva,67,1.7387,6.1636,60.3878,1225.8415,2041.1622,1.01989252002468,11.249685113963501,1808.39849917675,93.6843684617762,3.31603053435114,2,3,334.764925582271,4362.25441,-21.1318555,-48.977473
Brasil,Guaratingueta,67,1.757,4.6222,60.3647,568.7814,1012.1915,1.05555556496111,7.89076291568787,1350.58120627123,103.92124024782,2.94489247311827,5,5,335.328792446596,4567.409693,-22.8036879,-45.18588339999999
Chile,Los Angeles,67,2.269,5.0701,60.7064,988.9399,1646.3431,1.02966096999934,12.3357019685631,1431.40062460952,66.85576515387,2.78250539956803,2,6,300.509854197766,5957.526501,-37.4629159,-72.3612251
Brasil,Cachoeiro de Itapemirim,68,2.0947,4.8941,62.6034,169.9311,402.827,1.09362715583729,11.2364102474423,1919.52996510684,105.658207311827,2.85757575757575,1,6,127.97681540039099,9647.473113,-20.8467047,-41.1202199
Brasil,Caxias,68,2.1427,6.2838,60.523,988.241,1683.7725,1.02533836733116,8.72901194945778,1453.2608398538,98.6763558298321,3.06805444355484,2,5,258.563055368505,6993.511444,-29.1634031,-51.1796683
Brasil,Campina Grande,68,1.079,4.9845,60.672,2565.5769,3873.7025,1.023403088466,12.350170824536102,1875.81556884383,90.1636215762997,3.10001439055979,4,3,515.9442804904941,8110.995927,-7.2290752,-35.8808337
Brasil,Sao Carlos,68,0.9732,5.7233,62.4281,2055.3685,3389.4348,1.02632744265987,9.07034693233396,1480.89177550411,96.2040060593174,3.15446205170975,4,5,611.112236538639,4607.060589,-22.0087082,-47.8909263
Chile,Calama,68,2.0194,3.6949,61.0076,1035.126,1663.154,1.03993008172864,13.9184179414827,1715.85836427416,73.3472297121364,3.09237307090136,2,6,295.507723456235,6015.056945,-22.4543923,-68.9293819
Colombia,Bucaramanga,68,1.0906,7.5759,60.8636,2018.3717,3401.8284,1.08103706946511,13.208541354996399,1856.31029686547,81.5293373493977,2.96742588115536,4,6,510.35158378408397,19659.44229,7.119349,-73.1227416
Mexico,La Paz,68,0.9175,7.8013,60.5257,2550.6685,4211.733,1.03038187627819,6.180142880051711,1193.35470613489,109.341657989978,3.25678119349005,4,1,658.2372089051049,3692.481369,24.1426408,-110.3127531
Mexico,Puerto Vallarta,68,1.2838,6.2,61.0577,1305.249,2338.5131,1.04489106231912,9.74096159915065,1491.79817057988,85.2871176543826,3.0906303889634,2,6,459.19491155678196,6778.370659,20.653407,-105.2253316
Mexico,Playa del Carmen,68,2.1932,5.0092,61.3173,675.4569,1214.8633,1.05287178309164,11.685164694886101,1830.30373638314,88.1737814628898,3.1072319201995,5,6,268.71679449877,6223.146227,20.6295586,-87.0738851
Brasil,Guarapari,69,2.1885,4.2014,60.9848,244.1508,455.2292,1.03741221260785,8.006314784589069,1312.19078648075,95.1701483545647,2.95565927654609,1,5,273.28428357720304,4696.232984,-20.6741197,-40.4997382
Mexico,Delicias,69,1.7042,6.2221,60.3983,1136.6866,1933.7814,1.01665514942405,9.054766410422989,1535.0392711516,96.2573592723596,3.30604883462819,2,3,372.290111881806,4172.918295,28.1871201,-105.4595306
Chile,Valdivia,70,2.2013,5.4805,60.4573,658.1906,1225.3762,1.0513945261901,10.7782662650361,1296.04968140951,70.8964876452298,2.90984776403425,5,6,334.283818139457,8388.432755,-39.8195857,-73.2452103
Peru,Iquitos,70,1.5695,5.89,60.1071,1655.6853,2630.5921,1.02847999796401,7.3283266228906605,1256.24255188717,97.4635090909089,2.90443686006825,2,1,362.70217428594196,14434.70323,-3.7436735,-73.25163260000001
Mexico,La Piedad,70,2.6585,6.6596,60.8555,510.6926,1003.548,1.03112691455954,8.97236232277969,1420.6136582687,91.0298515492959,3.12559756627553,5,5,227.476324135747,5364.28333,20.3307372,-102.0443851
Mexico,Tepic,70,0.8793,5.8526,60.2521,2520.0504,3907.8454,1.03502050282154,13.9625995795349,1886.77043288103,77.1843318208604,3.09732094040459,4,4,694.2117006783681,6604.248007,21.5041651,-104.8945887
Mexico,Los Mochis,70,0.9891,6.5158,60.4977,2674.6904,4155.5443,1.02421434116565,11.022057474075801,1835.25679280826,93.2900983921287,3.22631782446191,4,3,635.453046445602,4736.724248,25.7904657,-108.985882
Mexico,Cuauhtemoc,71,1.6191,7.1956,62.0099,1478.2614,2444.2054,1.01638635192527,8.8748299647857,1478.60049479949,92.7916148355055,3.30971195513637,2,5,404.402114095789,2412.286769,19.4356338,-99.1495107
Brasil,Maraba,72,1.6971,4.3228,64.0193,615.3478,1040.4935,1.02299213654937,9.08040528266079,1600.93291241508,100.769374249863,3.08924103419516,1,5,346.12992505980003,6420.385932,-5.5927124,-50.1832516
Brasil,Barretos,72,2.0173,4.9565,60.3965,1264.4336,2038.0596,1.01913610994435,11.689807193519199,1833.39656796114,90.2275743393826,3.3735325506937,2,3,309.15822136087604,4720.472428,-20.553481,-48.5703532
Colombia,Villavicencio,72,1.6341,4.1203,64.0151,789.7205,1357.4507,1.03728751067987,13.5610958317044,1674.01249596151,72.4232350885647,2.96546199038632,2,6,359.041781020143,11840.71254,4.1513822,-73.63769049999999
Brasil,Macapa,73,1.0745,6.8541,60.4116,2625.9538,4170.4668,1.02176933908764,6.44644213195233,1366.87549215051,116.503459188396,3.13988886204397,4,1,552.397729958607,8147.542301,0.0355735,-51.070535
Brasil,Ipatinga,73,1.1711,5.6553,61.0001,1757.2174,2956.5853,1.05840112311605,7.85728850652723,1407.97984230832,108.38581756853699,3.02333621434745,4,5,536.317330908662,6901.25872,-19.4691377,-42.5489888
Brasil,Pelotas,73,1.0958,7.5095,60.5569,2447.1879,3966.0581,1.0249516444231,6.86736647989366,1217.0103450785,101.243298307752,2.99374877905841,4,1,634.158670976801,6582.584709,-31.7653989,-52.3375886
Brasil,Toledo,74,1.7876,4.8461,61.2242,814.8124,1452.5521,1.01532483654712,10.3700694885672,1629.90924226031,89.504021371327,3.23345195729537,2,3,370.00716381218103,4396.252728,-24.7254277,-53.7420329
Chile,Osorno,74,2.0046,5.8774,60.5141,1103.0271,1906.3611,1.04010321910559,10.4256427751676,1326.48884346166,74.2572167403393,2.90253974809002,2,6,392.58970293409,6400.182789,-40.5761897,-73.11494689999999
Brasil,Imperatriz,75,1.3823,6.0866,60.8526,1927.1924,3143.5376,1.01686624080548,9.08715051397447,1505.63625774727,92.7975497702911,3.0869006849315,4,5,442.713036810969,6503.084003,-5.5205508,-47.4718408
Colombia,Ibague,75,1.8593,5.3642,60.5688,1126.4974,1871.7464,1.04697119364296,13.416655568155,1795.02380974425,76.9475279551674,2.98564221963523,2,6,328.919526746621,17949.72899,4.444675999999999,-75.24243799999999
Brasil,Ji-Parana,76,1.7165,6.0189,60.2875,1682.7586,2700.7691,1.01644926984463,6.32395228828445,1358.59660938416,120.290064774381,3.24229418650019,2,1,364.961640250785,4145.782195,-10.8781412,-61.93267280000001
Chile,Talca,76,1.4031,4.8016,61.3446,1935.6377,3015.8805,1.03054781440869,12.5366831253005,1548.07434586191,72.637392127771,2.91776649746192,4,6,537.622266801802,6151.746011,-35.4232444,-71.6484804
Colombia,Cucuta,76,0.8829,6.1564,60.7153,2306.3279,3645.0042,1.03540469834569,10.9993026288216,1728.541959412,88.2924737680002,3.1721452296415,4,3,705.8629316785809,11593.37595,7.8890971,-72.4966896
Brasil,Conselheiro Lafaiete,77,2.2449,5.2181,60.8117,895.2609,1520.3997,1.04203619791343,9.00906809722207,1480.80581528164,96.8915888179617,2.95519019987105,2,5,297.256050359499,5239.810443,-20.6639305,-43.7850227
Brasil,Mossoro,77,1.3827,6.3432,60.9231,1475.3226,2579.8549,1.02234405986349,14.0584600886148,2032.46168204208,85.9305376023828,3.17695352587597,2,4,454.246052536839,7444.945898,-5.1841285,-37.3477805
Chile,Valparaiso-Vina del Mar,77,1.3043,4.9674,62.0791,340.6413,667.335,1.07523390237462,11.988658450182,1673.93736055283,79.9588963291986,2.72902353868678,1,6,569.9553480811891,13506.40405,-33.0153481,-71.55002759999999
Argentina,San Rafael,79,1.8938,5.6313,64.4794,1064.0484,1840.9746,1.03138328443736,6.3920056764875,1186.71441560783,105.302848301233,3.25305410122164,2,1,410.043440612254,4354.592927,-34.6128922,-68.3390622
Brasil,Sete Lagoas,79,1.2439,5.2533,60.4131,2490.0556,3852.1537,1.02170610383614,8.56891596304172,1530.14448411037,105.356728222557,3.22798137274751,4,5,546.977006218211,4577.549882,-19.45738,-44.2416695
Mexico,Manzanillo,79,1.7718,7.724,61.7595,1060.6442,1958.456,1.0612725363876,8.31576505414238,1374.10820973546,94.9392064981952,2.88618727366787,2,5,382.766946790353,4203.652086,19.1138094,-104.3384616
Mexico,Tuxtla Gutierrez,80,0.7911,6.5319,60.3841,4541.4018,6687.1859,1.03755614874518,13.406358080498999,1969.53021417321,82.8914659917436,3.0081061164333,6,4,856.3847042620989,7417.706157,16.7516009,-93.1029939
Mexico,Tehuacan,80,1.4976,5.9086,62.3185,1686.8049,2721.7699,1.01749030425865,8.22242835214864,1334.01493043552,91.8257616752035,3.13261227368916,2,5,456.920977489361,6908.582833,18.4665063,-97.40038009999999
Brasil,Castanhal,81,2.0438,5.1175,60.4867,1139.6655,1926.5377,1.01081929413257,10.2248688318425,1725.19919711016,96.2896168887348,3.25467224546722,2,3,322.54692497660903,6441.1496,-1.2962162,-47.9190546
Brasil,Cabo Frio,81,1.7202,5.0284,60.7243,469.5105,880.8542,1.03192938486785,9.11713749519811,1412.07890310097,93.9962144236958,2.89946845389415,5,5,413.50698089017595,5330.137777,-22.6849181,-42.0385904
Brasil,Vitoria da Conquista,82,1.3568,6.0709,60.9337,1832.6967,3033.6985,1.01709181067905,13.2292468089656,1961.50044408399,89.8837480798772,3.20807007466973,4,4,507.133935656353,7007.813641,-14.8619237,-40.8445346
Mexico,Colima,82,1.1923,6.8109,61.1601,2424.5057,3867.2157,1.01857807952586,13.7350650991543,2024.1901995918,82.8187481999447,3.27293267058291,4,4,590.9691684315189,5641.805591,19.1222634,-104.0072348
Mexico,Obregon,82,1.0764,5.4565,60.2189,3127.473,4684.955,1.02168963384168,10.863565393768,1675.59094127245,88.5570531834066,3.14454101678771,4,3,695.627975354679,4921.014481,27.4827729,-109.930367
Mexico,Piedras Negras,83,1.4003,6.9399,61.7415,1831.2563,3065.0157,1.02533072806989,8.04005214740476,1426.30722944914,97.702225378551,3.13595461658841,4,5,547.384509367963,4157.651025,28.6916182,-100.5408622
Argentina,Zarate-Campana,85,1.4963,3.4023,61.7892,787.1737,1301.1404,1.02491728481359,6.37674416795274,1171.60080425795,102.002508696892,3.43679843826256,2,1,305.328228437473,3902.480052,-34.0957811,-59.0242302
Brasil,Paranagua,85,1.9131,5.3808,62.0019,1073.2893,1873.7207,1.02282217787119,5.8570295386089795,1072.76837410322,103.700058069198,2.92633063094818,2,1,399.51992466060403,5349.513252,-25.5148758,-48.52262229999999
Brasil,Itajai,85,1.2196,6.5677,60.935,1287.5974,2230.8254,1.02585414080418,6.35427621746301,1204.71363782012,108.395658014831,2.87220187220187,2,1,630.913712718743,4715.040769,-26.9105564,-48.6709919
Peru,Huancayo,85,1.2984,9.6237,60.7269,2168.75,3700.4584,1.02933017780739,12.1262885119095,1695.1232968974,80.251567995821,3.01712194484381,4,6,543.7772648674701,10307.14896,-12.0686357,-75.21029759999999
Brasil,Tubarao,86,1.9806,5.3523,60.4929,862.0143,1437.9125,1.02033820859869,6.74403875759507,1273.7576760683,106.829285324947,2.93194995422642,2,1,400.057012863625,3696.372529,-28.4818875,-49.0058727
Mexico,Cordoba,86,1.8125,7.0401,61.125,1162.695,2093.2401,1.04986485145924,8.618335455784699,1382.51051546596,91.1720651117587,2.83968942680977,2,5,407.155188841567,8558.999297,18.8838909,-96.9237751
Mexico,San Juan del Rio,87,1.4563,5.8315,61.1032,1467.5907,2583.7958,1.05113471642928,5.68971799014971,1020.65166933238,106.408252521177,2.94931425163983,2,2,516.8973233983791,3703.901074,20.3951106,-99.9856344
Mexico,Coatzacoalcos,87,1.1646,4.8159,62.6342,1332.7279,2236.871,1.02665435750403,8.176505389565811,1473.31041088537,100.436282599401,3.11020881670533,2,5,637.803040728739,5702.887916,18.1344779,-94.4589858
Mexico,Mazatlan,88,1.0327,7.4179,60.3021,3034.1443,4860.1127,1.05986839239841,15.3538453256877,1927.66351515993,73.2185746581215,3.20009674298613,4,4,752.71046144151,6581.405579,23.2494148,-106.4111425
Mexico,Orizaba,88,1.3676,8.3812,61.0958,2129.9723,3571.5,1.03400047077305,5.41051968914649,1106.41779317749,113.392483008356,3.0912471395881,4,1,551.8878354679899,8081.372832,18.8504744,-97.1036396
Argentina,San Luis,89,1.7943,6.0548,60.2574,1601.5772,2595.8335,1.01797732623591,8.6117327900593,1433.58253673875,97.0186596194501,3.2904937701892,2,5,480.158883328696,4815.980051,-33.3017267,-66.3377522
Peru,Pucallpa,89,1.3897,4.5023,60.836,1675.9116,2730.426,1.01330561143506,8.14813847385917,1431.93748691074,99.2838611330698,3.22631913541004,2,5,526.255170276836,7583.503136,-8.3928622,-74.5826166
Argentina,Tandil,90,2.4748,4.4081,61.6375,1149.8336,1851.7128,1.01871675137561,6.0677762720538,1254.26805569091,117.857091764107,3.43468950749464,2,1,369.657663604132,4549.42337,-37.3287999,-59.1367167
Brasil,Dourados,91,1.3684,5.0635,60.643,2087.2922,3335.6947,1.01079145941077,9.14017463598309,1683.97450653195,101.274994403565,3.4342545326527,4,3,580.295258158327,4176.309413,-22.2272034,-54.82912589999999
Brasil,Governador Valadares,92,1.5909,5.2752,61.0773,1209.1554,2029.3875,1.04196174685662,9.66525575798921,1538.31630164063,95.193689715427,3.13224107665301,2,5,495.79650244009,7222.613951,-18.8549317,-41.95592329999999
Brasil,Chapeco,92,1.81,6.6747,61.0044,1603.2191,2703.4815,1.0252336589493,10.599494577667901,1641.12718650873,85.6908152161644,3.13921603093689,2,3,462.569225737435,5384.518838,-27.1009343,-52.615699
Chile,Concepcion,92,0.9207,7.5399,60.6047,3158.414,5309.663,1.05763616144283,10.1298034013285,1307.62206037328,75.4580698512588,2.85618290584282,4,6,1008.7066446580599,8230.900473,-36.8201352,-73.0443904
Peru,Trujillo,92,0.9004,4.9202,60.8871,3644.8375,5538.3363,1.01677357130959,13.2054475976072,1906.18231825884,83.5806978406006,3.24080774084981,4,4,840.6379199150671,11641.67639,-8.1090524,-79.0215336
Brasil,Santarem,93,1.8466,3.6642,60.7364,1330.686,2072.4126,1.01236392344146,9.36057033322732,1660.8916910933,102.083634003601,3.32013854527461,2,3,409.590427026696,7076.418564,-2.4506291,-54.7009228
Brasil,Franca,93,0.9291,5.9087,61.1586,2267.1246,3964.8301,1.01903582102019,9.78338030065976,1647.6216198359,98.1437688604633,3.22319257130223,4,3,866.162792366206,5522.36952,-20.5393288,-47.4013437
El Salvador,Santa Ana,93,3.4096,4.0613,60.7493,498.39,916.9372,1.04265832962906,11.8434048068738,1778.72823317661,84.1185451719853,2.7550155411133,1,6,228.228287732864,13708.65896,13.9778279,-89.56391190000001
Argentina,La Rioja,94,1.445,5.2028,62.3908,1955.1728,3155.0252,1.02046304522022,8.90434161160357,1477.03455643248,96.5470317769137,3.23746747614917,4,5,604.761164259759,4317.142172,-29.4134538,-66.8564579
Brasil,Uberaba,94,1.1201,5.4562,62.523,2609.6091,4182.2101,1.02308321626821,11.7879574123969,1894.29469867815,94.9550530182274,3.26709473921369,4,3,723.280522801478,5134.138964,-19.7473668,-47.93915399999999
Mexico,San Luis Rio Colorado,94,1.3073,5.0785,60.2212,3566.6692,4969.1913,1.00345351425165,9.87435485631306,1856.16358430846,98.570939930689,3.70295202952029,4,3,689.564037254215,2997.649234,32.4518877,-114.771711
Brasil,Palmas,95,1.3851,5.0232,60.9008,794.9656,1361.4225,1.07094939524851,9.315841894217641,1696.76005202205,109.916409116939,2.8948233360723,2,6,565.5956874139811,3670.397539,-10.249091,-48.32428580000001
Colombia,Barranquilla,95,0.6672,4.4227,60.5148,5898.501,8463.5318,1.01786327535808,13.6704906977092,1917.44670735547,80.3635902940967,3.20762035135751,6,4,1177.13404411273,17237.9741,11.0041072,-74.80698129999999
Colombia,Cartagena,95,1.0174,6.3442,60.3884,2457.8557,3983.596,1.04016518752226,12.7213156264124,1693.98556548429,77.5189505115389,2.89972432804962,4,6,769.338666488226,14837.58063,10.3910485,-75.4794257
Brasil,Braganca Paulista,96,2.2226,6.5707,62.4021,770.9354,1452.6664,1.04130735580071,8.23642494362335,1355.83073211009,98.4604075983199,3.00199033266988,2,5,380.383482086553,4910.397226,-22.9531705,-46.5423239
Brasil,Presidente Prudente,97,1.465,4.9611,60.3977,997.4234,1707.8491,1.02488008257335,12.5871184774877,1786.08198396706,83.8172501214575,3.19185671949491,2,4,579.560763891051,4941.60949,-22.1373112,-51.3889736
Brasil,Petrolina,100,1.2508,6.1326,62.6495,1197.2979,2145.2161,1.01719519418294,14.6493841024826,2088.76340476925,86.5503985265413,3.1570556976973,2,4,658.0481426769541,8982.266149,-9.389083,-40.5030961
Argentina,Rio Cuarto,101,1.8097,3.5725,61.5381,1122.9911,1823.8973,1.01493327643395,7.95341988236311,1449.18916166423,104.450256081261,3.37718511878081,2,5,539.264877679971,3190.301706,-33.1231585,-64.3493441
Brasil,Porto Velho,101,0.991,6.8928,60.4387,4130.5135,6211.3476,1.02934272033456,8.52825984192098,1673.03494573496,113.129408151735,3.05386503067484,6,5,837.802802967902,5523.90286,-8.761160499999999,-63.9004303
Mexico,Cuautla,101,1.8932,9.1679,60.7233,1647.5788,2865.6781,1.0262812327479,5.11690855952139,1014.3611990865,115.191172833374,2.84690667598741,4,2,457.307370804153,6552.390388,18.8126047,-98.9548261
Chile,La Serena-Coquimbo,102,1.2186,4.1656,63.9043,805.4547,1381.1253,1.05267702715639,14.3398970128597,1750.93074182467,71.4294730582649,2.89718426813618,2,6,782.083719983662,6600.468163,-29.9026691,-71.2519374
Brasil,Araruama,103,1.4717,9.425,60.4058,2201.3574,3764.2402,1.03381049090464,7.87254531657043,1415.51634626352,107.882492079207,2.84520285565035,4,5,615.810999499201,2850.826994,-22.8728058,-42.3413939
Brasil,Limeira,103,1.2088,7.2402,60.4263,3170.949,4989.7411,1.0293159838049,8.98039488713055,1431.03226247905,94.4461916526959,3.09092142760211,4,5,747.962654696383,4657.280153,-22.5838264,-47.4097695
Mexico,Tula de Allende,103,2.268,3.9127,61.5984,126.3168,261.3396,1.08530932735047,1.56040611683595,396.404346073071,152.722986247544,2.86703601108033,1,2,392.20558891486303,2325.333455,20.0535516,-99.33956359999999
Brasil,Balneario Camboriu,104,2.7551,4.6658,60.7255,520.115,942.8883,1.01990008045206,7.89923115674791,1408.97204212758,102.994988969028,2.89274832419256,1,5,344.590498237886,7228.305016,-27.0015756,-48.637905
Brasil,Feira de Santana,105,1.1605,5.3939,61.5631,3823.5387,5682.0118,1.03192296089446,12.9541116918845,1900.13291962585,87.6613407653092,2.90884002492655,4,6,751.11286913603,8472.202942,-12.2597272,-38.9646608
Mexico,Pachuca de Soto,105,0.8056,8.6568,61.2609,3951.6334,6566.921,1.05138292750122,8.50886039808118,1294.87911551295,90.2083869608326,2.86665481376122,6,5,1124.1223327811301,4780.565677,20.1010608,-98.7591311
Brasil,Montes Claros,106,1.2587,6.1288,61.9756,2540.8495,4177.0141,1.01845535644123,11.4315913294163,1810.18967010752,91.2381818181813,3.23111010112487,4,3,713.548950880529,6796.738405,-16.7286406,-43.8582139
Brasil,Cascavel,106,1.1437,6.9344,60.8603,2929.1333,4783.3515,1.0150287084845,7.21120928242527,1467.35796295383,111.681613155473,3.29992452830188,4,1,827.323097464384,4735.431844,-24.9577771,-53.45951119999999
Brasil,Aracatuba,107,1.7132,4.6448,60.2424,1266.4206,2120.6839,1.0121551319269,10.154992615443199,1673.09599832275,94.6634941678817,3.3696715583508,2,3,543.27956788565,4639.173153,-21.2028539,-50.4536793
Argentina,Catamarca,108,1.5594,5.031,61.3476,1478.1669,2408.0371,1.02108161467009,8.79635165714037,1427.15854104464,92.5391376892589,3.23614969766301,2,5,638.105457669338,4475.481437,-28.469581,-65.7795441
Brasil,Araguaina,108,2.0234,5.2464,60.7975,1470.6688,2431.8563,1.01578826691483,9.58175102241672,1746.59108120403,104.518282584884,3.34828914570586,2,3,437.080862381216,4297.739532,-7.192773300000001,-48.20482699999999
Mexico,Celaya,108,1.2352,6.2938,61.9325,2726.0406,4407.6138,1.05176319885806,10.3178485663723,1596.90817580606,91.0619152159169,2.97207581025008,4,6,756.649988588161,5982.267726,20.5279612,-100.8112885
Mexico,Xalapa,109,1.2787,6.312,60.9786,3060.3863,4889.3496,1.06160557515885,13.0021831837881,1816.05331306706,80.6146751769614,2.81822051936994,4,6,733.7229344603439,8974.971482,19.5437751,-96.91018059999999
Colombia,Pereira,110,2.0855,7.8164,61.6503,1142.76,2124.6664,1.06599488214703,11.4858035407931,1684.14718843378,84.0502714086796,2.88204871538204,2,6,430.096160225535,19288.7629,4.8087174,-75.690601
Argentina,Santiago del Estero,111,1.1085,6.212,61.1866,3274.6968,5046.0155,1.01226440574113,8.87678275471953,1612.67440749517,103.183440058582,3.37092819614711,4,3,917.4495112736719,5766.419374,-27.7833574,-64.264167
Brasil,Passo Fundo,112,1.9694,5.8552,60.3213,1786.2928,2915.0143,1.02410997331293,6.59856428181952,1295.8615472149,110.872033180778,3.12982723577235,4,1,523.447200403353,5020.168495,-28.2622601,-52.41027949999999
Brasil,Atibaia,112,2.4575,6.7684,60.6034,1031.6578,1874.4258,1.04851020462252,6.6549687891238,1270.02685789832,115.481551145384,3.00234584450402,2,2,400.903457933612,3520.684835,-23.1175492,-46.5567066
Argentina,Salta,115,1.0302,6.6827,60.4912,3486.2713,5517.1456,1.01874363142541,10.3792394049739,1633.5767266104,91.7437297647188,3.27630492615356,4,3,997.7609722574821,6826.425917,-24.7821269,-65.4231976
Chile,Rancagua,115,1.5157,4.7563,61.031,1376.9742,2384.2721,1.05143579218913,10.6473677373184,1338.2153513569,73.6771435996439,2.78488732685548,2,6,741.497823197039,5588.535849,-34.17013240000001,-70.7406259
Mexico,Monclova,116,1.1563,5.9163,61.0799,3896.0967,5861.8144,1.02176574927087,9.12923332002407,1466.47157363633,91.7015137211856,3.19532444832859,4,5,911.467557932681,4002.628942,26.9080378,-101.4215236
Argentina,Posadas,117,1.3127,4.0537,60.7742,2708.3075,4173.7007,1.01796138819941,10.3289887032767,1647.07439626428,92.2232363348481,3.25039018952062,4,3,813.341968060712,5295.603993,-27.3621374,-55.90087459999999
Brasil,Divinopolis,120,1.7622,7.2872,64.1016,1424.4123,2591.1606,1.0251275173679,8.57545633540908,1512.21089216065,95.8234361185985,3.2866432337434,2,5,587.723825167091,5225.134466,-20.103444,-44.9716724
Brasil,Petropolis,120,4.2256,3.524,66.9437,14.0909,55.1986,1.12857159601042,6.437913290463521,1152.66054368199,110.0608008658,2.45145631067961,1,2,22.0568363681356,19909.13335,-22.5112498,-43.1779306
Mexico,Tulancingo de Bravo,120,2.1381,6.4524,62.68,725.7867,1405.3751,1.02135870582522,3.75488725969112,639.940260571654,97.3648439070352,3.12860635696821,2,2,484.43531701392,5457.427828,20.0904802,-98.3690922
Brasil,Santa Maria,121,1.7419,6.5948,60.6865,1761.6721,2919.0754,1.03981334359889,9.07601313382232,1414.03272509152,86.3206051684969,2.70855103861348,4,5,644.886682478282,5881.906282,-29.687634,-53.8129003
Mexico,Zacatecas,121,2.0724,5.7674,60.651,742.0877,1333.025,1.05269014228933,11.2300528118131,1722.08469532116,90.7173126731654,2.91743666169895,2,6,513.35466507652,6374.425148,22.7708555,-102.5832426
Mexico,Victoria,123,1.4296,4.8751,61.0672,2931.9956,4529.5947,1.02441240001048,9.9019438834396,1590.0614141654,92.1214747566912,3.12175459395376,4,3,761.971597578789,5111.564057,23.7369164,-99.14111539999999
Mexico,Ensenada,125,1.421,7.5966,61.6273,2140.9179,3762.9304,1.04080955937561,8.23586789893516,1422.43136703592,98.5071453330029,3.01710885197123,4,5,839.134391761375,4162.836957,31.8667427,-116.5963713
Mexico,Tapachula,125,2.4075,4.7333,60.4315,1423.7071,2419.4968,1.03791036094122,8.44993395563447,1392.00826497716,92.9863388581951,2.98062015503875,2,5,435.269674214138,7507.446961,14.9055599,-92.26342059999999
Mexico,Matamoros,126,1.077,7.0984,61.2708,4509.0364,6831.2172,1.02370330756858,10.6468777997912,1715.30082927327,94.2143241411659,3.1563829787234,6,3,1053.64222365921,5512.101112,25.8690294,-97.50273759999999
Mexico,Poza Rica de Hidalgo,126,1.7083,7.644,60.7156,2253.9342,3801.5832,1.03025997802321,9.6870380156353,1337.11252744214,77.9890847333819,2.88821672803787,4,6,638.791753476377,5953.641187,20.5270592,-97.4629119
Mexico,Uruapan,130,2.2506,6.8741,60.4333,2113.1199,3418.3073,1.03238145978709,11.0389051994428,1618.61228785309,82.6090045169899,3.02369154537008,4,6,497.15075008316694,7327.293901,19.4064492,-102.0430476
Brasil,Juazeiro do Norte,131,1.7404,6.3277,60.4212,1230.5419,2173.8195,1.01332503760928,10.9191119574091,1735.70479738187,91.4483863791928,3.20438845997561,2,3,615.80099427751,8004.457738,-7.2290551,-39.3123192
Mexico,Oaxaca de Juarez,134,0.975,9.5052,60.7339,4095.5433,6821.3343,1.03833182062501,6.5726179865725,1192.96642110544,105.718518723888,2.90966178252726,6,1,1166.6584024304,6070.252709,17.0731842,-96.7265889
Brasil,Santos,135,0.9343,4.5771,61.8685,2095.1876,3429.9183,1.03352002163892,8.80304391902275,1371.24787093142,90.3704759383037,3.13280244530244,4,5,1281.82934264545,10625.21436,-23.9288143,-46.36350849999999
Peru,Arequipa,135,1.0101,8.9034,60.8884,4792.1187,7471.7663,1.04451301464011,14.1168916473086,1929.37747716912,80.8980020767663,3.05369014084507,6,4,1130.6313315114799,9060.450046,-16.4090474,-71.53745099999999
Brasil,Criciuma,137,1.7138,5.8566,61.3338,640.0695,1208.2086,1.02323359285903,7.92503222439055,1365.31277991686,99.0813207472956,2.97481545809813,2,5,738.041163037642,4335.789844,-28.6726329,-49.3733541
Mexico,Durango,137,1.1992,7.423,60.3509,4627.4564,7015.7443,1.02635510177688,14.6633316961905,2011.96938528239,78.9829859668166,3.12679122075095,6,4,1012.66208169168,5994.940914,24.5592665,-104.6587821
Argentina,Parana,140,1.7075,4.7401,60.9331,1948.9687,3270.9485,1.02135211660641,6.57063824173736,1207.72290435842,107.585584065745,3.17493707299532,4,1,780.441687905814,4475.29888,-31.7413197,-60.51154709999999
Brasil,Taubate,140,1.4656,4.3272,61.6361,1249.8275,2211.3343,1.04244664640542,8.078794835638039,1365.30818312321,100.495467662995,2.96201550387596,2,5,842.2048261438031,5696.645697,-23.0225753,-45.5486715
Brasil,Jaragua do Sul,143,2.0537,6.9354,61.0424,1345.5824,2399.0096,1.04348041651519,4.5829183544820005,929.877131686595,110.53028455438,2.461768770152,2,2,629.511541958526,3386.954337,-26.4822209,-49.073477
Mexico,Hermosillo,144,0.7007,8.5316,60.611,8396.5989,12621.1262,1.03673767126051,9.65693736772922,1575.35059053747,91.339732369503,3.01448345402878,6,5,1904.9517771000799,4406.394652,29.0729673,-110.9559192
Guatemala,Quetzaltenango,146,2.7353,8.172,61.1828,1333.1758,2383.4642,1.05530319470663,7.85102655319839,1226.31597601193,88.8626596570691,2.73405191377034,2,2,447.96689657955903,5948.745106,14.8446068,-91.5231866
Brasil,Araraquara,148,1.6648,5.2568,64.5362,1446.5624,2501.444,1.02367068998946,10.1034761642715,1652.06266780475,94.8201498706099,3.20126969198213,2,3,776.267481852911,4440.738444,-21.7848272,-48.1786486
Brasil,Sao Jose do Rio Preto,149,1.2596,6.1884,61.8593,3308.5763,5291.3872,1.02133663524724,11.518668962741001,1795.67682655587,91.6144313871883,3.24636166278041,4,3,1025.03162806324,4978.682743,-20.811761,-49.3762272
Brasil,Aracaju,149,1.1899,4.5405,61.0335,1494.2068,2645.6223,1.04144090734882,11.182567942586699,1649.94855478611,89.7492411891379,2.98855081555834,4,6,1035.62974617805,8957.280194,-10.9472468,-37.0730823
Brasil,Brusque,152,3.7115,6.3683,62.4766,398.6522,855.068,1.05644701932447,4.9333135027990895,918.698369225888,105.69901728395,2.47563718140929,1,2,372.77176870202396,3635.017288,-27.0982053,-48.9111422
Argentina,Mar del Plata,153,1.1238,6.8723,60.8413,5883.8861,8666.1085,1.01133813131598,7.5879162164989795,1457.47384079093,102.798617532302,3.60695114184332,6,5,1391.9500029578899,6051.319484,-38.0054771,-57.5426106
Argentina,Resistencia,153,1.6994,7.0272,60.5938,2899.8367,4652.2583,1.01964602579323,10.565078870528101,1658.40878550508,88.3227742060919,3.22508038585209,4,3,821.7638605821389,6651.601355,-27.4518622,-58.98555469999999
Brasil,Foz do Iguacu,154,1.7652,4.505,61.5358,2031.0904,3224.7614,1.02589098159794,7.2053454999246105,1468.27145119338,116.198870856911,3.17644238452932,4,1,783.1685517452331,4324.695394,-25.5163356,-54.58537639999999
Brasil,Boa Vista,154,1.5298,5.2297,60.6659,3105.0712,4754.9339,1.01306305311004,9.18518182409448,1769.76962041854,107.459770901516,3.41811978771796,4,3,816.314814839192,4202.074757,2.8235098,-60.6758331
Brasil,Piracicaba,154,1.4719,7.7479,60.6751,1983.5702,3445.3899,1.04183303833669,8.85023616240359,1482.42481429337,98.0324094833789,3.00969409737182,4,5,919.071519758284,5097.765206,-22.7626467,-47.8427298
Mexico,Cancun,158,1.3502,6.2467,60.7256,4581.2274,6932.8921,1.04931195125356,11.0100416841225,1754.67902430656,91.7743476224789,2.99476963310514,6,6,1016.3449259358299,7143.724682,21.161908,-86.8515279
Argentina,Neuquen-Plottier-Cipolletti,159,1.629,6.5269,61.224,2827.1368,4463.1789,1.02652785436247,10.3442262204098,1550.96126606604,87.8877245122022,3.22477893890675,4,3,903.209172046683,4564.814416,-38.9475672,-68.22885
Brasil,Rondonopolis,162,2.0168,4.6124,60.9882,2193.9882,3552.3249,1.02025228767586,9.808598803197519,1703.41522502247,100.249485882556,3.36129963898917,4,3,679.5058227712669,3626.353302,-16.465423,-54.6387934
Argentina,San Juan,163,1.1951,6.0141,61.1442,5051.178,7610.868,1.02870034276876,7.26780663648065,1285.09168418698,101.52360563552,2.95602620479224,6,1,1295.30138470478,4720.492666,-31.5351074,-68.5385941
Brasil,Bauru,164,1.5381,6.7302,60.8597,1812.0407,3173.7568,1.02581692626693,10.0527936658806,1655.90361939552,93.8734327144765,3.31848731066305,4,3,934.3671333750709,5519.28732,-22.314459,-49.0586951
Brasil,Joinville,167,0.9986,6.6449,62.0435,5591.4116,8556.8123,1.02742737336811,5.781547102434399,1127.538864237,108.038817812995,2.72997494167458,6,1,1511.53313207814,4119.230323,-26.2834213,-48.8452269
Brasil,Juiz de Fora,169,1.8142,6.6533,61.0547,1284.2123,2367.8251,1.09481975468916,6.3985310054292,1262.24795063473,118.244759387237,2.79225352112676,2,2,813.311679756551,8541.627511,-21.7624237,-43.3433999
Brasil,Volta Redonda,169,1.8071,6.6206,60.618,1486.1963,2595.2737,1.10028406641854,6.3097357982903,1155.48897363071,110.623359580664,2.80519902518277,4,2,821.904460945132,7166.764413,-22.4871853,-44.0770134
Brasil,Mogi Guacu,171,2.077,5.3552,61.1363,1422.6826,2307.3665,1.02997196539977,8.59334594833807,1456.37569341424,102.892102521501,3.0909364196603,2,5,722.884896912753,3783.588475,-22.1750684,-47.0972424
Brasil,Anapolis,179,1.5498,6.8574,60.7219,2493.8745,4316.1259,1.02672200422926,9.60043297669926,1655.87313566862,103.089637064407,3.14697090474292,4,3,977.2475911003789,4778.305577,-16.3286427,-48.95343339999999
Mexico,Reynosa,181,1.1297,9.4329,60.6699,5814.6326,9196.4019,1.03063990333001,7.53776718189246,1324.79484502356,101.963314943018,3.08439960629921,6,1,1445.25556933756,5156.458897,26.0508406,-98.29789509999999
Mexico,Tlaxcala,184,2.3275,10.2911,61.1525,1746.0039,3202.0886,1.04072534158096,5.732587149417331,1225.57970480374,123.488890585619,2.75453446191052,6,2,679.6233355817351,5324.669092,19.318154,-98.2374954
Brasil,Maringa,195,1.3889,8.8748,61.1292,3874.1261,6575.4012,1.01450660739999,8.74842261273706,1654.04225699894,107.276535109717,3.2868018133607,6,3,1241.3666418205,5137.491387,-23.4209995,-51.9330558
Mexico,Morelia,196,1.2382,6.2553,63.1887,3768.1743,6267.1901,1.04312786939436,13.4191714159082,1874.69356283946,81.8404375499494,2.98894079511869,4,6,1365.58356936076,6954.060936,19.7059504,-101.1949825
Argentina,Bahia Blanca,198,1.918,5.1609,61.0614,1612.1203,2803.2783,1.01358619231838,6.048770849230539,1172.6384289869,109.389079448227,3.44693237796686,4,1,1068.4815413072101,4514.831475,-38.7183177,-62.2663478
Mexico,Veracruz,198,1.2615,6.253,60.9659,4130.7072,6598.5902,1.0382210750635,10.4943253667346,1673.15028530757,90.9672362360343,3.14131054131054,6,3,1347.96659200605,6682.396631,19.173773,-96.1342241
Mexico,Acapulco de Juarez,202,1.4523,10.5945,60.3893,3740.4671,6387.8479,1.08602434359555,7.33406610148841,1264.025353675,99.6729095104334,2.68102059086839,6,2,1179.01855264777,8058.568076,16.8531086,-99.8236533
Argentina,San Miguel de Tucuman-Tafi Viejo,203,1.0284,5.2178,61.5767,5353.6666,8166.8568,1.02226930985725,7.568053888187061,1427.21691977653,106.700716194099,3.20250123648696,6,5,1690.1306715013402,6597.268441,-26.7324791,-65.26702879999999
Colombia,Cali,205,1.0631,7.0134,60.5209,7167.5486,10666.987,1.03322261724007,13.594260726110901,1898.22879917262,82.1903854290367,3.12573301138323,6,4,1567.79397051459,17699.66723,3.4516467,-76.5319854
Brasil,Ribeirao Preto,206,1.2091,8.0797,60.631,4985.6744,8173.5785,1.03375027223378,9.58991450838187,1622.04027366321,98.0467053906381,3.07677374913895,6,5,1482.3906915515,5433.71734,-21.1704008,-47.8103238
Mexico,Nuevo Laredo,210,1.841,6.2349,60.7022,2275.0333,3947.9243,1.02017916285471,8.76940575437397,1489.67243846885,96.0285189403315,3.29714633898649,4,5,1041.46167434944,5195.35319,27.4779362,-99.549573
Mexico,San Luis Potosi,211,0.8991,7.6445,61.06,9952.9488,14404.2173,1.03765870197842,9.31023493166062,1479.00283449601,91.7738072183633,2.92355983907334,6,5,2054.51313961507,5586.49185,22.1564699,-100.9855409
Brasil,Ponta Grossa,214,2.022,7.9817,61.3613,2936.6189,4926.8901,1.02745058238377,7.51206696799075,1397.48191234622,103.896294550579,3.19132589838909,4,5,949.538925890041,4379.313475,-25.0949322,-50.1545956
Mexico,Culiacan,214,1.2863,6.0302,60.584,3942.9933,6216.9887,1.02494546951614,10.557292703370301,1641.24232917702,87.5638141522991,3.11043560711696,6,3,1485.32397846598,5370.006049,24.8090649,-107.3940117
Mexico,Queretaro,216,0.8826,10.2595,60.8428,8895.3335,14075.4654,1.05498641626807,10.9698710000988,1622.80323551599,87.0393129050215,2.82000928339343,6,6,2118.80340250041,5112.355945,20.5887932,-100.3898881
Brasil,Caxias do Sul,219,2.2889,7.6153,61.1904,1633.0927,2963.1074,1.03831961270621,8.48316023478821,1399.62358767881,95.7123836608861,2.879916271896,4,5,887.287259897893,7266.572779,-29.1634031,-51.1796683
Mexico,Villahermosa,223,1.7218,10.8179,60.7832,2582.9244,4741.1985,1.0565693665349,4.8867193059014395,978.9605494591509,115.511272008547,2.77572442341809,6,2,1104.42193671371,6688.727952,17.989456,-92.9475061
Brasil,Rio Branco,240,2.786,6.632,60.5603,1914.9996,3209.5381,1.03392028425959,8.43848219816848,1429.54994556884,99.4548556317334,2.87893631910426,6,5,710.317312905033,5778.54958,-9.975337399999999,-68.42932139999999
Colombia,Medellin,242,1.2233,6.6016,60.602,6080.0914,9237.1751,1.06686498507848,11.676146429263898,1743.60766146807,86.7792378811211,2.91776035834266,6,6,1616.02975042421,24722.03606,6.244203,-75.5812119
Mexico,Leon,243,1.0563,7.4089,60.8147,7412.6696,11635.1571,1.0404715272886,10.8663994762858,1700.20306998709,92.1000673612993,3.03533032416906,6,6,2001.5829573968601,8602.606258,21.1250077,-101.6859605
Brasil,Natal,248,1.0816,5.2645,61.5718,2025.9198,3858.5805,1.04040021018998,12.554210096598,1839.56326600211,87.5646854894891,3.04108652411735,4,6,1161.60235393477,8741.350831,-5.7792569,-35.200916
Brasil,Vitoria,252,1.3408,8.5551,60.3803,4534.2981,7347.2791,1.04560528014905,10.781871246870999,1608.94201180906,87.7067352477434,2.93712825050385,6,6,1624.94984394145,7867.566519,-20.2976178,-40.2957768
Brasil,Maceio,255,2.0428,10.7039,61.507,3044.4088,5405.6135,1.04708591816118,11.905528720661499,1702.46538087221,84.395017742635,2.80369499496137,6,6,1028.17777246266,13250.30047,-9.6498487,-35.7089492
Mexico,Cuernavaca,259,1.0694,7.9767,61.6439,8156.5024,12755.8015,1.0680789541849,6.05725897310183,1159.40721445252,109.706108488632,2.71715610510046,6,2,2076.68188793956,5081.364084,18.9242095,-99.22156590000002
Mexico,Mexicali,260,1.125,7.3746,60.443,8686.993,12628.1422,1.02481584311664,8.10884749902526,1449.7359302078,101.986953774989,3.13276135687363,6,5,2220.4141836635,3894.998425,32.6245389,-115.4522623
Mexico,Tampico,260,1.3072,6.0497,60.2886,3875.9792,6199.7602,1.02661899763485,6.745620144134251,1215.0722960801,100.729300451628,3.17467018469657,6,1,1743.79816068188,5677.580145,22.2331041,-97.861099
Mexico,Saltillo,261,1.1671,6.7046,61.5111,5569.0435,8820.856,1.0323572732027,9.77307003371961,1479.35862279505,87.460736612665,3.05227936222771,6,5,2007.14820750488,5017.255961,25.4383234,-100.973678
Brasil,Teresina,269,1.2687,6.2128,60.6169,3195.5189,5298.3755,1.01438732983042,10.973713334091899,1773.17335408326,93.7566829074457,3.25979637447231,6,3,1729.86111647601,6683.037381,-5.0920108,-42.80375970000001
Brasil,Londrina,270,1.5843,7.3208,62.1118,2338.5597,4005.4543,1.02364949558469,9.34201783145936,1593.99661892219,102.692602967587,3.11949518432414,4,3,1506.63381872407,5804.826703,-23.3044524,-51.1695824
Mexico,Merida,278,1.086,7.1651,60.7446,8878.4881,13224.763,1.02211793903679,10.8491434281836,1816.93268224953,96.9091207194245,3.2340030911901,6,3,2224.1387220778697,4978.235283,20.9673702,-89.5925857
Mexico,Torreon,284,0.9976,9.6011,60.8098,9189.2337,14640.5101,1.0451676368962,10.1282650908083,1591.44318819917,90.1987302818146,3.08871299342105,6,6,2558.1873862596603,5012.014218,25.5428443,-103.4067861
Brasil,Florianopolis,287,1.7414,10.2172,60.786,3182.1419,5737.7376,1.04956613357701,7.179752238810971,1296.0824510696,103.016363123186,2.67164283711802,6,2,1506.5979493731602,5258.357431,-27.5948698,-48.54821949999999
Brasil,Uberlandia,307,1.8503,6.1507,60.3534,5461.1891,8290.9047,1.0212104874824,9.48781958984918,1709.96720595477,105.580555092653,3.28344107409249,6,3,1422.77157276918,4955.250167,-18.9127534,-48.275484
Brasil,Sao Jose dos Campos,313,1.6698,6.1753,61.043,1744.5775,3116.7536,1.05010969136968,8.08429164638985,1365.44333207518,100.079098762695,2.87118042348167,6,5,1652.71128064343,6731.854694,-23.223701,-45.9009074
Brasil,Blumenau,323,2.3924,7.3033,60.7321,1025.195,1963.3428,1.07184722249972,4.24926256853728,878.8416884417859,115.109869137912,2.3556996757296,6,2,1226.09509672955,3963.404353,-26.9165792,-49.0717331
Peru,Lima,327,0.4158,12.6495,60.6204,33262.8096,48828.6759,1.0306965127638,15.2415492433694,2059.946799177,81.2525759068026,3.09429349854445,3,4,6527.94531653556,16157.95308,-12.0463731,-77.042754
Mexico,Aguascalientes,331,1.7599,10.5435,60.5249,6299.3619,9969.0603,1.03252595819001,11.985570300355601,1762.91421136287,86.0632277101273,3.00512226626876,6,6,1643.7265400224899,6341.28524,21.8852562,-102.2915677
Nicaragua,Managua,349,2.1759,7.1655,60.6116,5547.5273,8690.0696,1.04193896351282,10.259897648694,1505.67667485661,84.8476321197514,2.90125045972784,6,6,1332.66436646571,8837.904772,12.1149926,-86.2361744
Mexico,Chihuahua,350,1.5109,8.2062,60.861,8136.178,12231.0926,1.03079258920816,10.9665762526274,1745.10097252112,90.875478305383,3.17645921917278,6,3,2136.30940599049,4821.609639,28.6329957,-106.0691004
Colombia,Bogota,363,0.7124,6.4454,60.7517,20623.6926,29460.2401,1.04286771365727,14.0314789989124,1902.29910455666,79.3044319600879,2.92952092462429,3,4,4152.94781145427,21914.48466,4.710988599999999,-74.072092
Brasil,Campo Grande,365,1.3074,8.5804,61.195,8927.7199,13861.4681,1.02305311395308,9.845817090720601,1675.17490980853,98.6268567211512,3.28069965256978,6,3,2413.3091018310697,4266.579552,-20.4697105,-54.6201211
Argentina,Rosario,366,1.2313,8.1864,60.6046,8589.2969,13259.594,1.01609219196643,7.3987503080358605,1356.82475715767,103.385175278568,3.38355059803789,6,1,2865.21359924466,5712.177814,-32.9442426,-60.65053880000001
Mexico,Tijuana,392,1.2531,7.6492,61.1666,4479.5622,7180.0949,1.06107944435969,8.60147934646324,1548.32123440819,102.076769467326,2.84215126260261,6,5,3001.3441828021096,7218.399235,32.5149469,-117.0382471
Brasil,Sorocaba,394,2.383,12.6611,60.6707,4527.1716,7866.816,1.04279985888892,9.086062496474499,1542.37689102983,99.1812543103445,2.92831012130158,6,5,1462.01943968075,6235.56071,-23.4557103,-47.4882762
Brasil,Joao Pessoa,399,1.7936,7.9266,60.637,4670.3629,7727.2095,1.02665187899069,10.1656969347877,1616.98099059925,95.9805310942429,3.09982363315696,6,3,1822.10822522289,7371.738526,-7.119495799999999,-34.8450118
Mexico,Juarez,417,1.2173,8.1898,60.3498,12350.6883,17955.3184,1.04180872407992,10.0680147080456,1625.56243545845,92.4969139474689,3.12976118913601,3,3,3253.9682300841,5293.625128,31.6903638,-106.4245478
Argentina,Mendoza,456,1.4935,9.395,61.3404,8639.6698,14223.2745,1.02845645141442,6.25338825993308,1132.25536412169,104.942742116195,3.06350350927795,6,1,2944.96347172229,4846.119728,-32.8894587,-68.8458386
Brasil,Cuiaba,458,1.6444,9.1544,60.9545,4996.602,8652.3405,1.0398522002472,9.0819977606441,1544.17241763387,100.222566884265,3.08192760871408,6,5,2346.40005003576,4743.122017,-15.6014109,-56.0978917
Brasil,Manaus,464,1.4714,6.4529,60.3504,14970.8512,20873.5357,1.04873710253466,9.02971136782605,1511.31927314637,97.7330627410457,2.86132439349699,3,5,2565.41976330934,7789.511884,-3.1190275,-60.0217314
El Salvador,San Salvador,488,2.322,8.2925,60.2767,4874.9292,7925.3786,1.06835946324078,8.28204630502972,1358.82449686764,91.7944036619621,2.58838157763851,6,2,1756.20848571768,12276.18595,13.6929403,-89.2181911
Argentina,Cordoba,523,1.3933,10.0482,61.5329,13325.4181,20415.9092,1.02760866610896,7.9028574410795995,1369.39675397142,99.3280434738319,3.24424130420434,3,5,3560.48431972677,5718.231295,-31.42008329999999,-64.1887761
Brasil,Belem,543,1.8452,9.4244,60.355,11080.5857,16924.4353,1.03366411718446,8.15671785572478,1397.5844173484,99.9103825806259,2.87925843083276,3,5,2391.77085012295,9446.843012,-1.4557292,-48.4901785
Guatemala,Guatemala City,548,1.5957,9.381,61.5595,6145.8195,10549.9092,1.07386310646381,10.8735111104386,1601.57567719423,84.7560607524711,2.7490105125167,6,6,2880.67025286154,12409.61756,14.6349149,-90.5068824
Brasil,Sao Luis,563,2.1,11.5299,60.5337,6543.341,11623.0985,1.0325095650382,9.54055975759258,1534.68387286591,95.8463185724102,2.97596767333049,6,5,2180.37521157449,6932.272556,-2.5391099,-44.28290459999999
Brasil,Jundiai,568,2.8389,10.2105,61.2062,2860.0624,5369.2921,1.06896635294463,5.995193212666701,1107.41408539064,110.502118784998,2.80409287682014,6,2,1764.07992617401,4739.814529,-23.1857076,-46.8978057
Mexico,Guadalajara,570,0.7442,10.3529,61.1995,28583.7652,42830.2526,1.0425252010462,10.5312338547946,1613.01880121271,88.0525167907841,3.00321428129906,3,6,6633.8855411697705,7866.468696,20.6596988,-103.3496092
Chile,Santiago,573,0.6552,8.4492,60.7183,41027.9105,57316.7458,1.04217949043644,11.8159923655975,1594.77412951702,79.6551244855552,2.95247509231519,3,6,8483.24854134508,9629.563032,-33.4488897,-70.6692655
Brasil,Salvador,636,1.9969,10.2384,60.7527,4744.0056,8627.455,1.08765579748035,8.72488483287124,1459.04756413472,97.7638407253985,2.62296279085205,6,2,2652.8716932511,16654.53508,-12.977749,-38.5016301
Mexico,Monterrey,654,0.7596,9.5315,61.2856,26438.4077,40706.8323,1.05954344175786,10.9735712905459,1694.31287358912,92.4349039294842,3.02517728605705,3,6,7742.96696584111,6706.658018,25.6866142,-100.3161126
Mexico,Puebla de Zaragoza,654,1.174,11.0582,60.7054,15085.0587,23950.6718,1.03374686520205,6.41863354750255,1282.98459712807,113.258217752659,2.88129563255011,3,1,4779.6777574156695,6095.635079,19.0414398,-98.2062727
Mexico,Toluca,673,1.8506,12.0425,60.6011,12090.9584,18969.2009,1.04653738386051,5.77824353545441,1211.3937971813,119.789046123185,2.7755539984234,3,2,3125.86340280992,5587.915903,19.2826098,-99.6556653
Brasil,Belo Horizonte,752,1.0888,8.0333,60.505,20533.5197,30554.5503,1.04200571352381,8.85913514935213,1576.67522400406,105.039744130931,3.03547577883996,3,5,5959.38532485994,8401.367765,-19.9166813,-43.9344931
Brasil,Recife,849,1.704,9.7008,60.3455,13222.4,20654.3265,1.04352887275703,9.142997155195639,1446.28361330203,93.3577356935324,2.87046092547315,3,5,4087.82802461675,10371.45778,-8.0522404,-34.9286096
Brasil,Fortaleza,899,1.5046,9.4863,60.5741,14710.9289,24323.2777,1.02795173549033,9.49341242384183,1534.23832504953,94.2765629542559,3.04826020889034,3,5,4861.37101597903,8616.143527,-3.7327144,-38.5269981
Costa Rica,San Jose,915,1.9595,14.6136,61.0583,12070.2451,20783.6675,1.07964244351038,6.4094284904769605,1165.99621944943,102.714955997436,2.57397861498129,3,2,3849.79722242969,6889.623368,9.9280694,-84.0907246
Brasil,Goiania,988,1.6808,10.2823,62.2246,12113.0309,20233.3965,1.03277995916239,9.90197599174477,1692.09325632426,102.542702739209,3.22064286552223,3,3,4980.01611406765,5169.090044,-16.6868982,-49.2648114
Brasil,Brasilia,1035,2.1577,7.1069,60.8648,3258.1633,5765.5712,1.06700428339034,8.84359300349193,1394.43057468595,95.9783094436508,2.73104072818464,3,5,4048.01532429914,6192.915443,-15.826691,-47.92182039999999
Brasil,Curitiba,1073,1.4822,7.7801,61.1536,18419.6142,28101.1978,1.03344070087496,6.71653574439702,1259.43569693301,105.096091905911,2.89907710628163,3,1,6499.18375502054,5323.500765,-25.4808762,-49.3044253
Brasil,Porto Alegre,1370,1.5603,11.3993,60.6394,14264.3874,22899.444,1.03372979838279,6.7248551959160805,1191.8180957329,102.485092388459,2.91765495978143,3,1,8206.42205552832,6063.654901,-30.0346471,-51.2176584
Brasil,Rio de Janeiro,1395,1.1309,11.0857,60.5213,31228.5659,46352.9657,1.04520384425907,8.323533791745241,1461.5904689091,103.097166249552,2.82376722312367,3,5,10851.1603676762,10720.32008,-22.9068467,-43.1728965
Brasil,Campinas,1453,1.9001,7.9871,60.9236,3225.0125,5825.1778,1.04126004513703,7.86805243177443,1382.27426206789,104.312102794724,3.02413040905017,3,5,6728.98413668296,4990.026364,-22.9329252,-47.073845
Mexico,Mexico City,1608,0.6352,13.076,60.7238,87945.4285,134924.6385,1.04131534200256,8.41713977461154,1446.84575070086,98.7231274280145,2.89632108542056,3,5,21786.4981348088,11251.03522,19.4326077,-99.133208
Brasil,Sao Paulo,2342,0.9563,11.9968,60.7869,91910.5028,131858.8829,1.0576991896128,8.753989426376789,1488.24030707851,101.583347316218,2.892272089506,3,5,21664.0654635212,11086.34776,-23.5505199,-46.63330939999999
Argentina,Buenos Aires,3061,1.1633,16.5569,60.5202,107390.7152,158315.5829,1.01393626079152,6.934086741381551,1324.49784562783,106.134736714288,3.38216297133764,3,1,25868.871661138204,7609.419024,-34.6036844,-58.3815591
