SALID1,L1,COUNTRY,BECNURBPTCH,BECPTCHDENS,BECEFFMESHSIZE,BECAWAVGPTCHAREA,BECAWMNSHPINDX,BECAWMNNNGH,BECADCRCTYAVG,BECADINTDENS,BECADSTTDENS,BECADSTTLGAVG,BECADSTTPNODEAVG,URBAN_PROF,URBAN_PROB,TRANS_PROF,TRANS_PROB,LAT,LONG,SECPOV,AREA,POP,CNSMINPRM,CNSMINPRF,CNSUNEMPLM,CNSUNEMPLF,BRT,SUBWAY
101101,Bahia Blanca,Argentina,487,0.2131,77.6331,2644.8505,5.1337,76.6488,1.032771033,3.67073743,938.4364745,142.7773087,3.411744545,2,9.99E-01,2,0.979105195,-38.72527197,-62.27405962,0,6709.0581,304207,83.48871677,81.66793972,4.983075896,8.192796325,0,0
101103,Mar del Plata,Argentina,765,0.5311,601.5286,8368.3755,6.7311,68.6631,1.02175559,10.80174931,2583.854577,130.0727985,3.505520118,4,1.00E+00,3,0.967661769,-37.979858,-57.589794,0,10352.898,624389,80.21473199,79.7747354,4.67409229,8.798722857,0,0
101104,San Nicolas de los Arroyos,Argentina,166,0.2456,57.7036,1353.3899,4.0292,79.5763,1.028876481,4.375523191,1140.411408,142.470201,3.211101001,2,1.00E+00,2,0.98634552,-33.345709,-60.218394,0,2881.4446,146973,85.21585954,81.40375591,5.3855632,9.153358592,0,0
101105,Tandil,Argentina,491,0.1011,8.7144,1556.2258,3.9911,126.0122,1.066891586,0.707934129,402.6114162,327.9991184,3.23861518,3,9.99E-01,1,0.999981034,-37.31666545,-59.15000144,0,2719.3544,124628,84.45824473,83.07368343,4.480337079,7.920223832,0,0
101106,Catamarca,Argentina,250,0.2131,87.3944,2196.9427,4.7825,72.2277,1.048574644,5.392896426,1115.701114,116.078141,3.191040091,2,1.00E+00,2,0.99272002,-28.46600099,-65.78099958,0,4666.5,203972,81.75646635,82.19259024,5.05712463,10.20644748,0,0
101107,Cordoba,Argentina,1809,0.6109,1675.7533,16720.7425,8.6569,67.9044,1.050706298,11.86103956,2662.29909,128.227721,3.195562838,1,9.96E-01,3,0.988880212,-31.31600392,-64.17999863,0,29679.1776,1598919,85.09984989,83.98241004,4.915344643,9.209946349,1,0
101108,Rio Cuarto,Argentina,1872,0.1008,5.7036,1361.2845,3.7062,227.3486,1.052379346,0.542890982,372.5115392,397.8506567,3.277523578,3,1.00E+00,1,0.999998921,-33.122964,-64.348885,0,7784.712,251770,78.21120748,78.3777454,3.377390448,8.020573817,0,0
101109,Resistencia,Argentina,445,0.0959,59.317,4432.9149,6.817,74.7533,1.069711472,2.296927222,661.0437714,160.9849045,3.106137067,2,9.30E-01,1,0.913024863,-27.45700194,-58.98699862,0,6209.263,412467,77.08925631,77.04015237,5.340412545,7.818743874,0,0
101110,Comodoro Rivadavia,Argentina,568,0.0398,2.8667,972.1899,3.1574,126.1183,1.14853407,0.681905567,297.4750114,246.9201039,3.075925926,3,1.00E+00,1,0.983673259,-45.82999795,-67.49999964,0,4210.584,187919,81.48374808,80.36304201,4.138844727,7.487746094,0,0
101111,Corrientes,Argentina,310,0.5517,314.6681,3684.5797,4.0633,69.7805,1.031139198,12.01607263,2258.386285,104.842222,3.2826532,4,9.99E-01,3,0.973662584,-27.486999,-58.81799661,0,4798.521,367003,77.51408191,77.69869997,5.242696374,8.854507672,0,0
101112,Buenos Aires,Argentina,7549,0.7563,26892.498,132006.4795,13.2696,62.7371,1.019726499,21.16285525,4572.087321,119.4591993,3.366260753,1,1.00E+00,3,1,-34.62249601,-58.4498337,0,203345.1483,14791105,82.75748088,80.8710525,4.66893929,8.4301513,1,1
101113,Concordia,Argentina,559,0.1692,15.618,1507.0211,3.2215,120.7413,1.040125458,1.399759538,521.7659656,202.5016602,3.275179856,3,9.98E-01,1,0.999532018,-31.39999947,-58.03333272,0,3424.1545,172660,71.79866218,74.07500427,3.234237177,6.517476844,0,0
101114,Parana,Argentina,1037,0.2024,31.8179,2159.3612,4.6096,125.1056,1.056002342,1.852894583,720.6026618,221.004193,3.199150907,3,8.91E-01,1,0.99481966,-31.733333,-60.533333,0,7550.0859,345428,79.97764561,78.79365882,3.700949298,7.284446909,0,0
101115,Formosa,Argentina,358,0.056,8.5886,1749.9509,4.4193,83.5585,1.036903539,0.724734374,230.4510769,170.2139309,3.302694136,3,8.58E-01,1,0.999690088,-26.18299803,-58.17699864,0,3139.302,263235,77.21505169,77.10339521,4.151543059,6.731612506,0,0
101116,Jujuy,Argentina,276,0.1093,19.559,1180.0878,4.5615,72.921,1.096950085,3.534423329,771.5017918,127.8575923,3.104996965,3,8.56E-01,2,0.870310117,-24.18333227,-65.30000304,0,4185.54,322516,80.37514542,77.74962476,4.23241575,7.745642427,0,0
101117,Santa Rosa,Argentina,208,0.0273,10.2782,2345.8723,5.4965,120.4968,1.013923101,0.633690985,274.3773654,240.2084339,3.409951652,3,9.05E-01,1,0.999869032,-36.61666476,-64.2833327,0,3341.3328,120521,80.16777788,80.42075112,4.453652548,7.763809524,0,0
101118,La Rioja,Argentina,260,0.0198,8.2121,2547.9585,4.9404,93.0326,1.060361976,0.436725155,131.0780464,168.7502458,3.198843559,2,7.46E-01,1,0.999580044,-29.41299893,-66.85499664,0,4224.324,185581,80.69416632,82.08683067,5.281645967,9.029574122,0,0
101119,Mendoza,Argentina,2658,0.1829,181.7494,11091.1582,7.4444,83.1285,1.05533457,1.515823488,431.8737628,158.5410342,2.994885917,4,1.00E+00,1,0.993450248,-32.89699806,-68.83000158,0,23812.4904,1109102,80.82376643,79.17691371,5.208399907,9.717838311,0,0
101120,San Rafael,Argentina,1123,0.035,1.4752,1082.1987,4.3079,162.6552,1.05546012,0.152873783,114.7949957,347.463116,3.145952722,3,1.00E+00,1,0.999987179,-34.59999838,-68.33333578,0,4372.7374,191942,74.42192437,74.12612279,5.462048217,11.24849216,0,0
101121,Posadas,Argentina,299,0.3147,228.0604,3648.62,4.4801,66.7548,1.034990975,10.40273095,2109.225998,117.1951812,3.211316182,2,6.48E-01,3,0.55664991,-27.39799808,-55.90600168,0,5938.4689,328137,76.64182484,75.55896123,4.89735161,8.238431373,0,0
101122,Neuquen-Plottier-Cipolletti,Argentina,2234,0.102,15.6205,2079.2218,4.4191,128.9648,1.049867571,1.251171544,403.0079198,181.4638507,3.174095963,4,9.99E-01,1,0.999544332,-38.944908,-68.2833326,0,16460.5588,702444,78.61338685,78.36558471,5.45693726,8.32207956,0,0
101123,San Carlos de Bariloche,Argentina,410,0.0741,4.1436,740.2788,4.4184,75.001,1.106901948,0.866398982,292.5813366,192.1238255,2.988778055,3,9.35E-01,1,0.997853391,-41.15000145,-71.30000304,0,3098.165,135338,75.84181117,74.74686995,5.47673249,9.783790699,0,0
101124,Salta,Argentina,553,0.165,117.4228,4446.8497,5.92,78.7708,1.06072704,3.831420884,840.8979175,121.5329335,3.177787313,2,9.43E-01,2,0.985326512,-24.783333,-65.416667,0,8851.9263,591105,79.91500901,78.95497378,5.325923433,10.20256194,0,0
101125,Santiago del Estero,Argentina,455,0.0778,58.0004,4739.5912,5.5302,83.0039,1.035588904,1.599862977,494.1952003,171.8051004,3.289832182,2,9.73E-01,1,0.998340006,-27.79000206,-64.26899971,0,7154.8295,411657,76.70125647,77.16248065,4.427155876,8.723754361,0,0
101126,Rosario,Argentina,1634,0.4217,668.8705,10459.7196,7.2509,74.4462,1.028850141,7.672037419,2171.455435,159.6598494,3.311923439,4,1.00E+00,2,0.983958877,-32.93773203,-60.66393257,0,24780.5904,1378242,80.91408095,79.2090411,4.749551868,9.019896002,1,0
101127,Santa Fe,Argentina,991,0.3331,90.9284,2600.7689,4.0471,76.476,1.032085029,4.302490585,1138.106975,148.4361303,3.285734912,2,8.84E-01,2,0.984297211,-31.617,-60.69799771,0,10400.1486,535424,80.81859569,79.71878906,5.869084284,10.79968623,0,0
101128,San Juan,Argentina,1116,0.8775,537.146,6246.6921,5.4303,76.9456,1.026261368,8.025722558,2064.291995,142.5261949,2.950509701,4,1.00E+00,2,0.951314369,-31.534002,-68.52699868,0,10936.1304,515184,81.87739385,81.9693456,5.625143032,10.75296189,0,0
101129,San Luis,Argentina,492,0.0377,4.1419,1268.2123,4.0074,113.7211,1.058576643,0.49026722,187.6104355,214.5583335,3.155421859,3,9.95E-01,1,0.999848315,-33.31600203,-66.34799971,0,4262.2944,209425,81.40323308,82.27020036,5.697943021,11.18229745,0,0
101130,Villa Mercedes,Argentina,428,0.0311,2.7521,1201.533,3.7158,184.1967,1.079125775,0.312261242,193.5914376,349.163114,3.336302411,3,1.00E+00,1,0.99999295,-33.66666782,-65.46666711,0,3157.0992,129347,79.03098897,78.20028063,4.180514256,9.571322986,0,0
101132,San Miguel de Tucuman-Tafi Viejo,Argentina,1070,0.3431,343.7809,6709.2011,4.7919,72.923,1.055563227,5.194513014,1309.421865,141.7444165,3.129585153,4,1.00E+00,2,0.993365288,-26.82900979,-65.21054418,0,15978.952,1022677,79.62377377,79.79376654,5.959584744,10.39896998,0,0
101133,Rawson-Trelew,Argentina,295,0.0721,7.7218,1129.2471,3.3843,93.4898,1.051202224,1.447981103,433.6734672,169.8148929,3.248937844,3,9.82E-01,1,0.998819163,-43.24999986,-65.30000304,0,2798.2815,132849,77.4883122,78.08095005,5.141301602,9.15422196,0,0
101134,Rio Gallegos,Argentina,338,0.0101,0.8081,1181.4987,2.4029,154.0664,1.089062168,0.161448016,118.0390819,392.3333945,3.252606392,3,1.00E+00,1,0.999997173,-51.62143498,-69.22905093,0,2297.1494,114030,79.89908801,80.99564033,4.040156709,5.945086481,0,0
102101,Rio Branco,Brasil,567,0.0642,17.987,2820.9598,6.9273,70.2329,1.073065815,0.856446044,232.469971,157.2686844,2.828190517,2,9.78E-01,1,0.995951045,-9.979001961,-67.8120027,38.5,5633.5419,336445,60.48991003,65.34537941,8.116960668,14.28532029,0,0
102102,Arapiraca,Brasil,306,0.8589,93.266,1206.2572,4.3067,87.4488,1.040865373,16.52424677,3519.23646,127.3261039,2.984157824,2,9.99E-01,3,0.999999999,-9.749999859,-36.65000142,53.95,2754.6426,221642,44.96445812,49.3255864,9.844688083,18.75095672,0,0
102103,Maceio,Brasil,549,0.4637,363.1514,4712.1847,7.2551,83.1626,1.069978284,14.12384614,2627.799604,109.204967,2.763489079,4,1.00E+00,3,0.999937176,-9.676890028,-35.74772063,42.8,9124.1055,1099695,64.18858045,63.8945569,10.31788311,16.44071684,0,0
102104,Macapa,Brasil,402,0.0503,22.2946,2797.8453,5.4139,73.9335,1.051489268,0.722084911,208.7373042,159.0697829,3.045467667,2,9.88E-01,1,0.998564492,0.036000079,-51.04799967,42.44,6364.9062,511896,67.85787329,71.51913295,10.80014975,16.80861339,0,0
102105,Manaus,Brasil,1172,0.1028,408.2956,19842.0013,6.9808,64.349,1.072019092,2.158135497,427.5606271,115.0307556,2.840770283,4,8.58E-01,1,0.938250769,-3.12200104,-60.01499668,37.78,23460.51,1864174,73.93517486,75.05173953,8.95529033,15.43437044,0,0
102106,Alagoinhas,Brasil,175,0.2326,38.1085,1533.6659,6.2551,81.4949,1.067596732,3.359314314,818.4316728,149.7633096,2.869505963,2,9.99E-01,2,0.866469341,-12.1174318,-38.43528748,45.46,1869.4725,149558,64.27079004,66.033573,12.0649026,21.0558269,0,0
102107,Barreiras,Brasil,260,0.0331,2.0768,732.9747,3.2169,280.063,1.085298384,1.16041495,994.0831286,510.0886266,3.047327339,3,1.00E+00,1,0.999990402,-12.13333314,-44.99999991,41.63,2226.588,144794,60.20120903,64.770561,8.395740198,14.95943297,0,0
102108,Feira de Santana,Brasil,708,0.432,201.4081,4578.801,4.4531,93.0335,1.047097981,7.517040361,1534.862092,121.2278779,2.831238172,4,8.26E-01,2,0.977970994,-12.24999985,-38.95000067,41.86,7208.6436,621549,61.95491082,65.50898774,9.535622563,20.27279837,1,0
102109,Ilheus,Brasil,430,0.2443,3.8649,348.4354,3.9096,86.7972,1.118139348,1.097470942,337.0145484,174.6157609,2.742387821,3,7.13E-01,1,0.948840747,-14.793497,-39.045358,45.39,1952.286,194112,57.76803565,60.69338202,11.92526989,20.49479583,0,0
102110,Itabuna,Brasil,110,0.2545,55.7243,1339.5556,4.7658,67.8251,1.055755309,6.999016594,1203.926503,99.26751107,3.006845408,2,1.00E+00,2,0.983313555,-14.80000013,-39.26666634,41.7,1798.291,215639,62.42714292,64.94043981,10.45791237,19.83998487,0,0
102111,Jequie,Brasil,154,0.0477,8.2023,1264.2954,5.0879,102.8406,1.060975803,1.261941053,272.1876293,128.2555172,3.040343915,3,9.61E-01,1,0.993320927,-13.86086001,-40.0767746,51.72,2093.938,160038,54.09918867,56.18665668,8.560864547,17.95901868,0,0
102112,Porto Seguro,Brasil,339,0.1408,1.2599,187.679,3.6828,95.9284,1.105493258,1.315095481,393.111586,174.8839196,2.867616034,3,9.35E-01,1,0.989950578,-16.43333232,-39.08333205,47.2,1616.6571,133733,54.97839342,58.93562729,8.533823539,16.20442334,0,0
102113,Salvador,Brasil,1763,1.0151,786.1392,6011.8456,9.5936,65.6682,1.087546068,17.40945448,3353.949894,112.5206481,2.639571839,4,9.44E-01,3,1,-12.99300301,-38.48100264,34.73,22710.966,3371671,74.68865813,74.62227445,9.998141586,17.93157741,1,0
102114,Teixeira de Freitas,Brasil,138,0.1186,31.6808,1714.549,5.1395,80.0008,1.038678708,3.610326465,621.5585379,98.93655326,3.241956809,2,9.26E-01,2,0.823208538,-17.51279411,-39.70826834,40.4,2150.5506,145757,54.60889967,57.4242852,8.767727055,16.60837247,0,0
102115,Vitoria da Conquista,Brasil,531,0.1582,34.7664,2516.4511,5.1058,105.3565,1.064909018,2.935606109,883.2995346,180.918326,3.066958058,2,9.94E-01,4,0.40444802,-14.84680876,-40.84855655,42.47,4637.5947,323316,53.123845,54.66282622,8.644565102,15.09420264,0,0
102116,Fortaleza,Brasil,3333,0.8341,2279.6747,21125.7486,8.7745,73.6171,1.042391166,13.90380766,2792.968721,116.3872171,3.008514501,1,1.00E+00,3,0.999928056,-3.782997054,-38.58900257,40.79,43121.3541,3459235,65.20538067,66.57594883,7.445572082,10.72412266,1,1
102117,Juazeiro do Norte,Brasil,555,0.2782,45.6112,1712.6787,5.5711,86.9034,1.042227799,4.93622002,1075.658537,123.1100569,3.071953782,2,9.99E-01,2,0.990735817,-7.199999683,-39.33333203,53.19,5313.237,432617,53.66030127,58.00772772,9.371907197,16.16972062,0,0
102118,Sobral,Brasil,215,0.1013,5.2266,643.2036,3.5904,156.6426,1.052398956,1.92740011,443.9718647,134.4101852,3.084368869,3,1.00E+00,1,0.96759623,-3.699999885,-40.34999839,53.06,1725.031,190848,54.64396917,56.1405156,10.34473463,12.82702878,0,0
102119,Brasilia,Brasil,4278,0.4045,207.9672,4181.7305,6.092,76.5099,1.064441562,7.559230807,1621.602697,129.2061033,2.837079966,1,1.00E+00,2,0.981650358,-15.79211094,-47.89774766,21.72,52597.5822,3235485,73.90453552,75.13380251,6.703292435,11.73214527,1,1
102120,Cachoeiro de Itapemirim,Brasil,342,0.3895,6.3932,279.761,3.7972,106.2941,1.130459805,3.587085613,1075.402594,179.9344598,2.741348372,2,8.85E-01,4,0.999585156,-20.85000031,-41.09999843,25.11,2006.7192,199737,60.85233145,61.28901852,7.225277996,12.53358309,0,0
102121,Guarapari,Brasil,362,0.609,13.4887,346.3544,3.7671,82.3095,1.117941797,6.503741363,1989.55937,176.1891865,2.819716549,2,9.99E-01,4,0.950997495,-20.66666592,-40.49999989,29.5,2314.809,110746,62.20807116,63.19891652,8.121834267,12.70976878,0,0
102122,Linhares,Brasil,267,0.0762,4.8797,698.2393,2.7302,121.5421,1.090185483,1.06712574,462.8420599,242.6886962,3.02379349,3,1.00E+00,1,0.999006963,-19.41666592,-40.06666551,30.14,2449.3512,148634,59.57552199,59.53977124,6.071674369,12.92995776,0,0
102123,Vitoria,Brasil,1015,0.7038,672.1077,4391.156,7.6841,65.0453,1.071350779,21.86044271,3970.798584,106.3240932,2.944382918,4,9.99E-01,3,1,-20.319444,-40.337778,22.35,22075.235,1646576,72.33221402,70.80922891,6.57057747,11.21078497,0,0
102124,Anapolis,Brasil,403,0.2642,193.1277,4104.0279,6.9747,74.3991,1.04259536,7.10782798,1503.0597,126.6881864,3.116976962,4,5.89E-01,2,0.992260061,-16.33333394,-48.96666708,23.62,7178.1151,346413,65.45433849,66.47645266,4.749956078,11.2460108,0,0
102125,Goiania,Brasil,1997,0.5712,2020.1479,17582.2905,9.6799,68.099,1.041138059,18.77453939,3593.372986,115.1568338,3.201858844,1,1.00E+00,3,1,-16.678611,-49.253889,18.84,40168.0574,2064085,70.22056906,72.14888871,4.610837548,8.059823386,1,0
102126,Rio Verde,Brasil,365,0.0436,7.2584,1792.3725,4.6431,175.1468,1.094562175,0.695138842,269.6548946,220.0502747,3.317531737,3,1.00E+00,1,0.999810957,-17.7166671,-50.93333432,22.12,3393.259,180875,58.02963673,61.79610642,4.935689346,9.490106052,0,0
102127,Caxias,Brasil,277,0.0538,5.106,1214.8182,5.0495,104.1936,1.061907133,0.52267265,160.0176909,192.785193,3.056254136,3,9.52E-01,1,0.999673495,-4.833333377,-43.34999844,63.15,2164.8658,155815,41.19435722,45.13746356,13.02102474,18.41694414,0,0
102128,Imperatriz,Brasil,366,0.1335,35.7462,2220.8435,4.9413,143.4364,1.044298472,2.23955208,488.4423631,122.995063,3.029562094,3,9.61E-01,1,0.90357672,-5.533333232,-47.48333345,42.79,4411.1784,292457,59.80220908,64.55196185,7.77331052,13.31800447,0,0
102129,Sao Luis,Brasil,1371,0.9708,1245.4506,9225.0787,9.1956,63.0288,1.037210685,17.93151992,3203.192621,105.5341315,2.94263386,4,9.40E-01,3,1,-2.514996058,-44.30099657,40.77,19066.9083,1315122,73.808505,76.45208081,9.600977174,16.9523091,0,0
102130,Cuiaba,Brasil,957,0.2106,390.0853,10507.435,10.4679,71.3419,1.058099055,5.244552318,1099.139392,123.4609798,3.056854311,4,9.97E-01,2,0.991776315,-15.61500007,-56.09300368,22.31,16867.7949,807461,71.07844058,74.26508949,5.748394095,9.574822987,0,0
102131,Rondonopolis,Brasil,399,0.0959,41.6246,3235.6232,4.7081,95.0924,1.03658977,1.848597889,436.5684634,135.8330818,3.328672194,2,9.99E-01,1,0.985945204,-16.4666671,-54.63333497,21.06,5350.59,196392,63.84387401,67.43420464,5.707525869,12.56366417,0,0
102132,Campo Grande,Brasil,762,0.0941,315.2868,13635.7246,8.2625,79.5389,1.041482807,3.132194883,669.5441458,124.5307754,3.254802009,4,1.00E+00,2,0.805586089,-20.45099705,-54.61599566,18.62,18714.339,798759,73.08045934,72.97566845,5.582547312,9.111441459,1,0
102133,Dourados,Brasil,447,0.1094,36.8447,3176.3712,5.0918,95.3594,1.034780099,1.533381707,393.3265958,138.229875,3.393827525,2,9.99E-01,1,0.99466578,-22.21666713,-54.79999914,21.03,4741.0161,199015,64.12443026,65.69882209,4.379484517,9.051206284,0,0
102134,Araguari,Brasil,249,0.0912,17.7223,1897.651,4.4487,109.7824,1.078489421,1.381473845,386.6394357,161.2335839,3.227261584,3,9.46E-01,1,0.998660743,-18.63333309,-48.18333425,17.79,2548.9881,112812,64.72440165,65.27668452,4.257534626,9.34993421,0,0
102135,Barbacena,Brasil,285,0.3754,25.2545,1066.8204,5.793,95.8811,1.126476239,3.305553389,975.2217999,178.3389187,2.77734375,2,9.98E-01,4,0.998647973,-21.23333345,-43.76666626,29.82,1797.2955,129747,61.46852421,59.44437734,10.0789323,14.43758013,0,0
102136,Belo Horizonte,Brasil,4207,0.9162,3768.3857,27454.6072,9.5725,65.944,1.073186526,17.08701278,3835.276442,131.1478996,2.973520802,1,1.00E+00,3,1,-19.85200198,-43.90900169,21.26,63029.274,4836451,68.35022594,66.52586207,5.655475205,10.28211661,1,1
102137,Conselheiro Lafaiete,Brasil,209,0.5645,97.0446,1633.1522,6.9578,74.7667,1.078984266,8.631633812,1946.58307,134.4568147,2.892557652,2,9.97E-01,2,0.934352328,-20.66666592,-43.79999905,20.57,2199.9549,119707,67.00898273,63.84456597,7.203861644,12.33824213,0,0
102138,Divinopolis,Brasil,320,0.452,141.6152,2402.4102,7.0657,77.9887,1.061878343,9.736456773,2534.825354,141.1186184,3.17285785,2,9.89E-01,3,0.578071403,-20.144425,-44.888616,14.97,4173.312,218857,64.62097849,63.43114092,3.826221128,6.223124055,0,0
102139,Governador Valadares,Brasil,215,0.0918,29.9024,1879.8551,4.9526,103.5837,1.094465232,2.344531743,528.5263927,133.6627978,3.048876497,2,7.44E-01,1,0.933710994,-18.85000028,-41.93333427,32.22,3725.5415,270920,62.39359098,61.54041723,8.257999741,14.71428366,0,0
102140,Ipatinga,Brasil,495,0.2396,65.5853,1837.1044,5.5871,69.9799,1.133138199,4.65477593,1211.742294,154.3881785,2.902369499,2,9.99E-01,4,0.973085867,-19.49999995,-42.53333271,25.44,7374.1635,551633,65.50144968,63.51133862,7.959840668,14.87883252,0,0
102141,Itabira,Brasil,170,0.1356,15.255,926.111,4.8086,80.5361,1.16998179,2.016263601,649.7738262,192.0447205,2.891223314,3,8.89E-01,4,0.968111931,-19.61666666,-43.21666706,25.51,2065.228,112794,63.78769815,63.21912034,10.07259789,16.56900583,0,0
102142,Juiz de Fora,Brasil,496,0.3454,78.1681,1862.1888,5.9904,92.6914,1.157906569,4.705116454,1335.138846,167.4651819,2.712110482,2,9.99E-01,4,0.999979052,-21.74999986,-43.33333199,19.05,6028.1856,530404,71.25418638,69.2397407,6.775666297,11.08001915,1,0
102143,Montes Claros,Brasil,268,0.0751,59.8799,3918.4958,5.7801,121.3921,1.041484023,2.57421351,531.7608691,118.2185501,3.153012401,2,9.69E-01,1,0.810589358,-16.71666708,-43.86666485,34.73,5453.7196,371840,68.02588678,69.7759901,8.023602015,16.11708825,0,0
102144,Passos,Brasil,166,0.124,21.8445,1592.9893,4.7322,92.8348,1.059290135,2.23596784,542.8931883,141.0003601,3.211293826,3,7.34E-01,1,0.92961828,-20.71666715,-46.61666482,19.47,1835.3624,109205,57.70107516,58.06988618,4.401340463,8.525398839,0,0
102145,Patos de Minas,Brasil,257,0.0806,18.07,2072.8309,4.6544,129.8159,1.077091816,1.630548218,418.715354,151.2136221,3.133521226,3,9.97E-01,1,0.994507322,-18.58333385,-46.53333268,17.99,2780.3802,142514,60.08932579,63.32135165,4.970722382,10.44261492,0,0
102146,Pocos de Caldas,Brasil,202,0.3691,68.1259,1295.6627,4.5413,84.6601,1.102412782,6.611737817,1571.481093,140.8190103,2.961455071,2,1.00E+00,2,0.946189199,-21.7999991,-46.56666547,14.41,2877.389,156615,66.89576552,65.42728242,5.117130933,8.797029205,0,0
102147,Pouso Alegre,Brasil,230,0.4234,32.7662,834.5407,4.5156,101.2835,1.085916363,7.72434518,1937.016882,145.4101234,2.989328955,2,1.00E+00,2,0.979052282,-22.21666713,-45.93333434,15.92,2132.721,134197,67.37430871,68.19895681,4.258930009,9.388661119,0,0
102148,Sete Lagoas,Brasil,339,0.6305,298.3082,3379.9196,5.1835,68.7799,1.071321904,10.89812342,2629.812463,142.8594327,3.126352093,4,9.98E-01,3,0.897389714,-19.45000071,-44.23333353,22.67,4745.5932,220025,65.1769909,65.69315733,6.614553638,13.17136715,0,0
102149,Teofilo Otoni,Brasil,157,0.0484,3.3345,846.6199,6.6748,157.0174,1.177166485,0.701517453,260.8266069,221.2632013,2.763819095,3,1.00E+00,4,0.883480774,-17.85240045,-41.50020028,42.53,1277.2735,138440,54.60064567,55.76687868,8.235361012,14.99886135,0,0
102150,Uberaba,Brasil,503,0.1112,48.1966,3716.9136,4.9368,95.5535,1.077274754,2.129255297,642.1910091,178.1943629,3.204318937,2,9.97E-01,1,0.989968791,-19.74999993,-47.91666782,15.22,5865.7345,304105,68.95888315,68.69576368,4.187948254,8.341085541,1,0
102151,Uberlandia,Brasil,947,0.2301,229.0911,7725.0759,6.7641,83.6303,1.041048318,3.96901493,929.8516534,137.0884746,3.239946845,4,1.00E+00,2,0.988671379,-18.91666586,-48.29999908,14.52,12203.6102,620577,70.30717923,71.13239857,4.139924989,8.412925739,1,0
102152,Varginha,Brasil,126,0.3186,85.6083,1602.8911,5.3731,88.3969,1.091213795,9.402489036,2007.007887,126.3215139,3.093535749,2,1.00E+00,2,0.799513151,-21.54937127,-45.43381735,17.51,2111.9364,126456,68.64879888,67.2139055,5.464508328,10.73436193,0,0
102153,Belem,Brasil,1561,0.6154,1288.6249,14156.1376,8.5301,65.7175,1.039016669,9.115940605,1807.061679,114.7540002,2.847982683,4,5.41E-01,2,0.842841443,-1.439000952,-48.49800256,38.74,23088.2827,2117767,73.14610927,74.7555054,8.557769155,14.99571655,1,0
102154,Castanhal,Brasil,240,0.2332,49.9745,1913.9415,5.593,94.5386,1.026835886,4.008427274,889.8535304,130.7440609,3.18496732,2,1.00E+00,2,0.982840438,-1.299999948,-47.91666782,50.34,2687.592,174457,57.77995001,62.76743187,7.581338611,16.41423351,0,0
102155,Maraba,Brasil,427,0.0282,1.8049,741.5077,3.338,187.195,1.095224734,0.334309521,99.16137059,167.5062985,3.030536913,3,1.00E+00,1,0.998770011,-5.349999782,-49.11666481,48.36,3682.5334,235435,54.56015991,58.97829205,10.79303559,17.90858837,0,0
102156,Parauapebas,Brasil,453,0.0658,1.7411,565.9556,3.3855,114.7738,1.079900413,0.935504971,223.3838081,137.9679885,3.199515462,3,9.97E-01,1,0.998097057,-6.067018074,-49.89224971,37.14,2118.3186,155071,65.02742762,66.60431602,8.70655772,18.46815312,0,0
102157,Santarem,Brasil,617,0.027,2.9056,1619.8694,3.5872,126.5603,1.096220757,0.213635816,80.37719208,212.1708117,3.169205658,3,1.00E+00,1,0.999513502,-2.459997067,-54.61000168,56.5,4105.3329,296806,57.23512739,63.85524857,14.59791565,19.73089233,0,0
102158,Campina Grande,Brasil,391,0.2986,123.8369,2963.3813,4.4242,87.0952,1.036026986,6.705395085,1234.025999,112.4455903,2.998794939,2,9.99E-01,2,0.987531406,-7.216666551,-35.88333503,45.19,5471.5367,471572,57.79009464,60.32557368,11.24852642,20.10424748,0,0
102159,Joao Pessoa,Brasil,862,0.6818,835.5892,7038.8941,7.2717,69.3678,1.037643112,17.03139803,3179.551484,111.8876326,3.076903434,4,1.00E+00,3,0.999999997,-7.115,-34.863056,38.89,15007.6786,1049093,64.80429182,66.44698341,8.620268516,14.26679505,1,0
102160,Apucarana,Brasil,183,0.3278,39.5551,1047.665,6.2312,94.5349,1.070970338,5.576265814,1751.1089,179.1577305,3.092031425,2,9.99E-01,2,0.821334797,-23.54768832,-51.48157463,13.68,2108.0685,124212,61.96611692,58.87173627,3.763116475,5.6994603,0,0
102161,Arapongas,Brasil,226,0.2686,57.6457,1392.2374,5.8411,79.491,1.051731131,6.228621992,1621.401981,151.7253731,3.080647883,2,1.00E+00,2,0.993664439,-23.3833331,-51.45000073,13.6,3484.2646,166424,61.82473331,58.61861016,3.807590462,7.589340426,0,0
102162,Cascavel,Brasil,404,0.1923,125.1745,4259.5967,6.4167,82.8786,1.050405808,3.319077847,922.2002964,154.3231506,3.229431183,2,9.63E-01,2,0.962262188,-24.95000075,-53.46666711,14.81,6174.1704,293999,67.8907998,65.894257,4.008181358,7.660586321,0,0
102163,Curitiba,Brasil,3689,0.7725,2880.8929,24567.9173,7.9119,66.4869,1.073134331,10.36938393,2712.265097,146.6533487,2.905966885,1,1.00E+00,3,0.903404409,-25.43000402,-49.28499866,13.16,55997.5444,2935284,72.76578986,69.76823521,4.185727161,7.133344561,1,1
102164,Foz do Iguacu,Brasil,364,0.5893,368.7032,3732.6985,4.648,65.14,1.037176719,10.40236502,2332.708637,127.4489999,3.123741206,4,1.00E+00,3,0.699253663,-25.54999908,-54.58333195,25.5,6101.6228,263062,66.32380676,64.19716575,5.70221708,10.88626556,0,0
102165,Guarapuava,Brasil,338,0.1084,29.2851,2424.5961,5.3065,91.5854,1.104548795,1.511671287,458.207675,182.41628,3.170252926,2,9.87E-01,1,0.998024364,-25.38333313,-51.45000073,29.16,3764.8806,171885,56.25440178,54.33094836,6.472566876,11.56043184,0,0
102166,Londrina,Brasil,752,0.3075,162.8731,3470.9291,6.838,86.984,1.061958011,7.049338561,1690.064454,142.9212658,3.063036947,2,5.52E-01,2,0.99432468,-23.29999907,-51.15000141,14.69,11476.8736,669378,67.89892723,65.54365537,4.275272176,7.589695864,1,0
102167,Maringa,Brasil,476,0.3846,434.2391,5493.0762,8.6832,74.2262,1.031078873,11.51749862,2704.963065,133.3497206,3.205181939,4,1.00E+00,3,0.986714052,-23.41666589,-51.91666779,10.97,9782.99,521648,67.58642612,66.26267132,3.63009339,6.498979384,0,0
102168,Paranagua,Brasil,192,0.2323,57.1053,1763.193,5.1447,75.786,1.045174523,3.055925135,696.2941809,128.1722418,2.907479046,2,1.00E+00,2,0.876590854,-25.51666629,-48.49999992,25.85,2677.056,144294,68.8690383,65.35847053,6.954418985,14.96807761,0,0
102169,Ponta Grossa,Brasil,511,0.2471,155.201,4438.4421,7.8273,76.131,1.078175227,4.25533074,1183.499662,155.7241629,3.130900436,4,8.16E-01,2,0.952447292,-25.08333391,-50.15000139,22.56,7229.8835,320097,67.85817882,63.01129708,5.287201446,11.20522912,0,0
102170,Toledo,Brasil,402,0.3358,27.3963,1198.7773,4.8396,98.7568,1.082693352,4.964013533,2025.710652,230.2123681,2.999152423,2,9.85E-01,4,0.999971342,-24.73333346,-53.74999988,14.24,2735.8914,122562,63.77537514,60.03289868,4.19935017,9.056998963,0,0
102172,Caruaru,Brasil,331,0.3595,91.2846,2245.1979,4.5402,124.3789,1.045079298,8.94703773,1609.978779,105.9907712,3.014443137,2,9.98E-01,2,0.927091109,-8.283333725,-35.96666707,40.8,3743.0142,321686,53.77398134,56.56920977,6.967718577,10.84328658,0,0
102173,Garanhuns,Brasil,143,0.3118,31.6504,1035.4713,4.9731,121.3185,1.052142701,8.229846561,1707.815346,122.173522,3.162971985,2,7.76E-01,2,0.975442081,-8.899999451,-36.48333347,52.72,1401.6574,132192,53.81231847,55.67970991,15.16278689,20.47007026,0,0
102174,Petrolina,Brasil,531,0.048,8.5237,1673.3403,4.9338,258.5153,1.068019918,1.174796625,306.903435,156.4877308,3.062977768,3,1.00E+00,1,0.997884171,-9.399999512,-40.49999989,48.85,5635.3437,508862,56.04353301,61.51948817,9.640389366,18.00472378,0,0
102175,Recife,Brasil,2129,1.1299,3724.024,19975.8195,9.5262,63.1107,1.05000431,21.04552626,3731.510871,104.0108769,2.84800134,1,1.00E+00,3,1,-8.084996968,-34.9149956,41,35128.7129,3588741,69.48018964,68.03124052,10.93887709,18.28786785,1,1
102176,Vitoria de Santo Antao,Brasil,65,0.1744,20.5579,763.9393,3.6114,186.9476,1.089177311,7.815027182,1570.621806,117.9056233,2.903244496,3,1.00E+00,2,0.960697561,-8.116666724,-35.29999906,57.09,1002.872,132770,44.5053767,48.42883428,11.72893314,22.16413272,0,0
102177,Parnaiba,Brasil,179,0.411,63.9845,1278.2731,4.0576,75.007,1.029393513,9.441598177,1910.173597,114.4551293,3.223127753,2,1.00E+00,2,0.792724952,-2.909166491,-41.77472298,52.52,2179.8978,146854,53.27190588,56.98941012,9.521603766,17.08255154,0,0
102178,Teresina,Brasil,1194,0.3808,300.3263,6754.9542,7.5915,70.9725,1.033934379,7.210392254,1478.448287,118.7242872,3.225562985,4,1.00E+00,2,0.987782609,-5.104998015,-42.80200157,41.91,13941.2634,976798,63.84667865,67.38992026,8.185444491,14.16092158,1,1
102179,Angra dos Reis,Brasil,358,0.4338,5.1418,203.4503,3.3453,76.9478,1.15011147,3.921811325,904.5994092,128.9049846,2.467317487,2,9.94E-01,4,0.999945196,-22.99999985,-44.29999911,25.32,2085.4932,170402,63.95292525,64.29523916,6.349571765,12.79204622,0,0
102180,Araruama,Brasil,680,0.6517,175.756,2373.0955,7.6363,75.1737,1.049606432,10.83688754,2582.072324,142.748412,2.838851773,4,7.10E-01,3,0.906485199,-22.88333314,-42.33333198,33.59,7727.384,210192,61.88603474,63.37186403,9.222602478,16.81678609,0,0
102181,Cabo Frio,Brasil,427,0.4725,42.6063,662.7435,4.177,79.8784,1.0425315,11.77073284,2298.325569,116.8107138,2.801500735,2,1.00E+00,3,0.969345035,-22.88333314,-42.01666631,27.71,5810.1463,303404,66.94701843,67.58148804,7.403383087,14.88750988,0,0
102182,Campos dos Goytacazes,Brasil,585,0.1453,31.7761,1963.032,4.4657,109.0971,1.083688668,2.176263993,671.5830778,183.3019222,2.90785645,2,7.08E-01,1,0.930156472,-21.761967,-41.315938,38.08,6518.07,466169,59.34961035,62.63359512,7.685849246,16.21045508,0,0
102184,Macae,Brasil,258,0.212,36.5763,1339.8516,6.7403,85.0116,1.1165858,4.010832733,1009.547646,148.0938853,2.733551555,2,9.99E-01,4,0.927012256,-22.380389,-41.791002,20.32,3321.9048,207815,72.95227538,71.84021311,5.559057436,11.3366723,0,0
102187,Nova Friburgo,Brasil,295,0.316,2.8485,203.038,4.2603,98.5131,1.241789999,3.86611873,1651.489116,234.6844922,2.316786529,2,7.16E-01,4,1,-22.26666626,-42.53333271,16.67,1309.682,183039,60.25586234,61.9902102,4.034929212,5.572146481,0,0
102188,Petropolis,Brasil,456,0.5728,0.652,35.028,2.9651,90.193,1.274037723,4.514732173,1885.748518,229.8906743,2.304873773,2,9.98E-01,4,1,-22.4999999,-43.16666782,23.27,1481.8632,297473,62.45091615,60.60651029,5.568187196,9.250785543,0,0
102189,Resende,Brasil,411,0.2954,18.3014,711.7497,4.4396,79.1533,1.160668361,3.402507111,1120.54003,196.74448,2.81203671,2,7.61E-01,4,0.999998944,-22.4666671,-44.45000071,21.89,3577.0563,166012,70.91476705,68.9329641,6.634171969,13.04216446,0,0
102190,Rio de Janeiro,Brasil,5586,1.167,9518.401,37172.154,9.761,62.4849,1.059326076,28.01322595,5733.784172,119.2910305,2.813586493,1,1.00E+00,3,1,-22.72157103,-43.45518559,24.98,122569.6878,11798818,74.3077386,71.69988154,6.58185376,11.90727468,1,1
102191,Teresopolis,Brasil,420,0.5448,7.2217,350.6219,4.5696,115.4701,1.262323701,3.5038185,1695.028809,264.0759724,2.33553719,2,9.97E-01,4,1,-22.416239,-42.973407,25.69,1587.852,164607,56.01628759,58.07579566,5.596280507,9.799228506,0,0
102192,Volta Redonda,Brasil,734,0.5298,98.2259,1862.0076,5.6618,69.9519,1.147157525,5.897343851,1640.031051,163.7928088,2.689918731,2,9.92E-01,4,0.999528026,-22.53333269,-44.11666482,22.4,7308.071,556021,71.23028227,68.32957993,7.022729022,12.42971619,0,0
102193,Mossoro,Brasil,265,0.1262,38.3606,2244.1617,5.5631,108.7599,1.029805318,4.092742949,863.7289154,123.4046004,3.096025105,2,9.97E-01,2,0.981199764,-5.19138901,-37.34472264,36.6,3589.213,267739,59.05674542,63.80169649,10.00672422,15.59151703,0,0
102194,Natal,Brasil,875,0.591,315.0392,3159.0874,4.9122,75.7308,1.047494297,19.60685569,3670.767825,112.3888469,2.974388789,4,1.00E+00,3,1,-5.805999041,-35.21099672,35.33,14764.225,1265118,67.66566377,68.65387941,8.714397831,14.28946347,1,0
102195,Caxias do Sul,Brasil,633,0.385,87.7352,2390.1938,7.3836,77.6394,1.113882129,5.72134063,1642.801628,169.9545986,2.807344922,2,9.74E-01,4,0.90813923,-29.16666591,-51.1833343,9,6035.7816,448805,72.3943178,68.58348713,3.284265145,6.633321504,1,0
102196,Passo Fundo,Brasil,266,0.3395,124.4761,2672.5183,6.278,77.231,1.074561339,5.309450971,1588.791743,168.8499016,3.045174538,2,9.98E-01,2,0.911937546,-28.26666626,-52.4000014,15.44,3648.9614,190445,72.46552671,70.68760393,3.408444615,6.836251111,0,0
102197,Pelotas,Brasil,507,0.2116,64.968,2806.0008,6.0082,129.3599,1.087165523,2.805580533,1053.512565,215.0808503,2.972299169,2,9.67E-01,4,0.978780327,-31.76666627,-52.33333204,25.4,5546.4279,363292,63.65527426,63.7840943,6.961146791,11.68535077,0,0
102198,Porto Alegre,Brasil,3931,0.8175,2537.4691,19714.3597,10.2299,64.6152,1.054106095,13.03419917,2943.670891,130.1043948,2.886803682,1,1.00E+00,3,0.999828335,-30.04000196,-51.20800169,17.18,61893.2019,3690846,73.168929,70.92427904,4.751295338,8.54756273,1,1
102199,Rio Grande,Brasil,326,0.1203,7.4983,667.3735,4.1987,83.2922,1.042312601,1.683954928,569.6325974,191.9075976,3.190815519,3,9.43E-01,1,0.998561444,-32.03578109,-52.08834006,22.5,3044.9704,203224,67.2175637,65.03456054,7.365861281,13.28741048,0,0
102200,Santa Cruz do Sul,Brasil,356,0.4857,55.8715,1591.879,5.7502,83.0405,1.108225863,3.633462241,1265.715366,196.1851333,2.863595303,2,1.00E+00,4,0.9983115,-29.7166671,-52.4333343,13.41,2572.7408,121973,67.60207969,65.67006443,5.308210895,7.147073637,0,0
102201,Santa Maria,Brasil,354,0.198,67.12,2666.7808,6.3164,71.2976,1.069322418,5.191083637,1418.679792,148.4134098,2.503064799,2,9.99E-01,4,0.589069045,-29.698895,-53.822747,17.71,4499.1984,268966,74.94241322,73.44055557,6.025740643,10.27868341,0,0
102202,Uruguaiana,Brasil,400,0.07,5.887,1486.3416,3.8602,208.5903,1.095495954,0.316988673,223.3458146,394.2559368,3.056834194,3,1.00E+00,1,0.999993066,-29.74999989,-57.08333205,33.8,2263.68,129248,69.98020541,70.07657068,7.062618773,14.06636254,0,0
102203,Ji-Parana,Brasil,220,0.0319,10.7188,2488.3647,5.7036,84.3735,1.056492067,0.419445179,145.9170127,194.4846595,3.140832328,2,9.03E-01,1,0.999797765,-10.83333285,-61.9666671,28.65,2970.55,124154,56.87781406,59.43932763,5.764647311,11.25222736,0,0
102204,Porto Velho,Brasil,901,0.022,10.7444,5012.9265,6.1441,110.6568,1.080905545,0.26959731,131.1373195,277.0559409,2.987895503,4,9.83E-01,1,0.999708294,-8.762004021,-63.9060027,25.93,8775.0192,477310,63.84541662,69.17756174,5.239766646,10.59500409,0,0
102205,Boa Vista,Brasil,392,0.0689,57.2805,4750.6157,5.4751,100.5706,1.044316116,1.491034711,467.5154692,174.3234867,3.346287829,2,9.69E-01,1,0.999161843,2.817998991,-60.66399562,34.81,6857.452,290750,68.27809191,74.70711751,7.282725955,11.72630893,0,0
102206,Balneario Camboriu,Brasil,193,0.7465,128.4483,1418.5708,5.822,64.2205,1.057812623,12.60768147,2811.475747,127.6563016,2.807146353,2,9.95E-01,3,0.999347893,-26.98333347,-48.63333497,8.58,2341.1672,173259,73.25975536,73.1884648,3.783688784,6.127556194,0,0
102207,Blumenau,Brasil,1707,1.0171,184.8633,2441.6317,7.889,71.5472,1.105709518,6.087679901,1963.427887,165.8840243,2.3417903,4,9.97E-01,4,0.997775266,-26.93333235,-49.04999912,6.24,12707.2494,494396,68.05448076,62.73187295,2.846650813,4.316061419,1,0
102208,Brusque,Brasil,541,1.1815,36.9801,507.7145,4.8603,71.5817,1.090795121,6.130007135,1832.879636,161.4671447,2.302474591,2,9.22E-01,4,0.992286533,-27.10000029,-48.93333429,6.71,3335.0486,125976,61.7871877,56.58598918,2.466295721,3.644469185,0,0
102209,Chapeco,Brasil,400,0.6389,130.9977,2399.2796,5.8544,77.0302,1.097913716,12.23337277,3405.681047,152.6384309,2.813243973,2,9.97E-01,3,0.999982101,-27.10000029,-52.59999837,11.42,3418.48,186555,66.25835193,65.73437189,3.472681403,7.615440659,0,0
102210,Criciuma,Brasil,934,0.6561,39.699,686.7765,4.4381,81.2565,1.046601858,9.138153787,2424.163312,148.8968979,2.845956354,2,9.36E-01,2,0.708471038,-28.66666585,-49.38333501,10.55,8228.6334,336741,65.29886154,60.32434304,4.02771622,8.693207781,1,0
102211,Florianopolis,Brasil,1468,0.6481,246.9043,3578.8986,7.5179,66.7889,1.077205444,7.962474411,1959.664606,134.5212909,2.556739688,4,9.98E-01,2,0.811427319,-27.595378,-48.54805,8.83,15627.0068,865996,77.50719559,76.46489963,3.873707326,6.457658891,0,0
102212,Itajai,Brasil,685,0.9805,157.7112,1386.2537,5.8337,71.5361,1.041970907,12.96334957,3115.256896,135.1637871,2.808152645,2,7.18E-01,3,0.999955903,-26.918295,-48.6617443,13.05,7947.9865,313618,65.13200898,62.45502891,4.142245574,7.91219137,0,0
102213,Jaragua do Sul,Brasil,896,0.9309,91.53,1590.7565,5.3656,75.2759,1.096992262,5.13077825,1798.77357,188.3207062,2.378083248,2,7.44E-01,4,0.999773652,-26.48333352,-49.06666546,8.19,5537.9968,196802,68.60965213,63.44975973,3.796437561,5.883483131,0,0
102214,Joinville,Brasil,844,0.5589,686.2755,7878.1127,6.5222,67.4776,1.053053754,7.387134176,1893.207327,141.8932174,2.670031005,4,1.00E+00,2,0.954064942,-26.29999912,-48.83333204,9.6,13154.162,549000,76.29260111,69.68216635,3.973554202,7.301708838,1,0
102215,Lages,Brasil,163,0.0619,27.1794,2055.902,4.3277,75.7995,1.101975164,1.652518107,520.9554692,178.7096062,2.986449864,2,7.00E-01,1,0.990869663,-27.80212896,-50.32018145,24.53,3478.8601,159310,66.54018674,63.27456962,5.592121372,10.98234114,0,0
102216,Aracatuba,Brasil,279,0.239,96.7933,2825.5624,5.9704,82.4727,1.027671063,5.280162699,1100.306198,119.6632865,3.294279176,2,9.99E-01,2,0.990110273,-21.20131644,-50.41854393,15.54,3999.5208,186968,69.4509241,67.85985686,4.660530436,8.81574975,0,0
102217,Araraquara,Brasil,404,0.3587,118.9302,2392.768,5.3179,78.2378,1.042288246,7.747032845,1664.383068,125.1234384,3.167924528,2,9.99E-01,2,0.984538297,-21.78306989,-48.16687807,13.09,5598.632,250355,70.77456951,68.2152444,5.691704871,11.6980948,0,0
102218,Araras,Brasil,242,0.3754,64.3746,1438.9066,4.8085,82.3498,1.052191698,6.41281875,1316.979553,129.7129621,3.050234427,2,1.00E+00,2,0.994744003,-22.36666674,-47.38333497,13.57,2883.8656,122370,66.64008525,62.50505848,5.018159181,11.63940584,0,0
102219,Atibaia,Brasil,635,1.0818,82.9998,1201.3881,5.2578,79.0044,1.100252635,7.688031418,2427.317497,185.7606649,2.794733045,2,9.59E-01,4,0.857294924,-23.11666667,-46.54999913,19.12,4055.237,150653,60.20539128,61.33054391,4.330886005,8.668002995,0,0
102220,Santos,Brasil,1052,0.5451,394.5275,3396.9103,5.5158,63.541,1.035264277,14.39640361,2766.630855,109.9455008,3.095351344,4,1.00E+00,3,0.999973415,-23.95469701,-46.3094906,20.69,22413.386,1664462,72.11505905,70.25929118,7.529572509,13.38568362,0,0
102221,Barretos,Brasil,310,0.198,29.953,1932.7163,4.8524,84.757,1.076479322,2.824732305,1010.469371,204.8461292,3.278489117,2,9.68E-01,4,0.773591911,-20.5499991,-48.54999906,14,2426.029,115428,67.15753165,67.95470601,4.536229271,9.373680731,0,0
102222,Bauru,Brasil,261,0.3909,309.5481,3146.5811,5.505,66.8714,1.034867879,15.16932214,2863.549886,108.1150491,3.277915178,4,9.98E-01,3,0.999997352,-22.31666749,-49.06666546,14.6,6567.9345,354144,73.07858857,70.05285442,5.22848,8.512373593,0,0
102223,Birigui,Brasil,147,0.2769,61.583,1509.4156,3.7869,77.9661,1.018083979,6.732177445,1411.390831,118.7279378,3.314196242,2,1.00E+00,2,0.984191309,-21.29999914,-50.31666546,11.11,2166.2067,111955,66.69576193,64.18367692,3.70797405,4.883060218,0,0
102224,Botucatu,Brasil,252,0.17,28.8248,1459.7689,4.8654,90.8088,1.082283305,3.470015947,1074.661202,176.9965879,3.117535381,2,8.10E-01,2,0.505861373,-22.86666669,-48.43333433,17.2,2927.8872,131107,69.38839878,67.80945936,5.342712596,10.87642966,0,0
102225,Braganca Paulista,Brasil,457,0.8916,57.9564,970.952,4.7365,82.4349,1.086099054,7.834536636,2108.531453,159.8678124,2.876182468,2,9.98E-01,2,0.959007107,-22.95000072,-46.56666547,16.38,3059.4779,151099,65.51602058,65.6263854,4.943925554,9.160943709,0,0
102226,Campinas,Brasil,4018,1.1839,817.3556,4665.471,7.3221,67.0097,1.055720344,20.79399682,4322.64809,121.9514366,2.99202959,1,1.00E+00,3,1,-22.90007967,-47.08350276,14.25,59459.5694,2898268,69.39511408,66.60148213,5.330835246,9.696220586,1,0
102227,Catanduva,Brasil,183,0.6296,173.732,1891.1128,5.8672,68.4647,1.026132833,13.35409291,2450.139089,106.3371667,3.297747307,2,9.85E-01,3,0.998961189,-21.13333308,-48.96666708,10.49,2670.1164,116168,65.20660729,62.11053655,4.220236889,6.970053254,0,0
102228,Franca,Brasil,242,0.3996,403.41,4165.6195,6.8419,66.5673,1.030179962,14.65280678,2698.440377,107.0539304,3.198707256,4,1.00E+00,3,0.999977573,-20.53333265,-47.40000142,14,5864.8458,328096,69.88392601,67.31237044,4.254785459,7.333360153,0,0
102229,Guaratingueta,Brasil,338,0.2537,31.9968,915.1141,3.9824,81.3241,1.086296238,4.466529504,1042.539234,138.0486498,2.933565419,2,9.45E-01,2,0.933944423,-22.81666745,-45.2166671,22.55,4658.3836,256403,71.56797592,69.32446395,7.116844082,11.79020241,0,0
102231,Itapetininga,Brasil,247,0.138,15.3751,1084.1017,5.2132,165.3388,1.078920048,2.165266049,627.7268849,170.0662604,3.05067645,3,1.00E+00,1,0.972679236,-23.60000028,-48.0499991,24.34,2539.0859,148662,64.12905955,63.7961996,5.954237524,12.79820448,0,0
102233,Jau,Brasil,203,0.2961,74.8622,1844.1919,5.596,82.4918,1.038899822,6.096769108,1199.741074,118.216183,3.165912177,2,1.00E+00,2,0.992982755,-22.29999905,-48.54999906,10.57,2782.8052,134929,63.39553038,59.72322962,3.330640492,5.374550166,0,0
102234,Jundiai,Brasil,1447,1.9386,721.6985,4033.4472,8.3616,69.4125,1.088971495,18.283143,4243.457055,136.9056988,2.727795377,4,1.00E+00,3,1,-23.18333225,-46.86666479,12.78,13355.6653,613839,70.11231375,65.88634704,5.364286469,9.065598261,0,0
102235,Limeira,Brasil,469,0.674,367.7076,4013.9752,6.4923,75.7359,1.051700001,11.26249753,2318.846705,121.3371463,3.053557154,4,1.00E+00,3,0.88163536,-22.56659027,-47.40077624,16.24,6374.0852,304836,65.62396287,61.24254966,4.517543783,9.296821019,0,0
102236,Marilia,Brasil,154,0.1316,110.4455,3104.4375,7.1717,72.6046,1.068437219,6.069441986,1445.855988,139.7273514,3.103874586,2,9.83E-01,2,0.994205756,-22.21503758,-49.92153457,15.81,4163.5748,223177,71.68075058,68.31101874,5.957295148,11.16349145,0,0
102237,Mogi Guacu,Brasil,558,0.4031,84.7241,1905.4075,4.9425,83.4021,1.043918191,5.317034326,1258.868402,143.3360974,3.050130939,2,1.00E+00,2,0.991412836,-22.36666674,-46.9500007,15.16,6154.8516,240732,64.45109842,61.68850837,5.640524793,11.98261341,0,0
102238,Ourinhos,Brasil,121,0.4084,152.6392,1791.3975,4.1463,70.8861,1.059393463,11.63750134,2418.293564,122.9210019,3.17032818,2,9.99E-01,3,0.94689069,-22.98333351,-49.86666485,18.06,2524.2294,106093,66.56226203,63.61914701,5.19417497,12.45445324,0,0
102240,Piracicaba,Brasil,467,0.3388,209.5612,3931.8855,7.9195,76.2888,1.068411611,7.287984052,1657.603781,132.3769563,2.933496912,4,9.62E-01,2,0.987726742,-22.71666708,-47.63333495,14.32,7346.7039,375390,68.1920697,65.49095233,4.844799956,10.03432714,0,0
102241,Presidente Prudente,Brasil,314,0.345,113.0457,2170.3033,5.1552,84.9262,1.049977444,10.71868723,2020.041788,111.0926966,3.122724714,2,1.00E+00,3,0.568132328,-22.11666665,-51.36666482,14.79,4740.3952,237982,71.3109403,69.76614344,5.844631617,10.39437409,0,0
102242,Ribeirao Preto,Brasil,438,0.6727,1149.6117,6570.1414,6.2338,63.9203,1.041561818,25.91432904,4760.6713,106.5262985,3.033347185,4,9.99E-01,3,1,-21.16666588,-47.79999912,11.32,11392.4676,622626,72.73589125,71.01711423,4.246774256,7.004882518,0,0
102243,Rio Claro,Brasil,268,0.449,189.7582,2580.0544,5.012,76.2825,1.038267646,9.134893193,1784.178333,113.3677679,3.202814991,2,9.90E-01,2,0.900934388,-22.39999953,-47.54999914,12.07,4390.0276,214056,71.15000486,65.79352887,5.420270272,9.435590437,0,0
102245,Sao Carlos,Brasil,400,0.3516,124.5377,2888.4743,5.4998,89.2325,1.047287054,5.991977195,1331.617816,131.3188994,3.10109655,2,9.99E-01,2,0.994948466,-22.01666628,-47.90000138,10.88,4905.08,228537,74.48450934,70.08013368,5.199619568,11.32977926,0,0
102246,Sao Jose do Rio Preto,Brasil,748,0.7608,418.8753,4054.7635,5.2655,71.7944,1.040576418,18.15434334,3540.970863,114.5827977,3.164552374,4,1.00E+00,3,1,-20.812949,-49.382358,11.46,10157.2416,499006,69.10555103,67.37161247,3.730317181,6.513539734,0,0
102247,Sao Jose dos Campos,Brasil,1121,0.58,155.9608,2077.0731,4.7208,71.7134,1.08199099,9.560118828,2181.298138,134.6084015,2.831975881,4,9.34E-01,2,0.649371067,-23.226409,-45.891854,16.89,14513.1386,953363,73.66317437,70.72832002,6.724427591,11.11030407,0,0
102248,Sao Paulo,Brasil,5160,0.9149,41125.5507,125647.3959,12.0105,62.7077,1.071662463,35.74948798,6742.708294,112.4557789,2.874320526,1,1.00E+00,3,1,-23.580999,-46.62299658,21.17,184608.288,19987817,71.15359686,68.95890713,6.710794373,10.81233961,1,1
102249,Sertaozinho,Brasil,169,0.4195,81.3946,1464.3732,4.6979,68.7975,1.037477288,8.893899667,2008.312994,131.7243356,3.207361327,2,1.00E+00,2,0.922003487,-21.13333308,-47.98333351,13.57,2239.0134,113341,61.22744158,60.05716164,4.878889802,9.949541078,0,0
102250,Sorocaba,Brasil,1074,1.2077,955.8543,6336.9741,8.0384,66.8035,1.06288925,19.20161323,4183.499901,126.7541473,2.853585417,4,9.98E-01,3,1,-23.48333346,-47.45000066,15.09,13414.1526,744181,71.24859293,68.16925296,6.717317742,12.77971949,1,0
102251,Tatui,Brasil,225,0.4298,42.4658,1034.3842,5.002,89.9862,1.061899658,5.084676871,1377.003112,160.5670483,3.072399728,2,1.00E+00,2,0.971949999,-23.3500003,-47.84999836,19.37,2149.29,110511,62.27696767,60.21250031,4.636141383,10.29568909,0,0
102252,Taubate,Brasil,630,0.4075,84.7514,1551.9641,4.2633,69.2909,1.062561304,7.152786692,1606.382828,132.6030344,2.906689325,2,9.99E-01,2,0.98912398,-23.03333275,-45.54999911,18.15,8442.189,480513,73.50493828,70.2590525,6.571369924,13.32605941,0,0
102253,Aracaju,Brasil,827,0.9553,223.377,2026.6288,4.0678,71.7057,1.063059915,18.78848213,3441.985048,110.6067887,2.921417399,4,9.69E-01,3,1,-10.91099699,-37.06000157,38.24,9542.0087,856846,69.11829716,70.45630858,9.3965666,16.90157632,0,0
102254,Araguaina,Brasil,328,0.082,19.4899,2195.9651,4.8648,80.8319,1.05396733,1.514963388,422.0063603,157.6162998,3.246778839,2,6.90E-01,1,0.99676069,-7.198507049,-48.19642054,32.58,3550.4032,154362,63.71510665,69.32839748,6.302400421,11.47488332,0,0
102255,Palmas,Brasil,315,0.1419,31.1385,1108.3604,4.745,90.2329,1.079999788,4.545097691,1142.751937,148.6406478,2.963480963,2,8.14E-01,2,0.944250551,-10.249091,-48.324286,23.52,6234.48,234217,75.80880006,80.38491873,5.432047545,10.46499941,0,0
102256,Tubarao,Brasil,335,0.6444,73.6138,1183.9701,5.8097,71.1842,1.079795524,7.526462335,2115.528418,156.6557115,2.699388846,2,9.99E-01,2,0.9010547,-28.47608461,-49.02190718,9.88,3232.2475,131679,69.06155619,64.53965683,3.80743942,5.613195844,0,0
102257,Bento Goncalves,Brasil,458,0.5874,23.9977,580.7868,3.8673,84.5407,1.186597484,4.869544295,1916.893993,222.1479475,2.787822497,2,1.00E+00,4,1,-29.167888,-51.53896091,5.6,3221.801,168119,67.82980947,65.91848259,3.221726998,6.299588789,0,0
102258,Caraguatatuba,Brasil,391,0.442,79.6197,1452.8969,5.8752,64.6305,1.076832405,7.27713085,1541.806321,111.8768411,2.76390561,2,9.99E-01,2,0.950439696,-23.62291527,-45.40402603,21.41,4848.0481,179969,65.14602674,66.68838949,5.774715932,10.39855155,0,0
102259,Parobe,Brasil,394,0.444,25.0805,660.9301,4.6915,72.5134,1.100586663,4.562463414,1571.600482,196.4977086,2.773599535,2,9.99E-01,4,0.997065813,-29.62516513,-50.83155417,15.15,3367.518,166567,58.39204408,56.18924741,3.772403432,5.886712127,0,0
102260,Rio das Ostras,Brasil,173,0.2508,48.601,1070.6565,4.5109,72.525,1.082356498,7.472162489,1872.738288,145.5653224,2.871361955,2,1.00E+00,2,0.977033797,-22.52482134,-41.94846881,20.04,3130.6426,141765,69.82758485,72.24586269,5.700737661,13.67404175,0,0
103101,Arica,Chile,287,0.0598,9.8919,1749.0219,4.9524,100.1117,1.079796101,1.131474059,262.7027463,125.6447122,3.014373038,3,8.82E-01,1,0.995567918,-18.48333348,-70.33333581,8.86,2712.4083,215348,87.99968321,84.43829552,17.56124165,18.3043703,0,0
103102,Iquique,Chile,140,0.0489,7.6162,864.6264,2.9482,113.8007,1.074274966,1.622316379,378.2512188,137.7903756,3.103786541,3,9.99E-01,1,0.991165384,-20.22100207,-70.14899669,6.58,2522.072,272419,91.04081019,88.34115676,14.28062932,13.5666299,0,0
103103,Antofagasta,Chile,262,0.0085,2.3645,2045.4179,4.5407,159.1956,1.110787612,0.246399905,92.84334904,184.9737847,3.024769249,3,1.00E+00,1,0.9974909,-23.64100205,-70.39899865,5.12,3550.0476,348840,91.50823681,88.39326242,10.2056527,10.90371668,0,0
103104,Calama,Chile,196,0.0126,2.3223,1341.8669,3.6005,139.2676,1.093851185,0.371418193,136.4857962,217.4420924,2.970775288,3,1.00E+00,1,0.998847771,-22.4666671,-68.93333432,4.97,2699.8216,162687,90.27658523,85.2856444,9.908088235,11.66503548,0,0
103105,Copiapo,Chile,259,0.0146,2.3087,1569.7839,5.9281,211.6383,1.129454209,0.221958876,121.457538,323.0502811,2.882439848,3,1.00E+00,1,0.996943403,-27.36000006,-70.33200259,4.62,2616.1072,155871,85.0301416,83.25824775,13.85940257,15.58669002,0,0
103106,La Serena-Coquimbo,Chile,693,0.2084,20.362,1121.2145,3.7861,86.4973,1.087437851,3.652063883,744.768129,118.9177365,2.864868575,3,8.73E-01,2,0.832571749,-29.90777769,-71.25416554,9.24,6039.4257,401009,85.07161089,83.51393915,17.59215314,16.62905162,0,0
103107,Valparaiso-Vina del Mar,Chile,420,0.3685,142.8782,1809.0051,5.0801,65.4765,1.089076502,16.15895761,2751.780093,96.22295269,2.681151126,2,9.98E-01,3,0.999999867,-33.04777901,-71.60111233,10.82,9001.524,925276,90.22920579,87.44223511,14.53660546,14.51486893,0,1
103108,Quillota,Chile,240,0.547,45.0394,808.9311,4.8067,75.8343,1.063438431,8.452713274,1671.361989,116.7911764,2.767034393,2,1.00E+00,2,0.928677899,-32.88333499,-71.26667014,14.12,2442.696,158287,80.25612822,78.88975393,14.09105529,15.3405437,0,0
103109,San Antonio,Chile,289,0.3896,9.2127,305.744,3.4396,81.8317,1.077411995,5.739610675,1431.944501,150.2857298,2.859052712,2,9.57E-01,2,0.954677047,-33.59333413,-71.62166594,7.71,2235.3283,122705,81.15909883,79.73927373,21.21058904,21.17203665,0,0
103110,Santiago,Chile,1054,0.4353,15324.0091,56153.1707,7.122,63.4101,1.052419697,42.08666132,5953.925324,82.8669388,2.945620519,1,1.00E+00,3,1,-33.47502305,-70.64751555,6.82,66078.1058,6213766,88.11663808,84.60307409,12.75542339,11.77235398,1,1
103111,Rancagua,Chile,892,0.2493,30.5724,1788.6072,4.2403,87.8278,1.097306494,2.507746712,482.9991166,111.8583721,2.740724303,2,7.88E-01,1,0.770254277,-34.16666778,-70.74999986,12.15,6115.8196,313734,83.15815394,81.27028951,11.86735511,13.4608514,0,0
103112,Talca,Chile,540,1.1376,247.9689,2726.1283,5.8558,72.8071,1.058822228,16.35119233,2688.139624,96.10500602,2.869968706,4,9.96E-01,3,0.999999595,-35.42300104,-71.6599977,13.99,4317.84,258586,81.20552677,80.39043318,16.0857202,15.81125558,0,0
103113,Curico,Chile,395,0.2963,21.8777,1083.0524,3.2114,81.9089,1.087238522,3.017826185,626.9179062,118.0462212,2.754143646,2,6.88E-01,2,0.492249364,-34.98333351,-71.2333297,15.42,2692.794,136839,77.12183797,76.3104587,12.5882647,11.68114108,0,0
103114,Concepcion,Chile,568,0.2792,177.5667,2955.3639,5.7665,64.7158,1.100667872,10.63572849,1916.380857,104.2684256,2.770027855,2,9.40E-01,3,0.821482164,-36.82600195,-73.05499764,13.4,12224.6096,994590,85.69964828,81.56415521,15.17486003,14.4312614,1,0
103115,Chillan,Chile,557,0.7554,95.5931,2027.59,4.3383,77.8001,1.060750597,7.477231827,1538.372644,115.8358678,2.722377622,2,9.98E-01,2,0.957802165,-36.612622,-72.106459,16.26,3476.4041,203974,81.38693591,79.99158131,15.62798055,14.51229183,0,0
103116,Los Angeles,Chile,1117,0.6383,16.4112,932.0212,3.5622,113.226,1.066584125,2.736837982,813.4653251,168.1707414,2.735855263,4,9.03E-01,4,0.631823721,-37.46204968,-72.35262433,19.58,3081.4679,186616,75.09458174,73.4494961,12.15390235,13.12303155,0,0
103117,Temuco,Chile,634,0.6831,91.5323,1994.7149,4.0118,74.1904,1.075697693,9.482285402,1943.898976,118.5685535,2.869458593,2,9.98E-01,2,0.75033489,-38.728998,-72.57599956,16.55,4259.1486,351759,83.6518671,79.58169761,16.07058924,13.90466953,0,0
103118,Valdivia,Chile,269,0.2784,18.1671,932.433,4.4155,70.0802,1.125126711,4.390523367,950.9064008,123.7994704,2.79541109,2,5.55E-01,4,0.907981015,-39.819586,-73.24521,9.93,1882.2468,158807,83.91774949,79.45567946,14.18855681,13.94889904,0,0
103119,Osorno,Chile,450,0.4712,44.4871,1740.8861,5.4372,94.8936,1.075278266,4.607272316,1054.335606,134.7510472,2.855905067,2,1.00E+00,2,0.950513791,-40.56666548,-73.15000137,15.8,2440.26,156253,79.08584793,73.63354177,14.42665102,13.73772968,0,0
103120,Puerto Montt,Chile,576,0.3439,31.0101,1334.9909,3.746,72.959,1.087442413,4.133509992,941.8496198,132.2342645,2.760877132,2,9.91E-01,2,0.774078855,-41.47499693,-72.9520016,11.98,3890.3616,222276,80.81350259,75.45387659,11.10511682,10.90714733,0,0
103121,Punta Arenas,Chile,186,0.0105,2.114,1463.603,3.6931,101.0942,1.090509007,0.226577692,64.89546102,166.3953359,2.987715517,3,9.77E-01,1,0.998328717,-53.16616806,-70.93465171,4.42,2565.9072,126849,87.3097615,82.48849212,9.321799945,10.54448721,0,0
104101,Apartado,Colombia,43,0.0783,3.4725,367.7264,3.1913,116.9186,1.083376661,3.040933478,445.8102714,85.44227734,2.962525667,3,9.99E-01,1,0.923892252,7.900000107,-76.65000138,0,518.8509,153319,71.31782946,67.68701707,4.532843737,4.417694854,0,0
104102,Medellin,Colombia,543,0.5699,1542.3277,10391.5472,7.5022,66.4517,1.141507644,21.32852425,4264.106849,115.2401881,2.858787537,4,9.62E-01,3,1,6.240996044,-75.59199866,0,14141.6748,3498683,81.60176007,80.21689888,6.011238293,5.290007313,1,1
104103,Barranquilla,Colombia,349,0.7059,1708.6777,7553.6585,4.0317,64.6677,1.025662496,36.24051699,5473.541203,86.27767131,3.172308156,4,9.91E-01,3,1,10.963889,-74.796389,0,11184.4728,1898007,83.1146122,81.05303391,12.15697862,10.69770933,1,0
104104,Cartagena,Colombia,301,0.3603,265.5649,3286.2795,5.783,242.2291,1.050187174,14.01156051,2252.164075,93.23566572,2.884019886,4,1.00E+00,3,0.999308529,10.41399896,-75.53400259,0,6750.527,1011830,83.3458102,81.53124614,10.79997651,10.16112508,1,0
104105,Tunja,Colombia,46,0.1193,1.9526,116.3285,3.1275,122.9436,1.089282788,6.463122678,1343.267187,121.9503276,2.910356537,3,1.00E+00,2,0.972943929,5.546996963,-73.36199664,0,647.4592,195143,87.63455871,84.52566096,8.154102836,9.171405672,0,0
104106,Manizales,Colombia,128,0.1427,13.4633,699.2786,4.8246,97.1059,1.27222144,5.473375827,1170.713081,125.7711293,2.92503044,3,9.46E-01,4,1,5.068889,-75.5175,0,1727.1936,439610,81.50328277,80.65146688,7.223834821,7.367109075,0,0
104107,Florencia,Colombia,112,0.0472,3.2418,768.0702,3.8357,185.0827,1.152320226,0.379390356,90.21700082,136.8526377,2.916820702,3,1.00E+00,1,0.879195641,1.60599601,-75.61500271,34,1002.2432,157494,68.77291263,68.96209706,9.313193691,8.791208791,0,0
104108,Yopal,Colombia,191,0.0769,4.7226,788.8295,2.9607,162.403,1.12799368,1.219931046,383.3319892,180.189941,3.070479492,3,1.00E+00,1,0.992165469,5.349999932,-72.38333121,0,1486.6294,123368,77.54384274,76.11861898,7.753082132,7.60143811,0,0
104109,Popayan,Colombia,170,0.352,38.9243,954.2424,4.251,78.6953,1.118387729,5.552003182,1068.536629,112.4834592,3.003252033,2,1.00E+00,2,0.619919713,2.420001028,-76.60400372,31.4,1969.739,265839,81.48194992,77.69209136,11.92700209,12.04281654,0,0
104110,Valledupar,Colombia,211,0.05,15.7304,2271.5563,4.6306,116.7267,1.052409441,1.310833558,283.7315798,121.7101258,3.279589472,3,9.48E-01,1,0.995952168,10.4833,-73.25,35.5,2923.4683,403444,78.22779935,77.37991382,9.875335064,8.820519381,0,0
104111,Quibdo,Colombia,76,0.0211,1.7317,709.8233,4.3536,370.1319,1.075058714,0.116658317,25.37788418,118.5818851,2.585690516,3,1.00E+00,1,0.928657145,5.699999754,-76.63333116,49.2,878.8488,114524,71.60618679,69.09525231,13.48609794,8.96348211,0,0
104112,Monteria,Colombia,258,0.0833,11.878,1522.7614,4.1865,117.5562,1.067156415,1.520555585,347.8095513,130.2404888,3.164830991,3,9.96E-01,1,0.99252402,8.748056,-75.881389,31,2416.041,409542,78.87252177,76.77621203,6.280949704,7.049184761,0,0
104113,Bogota,Colombia,1728,0.5665,3456.4248,25413.8532,6.2521,65.4451,1.066487235,21.19131231,3306.944857,91.15625116,2.898188161,1,1.00E+00,3,1,4.630220967,-74.08051163,0,41486.1696,8546797,87.03828184,85.12493664,6.608494685,6.345364024,1,0
104114,Neiva,Colombia,212,0.1035,30.5667,2073.6957,6.3797,103.2299,1.054238548,3.152132336,452.4669655,83.35714738,3.282299457,2,9.87E-01,1,0.952584149,2.928995997,-75.28400064,0,3017.8836,360268,78.7453989,78.3970488,9.428987618,6.132461161,0,0
104115,Riohacha,Colombia,135,0.0439,5.4001,1060.4336,3.1857,162.7007,1.036164563,0.857766865,205.1083613,132.4451121,3.279125384,3,1.00E+00,1,0.997436527,11.55200394,-72.89800164,45.5,1567.7145,213091,80.00320847,78.80877075,9.448468417,9.396682746,0,0
104116,Santa Marta,Colombia,298,0.0687,11.7568,1159.9342,3.8258,89.5415,1.097076559,1.645980769,315.5962908,108.3386419,3.05330772,3,9.68E-01,1,0.996392823,11.25000007,-74.18099661,0,4397.3178,578682,78.8076412,79.00104075,12.03329628,10.51873411,0,0
104117,Villavicencio,Colombia,564,0.4297,26.7392,978.3313,3.5668,92.5683,1.064004967,4.011460177,738.2844707,106.6363877,2.884197259,2,9.98E-01,2,0.931036044,4.149998972,-73.6399976,19.8,3587.6604,431521,78.73335087,78.29810149,7.171488529,6.330035177,0,0
104118,Pasto,Colombia,131,0.1093,18.5459,1251.6818,4.7682,85.6006,1.12920471,3.383602638,594.9694556,103.3215749,2.943820225,3,8.76E-01,4,0.826692331,1.213611,-77.281111,23,1775.967,411697,80.77271231,75.89394388,10.0075709,9.342010864,0,0
104119,Cucuta,Colombia,349,0.2581,152.2782,2988.3182,5.7438,76.2035,1.090589598,6.973410694,1681.665019,133.9226481,3.053486918,2,9.96E-01,2,0.983429132,7.891002001,-72.50300058,0,6890.9352,768841,71.00865578,70.83417022,4.232816936,3.405624157,0,0
104120,Armenia,Colombia,240,0.7134,69.6579,1108.8109,6.065,70.4033,1.097033888,12.10537034,1866.792538,89.231325,2.807509881,2,9.99E-01,3,0.967070965,4.530995972,-75.69800071,0,2113.464,364538,75.49170536,76.13929493,9.232176697,8.574660634,0,0
104121,Pereira,Colombia,483,0.3951,49.4,1675.637,7.1907,74.7879,1.205512034,5.011485728,1238.174835,141.5748633,2.887934505,2,9.96E-01,4,0.999999921,4.813333,-75.696111,0,3604.2426,717354,75.95013682,74.29412931,5.163405922,4.69199964,1,0
104122,Barrancabermeja,Colombia,253,0.2044,23.5927,1214.916,4.2298,82.7828,1.094416228,1.766244079,448.7925023,144.0740714,2.930943396,3,5.55E-01,1,0.983954522,7.050000223,-73.86666861,0,2403.0952,191498,78.31888259,74.11394959,12.92950198,9.801516015,0,0
104123,Bucaramanga,Colombia,494,0.4015,110.6311,2366.534,6.2084,77.1284,1.231150399,7.74818278,2089.20616,153.9850004,2.790433557,2,9.98E-01,4,0.999999982,7.125278,-73.119722,0,5751.889,1074918,79.92458103,79.02728208,6.515279232,5.605998746,1,0
104124,Sincelejo,Colombia,75,0.2673,91.7758,1499.6104,4.8163,71.6308,1.049763798,13.89746369,2190.756293,90.41088617,3.03295731,2,1.00E+00,3,0.998514455,9.306999005,-75.39200057,32.4,1716.93,256255,73.44278707,72.4786797,10.22046697,9.47040977,0,0
104125,Ibague,Colombia,233,0.1693,32.0864,1503.7798,4.9658,88.5637,1.185139118,5.813890641,1112.821379,126.7969396,2.645108696,2,9.38E-01,4,0.999996575,4.440996029,-75.24399562,17.3,2936.8718,526527,80.96694623,80.97586676,8.147147061,8.40483545,0,0
104126,Buenaventura,Colombia,215,0.0316,2.2883,969.6271,4.9579,133.5332,1.143081644,0.202666154,59.1681066,155.429916,2.643363728,3,1.00E+00,4,0.575274723,3.88333317,-77.06666553,0,1606.6735,362764,70.52555502,68.18924324,10.52537559,9.012909951,0,0
104127,Cali,Colombia,818,0.503,843.2658,9347.5104,6.0494,70.3641,1.068930197,14.26244211,2377.743772,97.94075564,3.119293425,4,1.00E+00,3,0.999643613,3.456999081,-76.52199564,0,14670.6664,2532281,83.3787471,79.68185281,6.848501867,6.082346919,1,0
104128,Cartago,Colombia,60,0.246,22.6662,656.3637,4.5997,69.7236,1.056261732,3.106445256,705.4607574,128.7552239,3.06370876,3,5.87E-01,2,0.887154072,4.733171178,-75.91626969,0,842.22,128544,70.81297849,69.62891763,7.571292184,6.48826054,0,0
104129,Palmira,Colombia,479,0.4755,22.5606,867.6149,3.4606,97.3564,1.09107555,3.927971711,996.3412826,148.5297509,3.055854643,2,9.99E-01,2,0.892686514,3.533333347,-76.2833327,0,2619.2678,294570,79.97669484,77.44375009,6.099017176,6.158220025,0,0
104130,Tulua,Colombia,90,0.1007,12.2811,898.9425,4.0963,95.6792,1.188862749,2.846900256,618.6733697,125.7440199,3.190424766,3,9.85E-01,4,0.995594938,4.089525,-76.19611,0,1221.03,199264,73.54559748,73.06747947,7.523384455,5.958391365,0,0
104131,Duitama,Colombia,141,0.228,8.9123,488.0915,3.514,81.1055,1.158627067,4.032570028,1043.525964,144.4991748,2.684132182,3,9.12E-01,4,0.999938123,5.833333544,-73.03333267,0,1129.0434,139736,84.79308166,81.52671264,5.808062532,3.492133107,0,0
104132,Girardot,Colombia,277,0.7801,11.6727,293.0015,3.3583,81.2694,1.077913704,8.082982003,1448.414372,102.8641603,2.880080137,2,9.98E-01,2,0.951023566,4.300000149,-74.81666551,0,1414.6113,139155,77.85226206,74.6233325,5.715025523,3.87168828,0,0
104133,Fusagasuga,Colombia,176,0.901,32.944,584.2883,4.0222,78.1291,1.075331709,6.46837326,1352.293786,120.7114853,2.877444589,2,9.98E-01,2,0.982284118,4.342222252,-74.36166369,0,1101.4256,121535,76.84940078,76.75654084,5.66416956,5.248812398,0,0
104134,Buga,Colombia,106,0.1272,6.9915,629.101,3.5824,116.9436,1.047766227,1.936023015,311.8421597,91.88039879,3.171206226,3,9.99E-01,1,0.997034118,3.900000142,-76.30000302,0,926.1008,116101,79.62578792,78.42594424,6.735900172,5.973931933,0,0
104135,Sogamoso,Colombia,161,0.6125,25.7836,469.4545,4.027,73.145,1.15403065,7.150776318,1780.168923,141.0628763,2.864610111,2,9.99E-01,4,0.989126722,5.716666727,-72.93333429,0,1443.6065,131355,84.10785539,79.47068612,8.667000931,8.874801902,0,0
105101,Chimbote,Peru,126,0.068,21.1708,1209.5544,4.746,101.8275,1.033207354,3.502806554,564.325948,136.0109317,3.154772019,3,9.35E-01,2,0.857154042,-8.930097026,-78.45314361,21.05,3243.6936,364471,65.39274578,61.18901104,5.472648527,4.222969262,0,0
105102,Huaraz,Peru,102,0.1328,8.6925,624.4821,4.2534,82.7493,1.379159135,1.967395651,574.9292219,200.1302995,2.961733258,3,9.65E-01,4,1,-9.533333721,-77.53333269,15.79,1069.2048,128041,63.80948893,54.93601463,6.970147705,6.074900765,0,0
105103,Arequipa,Peru,370,0.1209,216.957,7040.5389,8.8506,73.3826,1.075882711,7.539656473,1185.795743,127.4543271,3.03980516,4,1.00E+00,2,0.992869466,-16.39800007,-71.52299957,17.91,9430.19,869967,73.05743581,68.39492527,6.186176393,5.782432367,0,0
105104,Ayacucho,Peru,81,0.2588,76.2951,1381.4948,4.2411,91.0826,1.156810186,15.37857116,2685.016795,100.0629669,3.088310737,2,1.00E+00,3,0.999999914,-13.17300306,-74.22100163,45.08,1728.54,187591,63.30465656,55.323324,5.042478183,4.75192455,0,0
105105,Cajamarca,Peru,255,0.3583,30.3387,1014.398,4.3368,91.8117,1.264160896,3.523378682,1296.872526,423.5298463,3.044874008,2,9.95E-01,4,1,-7.162001931,-78.5109957,31.31,2128.689,261147,57.55494114,46.62155347,5.510320015,4.334472168,0,0
105106,Cusco,Peru,91,0.2758,291.8953,2912.281,5.8759,68.7531,1.147425022,14.68189109,3045.423886,119.8133473,2.876902035,4,9.93E-01,3,0.999999932,-13.52600105,-71.98700367,23.97,3307.3222,400582,71.63505907,66.285281,3.670273248,3.763090427,0,0
105107,Huanuco,Peru,45,0.0504,11.6844,918.8031,5.306,96.81,1.217190138,2.509636881,570.2112438,94.63441888,2.935447339,3,9.53E-01,4,0.999936695,-9.925001995,-76.23099858,37.67,1135.17,207545,57.10147269,51.85136925,5.740201719,5.939086294,0,0
105108,Chincha Alta,Peru,146,0.1367,20.7546,1048.0982,4.6401,100.9138,1.045727983,2.938490905,718.461563,316.8788658,2.966892809,3,9.25E-01,1,0.954697967,-13.44999966,-76.1333312,9.31,2114.9122,184360,65.7159582,58.77878215,3.88691796,4.176454194,0,0
105109,Ica,Peru,342,0.0825,6.3407,862.266,4.5586,102.8035,1.049081541,1.495696552,299.0562128,166.0296269,3.006194566,3,9.74E-01,1,0.997836883,-14.06400299,-75.7439997,9.73,3047.1174,308729,69.94988665,67.72287825,3.707467077,4.521310231,0,0
105110,Pisco,Peru,78,0.175,9.2815,321.2368,3.0461,91.631,1.041860871,6.014898701,946.600343,96.34528857,3.161042432,3,9.79E-01,2,0.98402031,-13.69999974,-76.21666711,11.19,1288.17,105376,66.18901117,62.18501571,6.005994755,6.872476447,0,0
105111,Huancayo,Peru,274,0.4025,210.4155,3002.1806,8.2274,66.8281,1.076177525,9.990216713,1939.466056,137.0699151,3.056431113,4,9.30E-01,2,0.885404607,-12.07500293,-75.21100166,27.16,4771.71,456029,67.13131355,60.44687437,5.131252584,4.504007804,0,0
105112,Chiclayo,Peru,294,0.502,159.3013,2045.5677,3.6412,81.0309,1.022665543,13.94456802,2074.173498,135.817315,3.213165426,2,9.99E-01,3,0.988957221,-6.762996005,-79.8370017,22.51,4560.8514,679021,64.17199966,60.05179723,5.118985443,5.155994921,0,0
105113,Lima,Peru,805,0.269,8493.0262,43874.5237,11.6628,63.2496,1.042087235,38.56378328,5619.943025,92.79641051,3.053393495,1,1.00E+00,3,1,-12.08199594,-77.0450036,17.38,57928.0415,9177654,73.66953794,69.35882222,3.553213634,3.748788926,1,1
105114,Trujillo,Peru,340,0.2745,301.6178,4641.5947,4.765,77.9421,1.025452858,11.04791826,1778.908217,138.6823729,3.243549701,4,1.00E+00,2,0.792269733,-8.111667,-79.028056,21.67,8048.684,877596,65.40547471,61.76308875,4.078262038,3.871263315,0,0
105115,Iquitos,Peru,314,0.0539,13.9256,2499.4012,5.1007,64.2045,1.046897336,0.533579219,127.8708201,133.1021478,2.739878788,2,7.12E-01,1,0.986305175,-3.752999996,-73.19099658,30.22,3244.9388,447467,61.95567047,56.70732028,6.427647543,5.21370056,0,0
105116,Piura,Peru,311,0.0886,29.5821,2472.7255,6.2837,93.6018,1.039365807,2.362182995,441.9103751,156.6370885,3.099337029,2,9.97E-01,1,0.970777529,-5.193998933,-80.62499666,23.49,4198.6866,482925,63.80622837,59.593663,5.939704699,5.040370742,0,0
105117,Sullana,Peru,195,0.0738,4.9808,702.2643,3.5365,129.5255,1.057497762,1.300726007,313.2210594,175.6515801,3.180853816,3,1.00E+00,1,0.999536549,-4.88583778,-80.68310076,31.03,1873.3455,246449,55.44756746,52.80205424,5.324957127,5.402555776,0,0
105118,Juliaca,Peru,173,0.2132,86.6421,2377.5655,5.3381,73.5545,1.021119859,5.559990122,1202.688089,121.086019,3.236711129,2,1.00E+00,2,0.988576213,-15.49999988,-70.1333312,40.93,2956.9506,255347,65.0765942,54.43427553,7.542216678,6.467792337,0,0
105119,Puno,Peru,31,0.0674,18.4939,774.6274,4.3675,70.5257,1.073840085,3.403889157,662.9700938,123.1628964,3.060724234,3,9.70E-01,2,0.897789296,-15.83333294,-70.03333272,36.1,1098.361,134578,72.52585439,65.15580273,6.461126005,5.974630021,0,0
105120,Tarapoto,Peru,132,0.3076,39.2888,1115.615,4.3702,73.6017,1.067377545,4.24540083,942.194597,240.5666234,3.178484108,2,9.99E-01,4,0.995456566,-6.501388891,-76.36555465,16.75,1511.0964,134476,63.67302808,58.38894185,3.148693248,3.072394919,0,0
105121,Tacna,Peru,164,0.0459,29.0779,2851.4368,5.8036,86.1345,1.026559185,2.435022074,422.6591577,103.0992447,3.207956989,2,9.98E-01,1,0.971835864,-18.01800003,-70.25100264,13.61,3639.6848,281541,70.32476984,63.99816192,6.797119504,5.915639925,0,0
105122,Tumbes,Peru,65,0.2323,27.902,659.2646,4.3266,70.8412,1.058170215,7.341304627,1202.621165,119.0140927,2.975681342,2,5.94E-01,2,0.990959825,-3.566666514,-80.46666705,20.64,1184.4885,127656,60.67264574,57.83089345,5.120364346,5.124990782,0,0
105123,Pucallpa,Peru,232,0.0179,10.9171,3423.9692,6.2795,62.7097,1.042044414,0.357661277,81.93572703,127.9112343,3.122780789,2,9.86E-01,1,0.995702901,-8.387001005,-74.5270016,20.04,4131.7112,313623,60.72261414,56.09541875,3.840187285,3.919872047,0,0
201103,San Jose,Costa Rica,2888,0.933,1941.2456,17494.4709,12.0148,65.3689,1.118498166,10.27256344,2442.524954,133.1389616,2.560694554,1,1.00E+00,3,0.980232875,9.930474081,-84.0786206,0,34348.1392,2366969,87.16366189,85.32631699,3.482906694,3.210401891,0,0
202102,San Miguel,El Salvador,419,0.6619,54.411,1439.5141,4.4692,71.3225,1.051203938,6.907451382,1647.551762,133.4120721,2.831219861,2,1.00E+00,2,0.985281216,13.47299998,-88.17699568,25.15,2392.5738,239782,54.52588649,48.79861654,7.39212918,8.270495989,0,0
202103,San Salvador,El Salvador,1094,1.2401,1144.9129,7158.0351,7.6973,64.1846,1.09353338,18.45978162,3662.425867,111.9806267,2.582372613,4,9.98E-01,3,1,13.70141095,-89.20023261,25.5,14110.959,1870772,75.40659737,65.68459489,8.679132908,11.57681598,1,1
202104,Santa Ana,El Salvador,297,0.7289,34.2571,739.0007,3.9441,72.0505,1.075973077,10.70335012,2388.356913,122.3678514,2.661456601,2,9.99E-01,3,0.949401454,13.994167,-89.559722,43.83,1888.8309,262958,60.6389433,54.66145239,10.79389103,6.418183617,0,0
203101,Escuintla,Guatemala,217,0.3971,13.4988,493.5495,4.129,122.9231,1.107400343,3.457138332,1136.739608,187.8585842,2.661239079,3,5.74E-01,4,0.998821032,14.30000022,-90.78333268,29.92,1494.4573,155824.9016,54.5598105,44.52549169,1.567857143,0.910018711,0,0
203102,Guatemala City,Guatemala,1516,0.8478,1215.3738,9016.5157,8.7715,67.5458,1.127988431,24.02746385,4599.832162,108.8539502,2.6549869,4,9.39E-01,3,1,14.61800707,-90.52489769,13.4,24104.4,3158405.396,70.14586514,60.3655151,1.25469373,0.843522843,1,0
203103,Quetzaltenango,Guatemala,512,2.5023,321.4902,1674.8124,6.3995,64.9414,1.080909795,20.42188837,4075.938398,113.1165517,2.743841452,4,1.00E+00,3,1,14.83329601,-91.50000271,31.65,3927.7056,274430.4133,61.41083251,49.28965365,0.574037245,0.488928588,0,0
204101,Aguascalientes,Mexico,1260,0.6915,590.3445,7253.0806,7.7808,70.5475,1.045635979,12.78373825,2262.519857,103.2143361,2.984237332,4,9.99E-01,3,0.991641753,21.88333317,-102.3000031,40.88,14831.334,930969,84.15476511,82.25272278,6.345554401,2.240231748,0,0
204102,Ensenada,Mexico,1481,0.0282,3.8853,1850.5986,5.4621,137.7095,1.110460016,0.289294418,110.1337917,238.4484498,2.783552966,3,9.03E-01,1,0.987386694,31.86666679,-116.6166686,40.1,11021.4539,460793,75.44728966,75.58128685,2.797311112,2.682809383,0,0
204103,Mexicali,Mexico,1847,0.118,133.186,8924.9875,6.4902,100.056,1.037703222,1.449255804,387.4133618,150.6809659,3.110549857,4,1.00E+00,1,0.994237623,32.65499695,-115.4670027,36.9,23360.1172,932001,83.88811517,82.75887912,5.993933186,3.143878187,0,0
204104,Tijuana,Mexico,1410,0.3188,312.3605,5301.6832,6.4541,74.2544,1.070552865,7.744339231,1668.189368,121.0251546,2.812835828,4,1.00E+00,2,0.962929782,32.5333328,-117.0166701,37.82,26055.813,1730591,86.86597496,84.35752319,7.251436661,2.986318346,0,0
204105,La Paz,Mexico,713,0.045,6.8145,1609.0933,4.6134,121.9711,1.101655154,0.386008006,196.2856614,284.6329316,3.095244814,3,9.98E-01,1,0.999761734,24.142641,-110.312753,31,6707.2623,249303,87.33304061,87.75510204,5.449082459,1.707645433,0,0
204106,Campeche,Mexico,380,0.1172,31.0277,2326.5231,4.2395,138.1372,1.060990442,1.340446415,361.9230459,157.0430069,3.034294936,3,9.83E-01,1,0.99652477,19.830125,-90.534909,42.2,4325.388,256742,82.16553671,76.76238862,2.8105888,1.784129653,0,0
204107,Ciudad del Carmen,Mexico,520,0.0606,7.0104,1525.8864,3.3931,86.4694,1.038212714,0.444569509,161.3251292,201.8513526,3.067690937,3,9.64E-01,1,0.999684584,18.63333324,-91.83333582,41.6,3939.104,220687,79.81498892,76.31654434,5.367262005,2.330030225,0,0
204108,Chihuahua,Mexico,1097,0.0606,108.7943,11117.1925,7.6073,97.0297,1.054367769,1.637053702,396.7498442,137.3944025,3.115420074,4,1.00E+00,1,0.986862031,28.630998,-106.0739996,41.14,17707.1158,847021,87.21094081,88.84752121,5.220918074,3.511037572,1,0
204109,Juarez,Mexico,728,0.2052,986.6823,14727.7035,7.219,63.9459,1.04081424,9.704975585,1768.086194,103.7879903,3.120302109,4,9.96E-01,2,0.801317899,31.691802,-106.424224,52.9,23765.4144,1328246,84.97101301,82.35647568,7.431613181,3.608070346,0,0
204110,Cuauhtemoc,Mexico,1456,0.4035,18.0495,1060.0172,4.4041,97.6297,1.030712154,1.720371044,606.6456483,190.9974837,3.14531784,4,9.66E-01,1,0.996929215,28.41666602,-106.8666686,48.7,6144.4656,154424,76.85516195,79.99853344,4.006628973,1.916191821,0,0
204111,Delicias,Mexico,394,0.7388,97.6433,1589.6038,5.4259,85.0013,1.019686104,8.691526418,1852.355867,119.7427666,3.230245232,2,9.99E-01,2,0.894809207,28.18698,-105.461623,40.4,3275.913,137339,80.57320304,82.64265344,3.114024171,1.648453417,0,0
204112,Hidalgo del Parral,Mexico,146,0.0759,6.8246,772.4071,3.6029,114.3921,1.060989414,1.48614576,266.0334549,102.6690264,3.026650515,3,9.99E-01,1,0.995987395,26.93333239,-105.666664,57.7,1699.1042,106664,80.44028906,81.97962915,6.015633443,2.957233849,0,0
204113,San Cristobal de las Casas,Mexico,61,0.1548,103.5967,1940.8935,4.6135,70.0659,1.096544709,3.922886515,962.3284657,141.0721528,2.937669377,2,1.00E+00,2,0.808754317,16.73928,-92.640196,71.1,2103.2983,186358,75.86929978,65.72126301,3.4369812,1.032683914,0,0
204114,Tapachula,Mexico,570,0.5814,83.2637,1960.3433,4.9981,89.0701,1.075960669,4.240971794,1107.907741,146.5504847,2.964051639,2,9.99E-01,2,0.952610035,14.8999996,-92.28333266,70,4164.021,319567,70.52180739,65.49888354,5.356093323,2.709004375,0,0
204115,Tuxtla Gutierrez,Mexico,537,0.3537,307.8654,5089.2649,5.2374,76.1722,1.064151773,9.393660826,1735.357587,103.3809423,2.99654587,4,1.00E+00,2,0.849658543,16.74399599,-93.10899569,56.26,9184.5795,683404,79.73045428,73.39112204,4.63870614,2.003068768,0,0
204116,Acuna,Mexico,153,0.0133,4.9543,2031.933,4.333,159.159,1.030261661,0.37578147,66.70526667,99.54328156,3.21902378,3,1.00E+00,1,0.998619585,29.32353,-100.954917,39.4,2795.5854,135475,84.65095331,80.64187756,8.018208243,3.635074451,0,0
204117,Monclova,Mexico,414,0.0819,78.7544,4875.8378,5.3328,77.2902,1.020630333,1.224681764,277.724336,124.1265078,3.081026059,2,9.67E-01,1,0.994701606,26.8999996,-101.416664,40.5,8160.6438,316334,88.93891137,87.47787252,6.122139895,2.746904553,0,0
204118,Piedras Negras,Mexico,400,0.2895,81.4618,2386.956,6.1966,83.9412,1.02482847,4.100436846,850.0444626,113.1283324,3.183844862,2,9.99E-01,2,0.975596699,28.70000078,-100.5166701,42.81,4715.92,178886,86.00143094,84.31719583,5.623971161,3.271046498,0,0
204119,Saltillo,Mexico,1321,0.0943,83.296,6837.8052,5.3674,110.7286,1.053111111,1.580882561,351.0844376,127.7991658,3.027391355,4,1.00E+00,1,0.985947368,25.41799805,-100.9940036,33.01,17064.2817,820838,86.57851889,84.71155288,6.34390939,3.526819141,0,0
204120,Torreon,Mexico,1531,0.3014,513.9294,10783.5189,8.4843,95.8987,1.050897243,6.001207057,1168.835071,111.1536112,3.070902051,4,1.00E+00,2,0.990799302,25.548164,-103.410261,47.83,24205.2631,1214931,82.48199893,82.88583696,9.487180308,4.670863253,0,0
204121,Colima,Mexico,462,0.202,74.2834,2833.6599,5.8069,105.9324,1.072094345,4.245846865,966.2673618,126.3122695,3.180305633,2,9.98E-01,2,0.986749406,19.25099995,-103.7349986,37.17,5996.991,330435,82.60809694,81.98830409,4.292843058,1.987372074,0,0
204122,Manzanillo,Mexico,370,0.2739,41.2398,1504.5523,6.8944,85.5056,1.122030545,3.884653824,1060.974166,152.7900155,2.787990558,2,9.99E-01,4,0.957558359,19.04999917,-104.3333358,34.6,3702.072,160438,81.88457551,78.59755808,4.256883732,1.483228113,0,0
204123,Tecoman,Mexico,288,0.2407,10.6846,546.2655,3.5048,257.0438,1.076288927,2.188319582,750.9029764,186.4078707,3.117042535,3,1.00E+00,1,0.963188172,18.917716,-103.876372,48.24,2340,141869,59.54753723,61.92847442,3.154719918,0.852163922,0,0
204124,Durango,Mexico,917,0.0988,59.9628,5674.5836,5.8276,97.4169,1.06801956,1.931639526,416.8997152,121.9479016,3.065217391,4,9.88E-01,1,0.975309779,24.02900103,-104.6629976,50.8,9812.3585,579719,83.44431262,85.12895578,6.12576149,2.976754944,0,0
204125,Acapulco de Juarez,Mexico,777,0.2196,141.7411,4848.0032,9.1387,124.111,1.132452552,2.748513093,644.7286964,134.66366,2.673928431,4,1.00E+00,4,0.967599605,16.97437804,-99.93149956,54.38,10345.9881,859676,77.51157436,71.15800889,6.581755989,2.862763818,1,0
204126,Chilpancingo,Mexico,142,0.0651,17.3904,1402.9838,4.7918,285.0644,1.144209149,0.986450991,210.5342247,124.3978164,2.801204819,3,1.00E+00,1,0.869722215,17.55199792,-99.50100259,51.1,2702.4304,239288,79.11622161,74.55927722,3.926793353,0.676276438,0,0
204127,Iguala,Mexico,122,0.2138,45.9272,1265.7545,5.3194,81.1053,1.044212644,2.624138346,571.3707657,120.298631,2.919164882,2,1.00E+00,1,0.578087203,18.35216262,-99.53458315,51.2,2070.1814,139808,77.81614816,71.69741697,3.672673017,0.905475974,0,0
204128,Celaya,Mexico,1194,0.62,137.7682,1931.4992,4.2826,130.6037,1.055209028,6.705950323,1584.578496,137.5381744,2.865658191,4,9.99E-01,2,0.989434661,20.52919,-100.814097,52.41,13736.97,770819,76.18485818,72.37070645,7.211314408,2.404400352,0,0
204129,Guanajuato,Mexico,232,0.2288,18.2717,833.7021,6.1226,164.506,1.226128754,1.476639805,465.8336879,187.9574199,2.75,3,1.00E+00,4,0.999983175,21.01666642,-101.2499999,41.7,2222.3744,171474,78.4319593,77.86379019,6.462377215,3.745651646,0,0
204130,Irapuato,Mexico,576,0.6768,228.9814,2663.976,4.3168,121.49,1.052383906,7.375870911,1620.132342,130.6733542,2.906511309,4,8.54E-01,2,0.987581286,20.678939,-101.356395,50.7,7315.0848,527744,77.16074132,74.13971963,6.674646913,3.027660981,0,0
204131,Leon,Mexico,1219,0.6927,966.6917,8843.9254,6.0012,83.7983,1.058255085,14.23436892,2670.312961,110.0403899,2.992874856,4,1.00E+00,3,0.999921509,21.125581,-101.682354,46.32,19236.1857,1604170,77.26691081,74.61741025,5.755795219,2.484808855,1,0
204132,Uriangato,Mexico,162,0.5868,64.3646,926.1594,4.898,90.9945,1.052211326,7.09176076,1682.409894,135.838632,2.849111203,2,1.00E+00,2,0.986597346,20.14999956,-101.1833343,55.74,1918.7118,110797,68.75643048,64.39409564,7.942874927,2.16576656,0,0
204133,Salamanca,Mexico,453,0.5994,90.7539,1503.9605,4.5008,166.9835,1.078118383,4.681181722,1175.147409,145.7036256,2.970460048,4,9.68E-01,2,0.961807971,20.56666759,-101.1999968,54.2,4560.1245,258638,77.12937671,73.8904767,11.74934338,3.474825924,0,0
204134,San Francisco del Rincon,Mexico,482,0.6732,43.8745,900.7519,4.6603,118.2416,1.050053879,2.4775733,726.1878374,166.0118458,3.083170254,2,9.97E-01,1,0.784773373,21.01666642,-101.8499984,48.95,3487.511,183266,66.28756907,62.94313187,2.210972208,1.390897964,0,0
204135,Pachuca de Soto,Mexico,695,0.5807,365.6688,3834.4054,5.8669,79.5974,1.066209439,8.630567591,1794.736507,122.4213361,2.857629317,4,1.00E+00,2,0.931765843,20.12000396,-98.75500159,39.08,11412.6645,515075,88.16464006,85.59715769,5.115944957,2.244653294,1,0
204136,Tula de Allende,Mexico,780,0.8254,32.8321,380.9414,4.5511,84.6266,1.072376207,3.590662829,1194.242203,190.7744933,2.778451493,2,9.75E-01,4,0.966585962,20.04999919,-99.34999836,50.51,8144.838,287441,79.93095638,75.14326382,6.590372483,2.95673198,0,0
204137,Tulancingo de Bravo,Mexico,550,0.8174,48.7382,740.6589,4.3343,100.2907,1.077651614,3.559123811,978.1093611,157.4870159,3.017556431,2,9.97E-01,2,0.882515726,20.090139,-98.367713,59.72,4427.885,242261,74.92062916,72.29635411,6.019100482,2.845961344,0,0
204138,Guadalajara,Mexico,1698,0.6225,7523.6067,35955.305,9.3297,65.3383,1.053752998,29.17346167,4843.61076,95.4344928,2.968585045,1,1.00E+00,3,1,20.67399906,-103.3440026,37.28,57080.817,4410442,84.9695411,83.13676274,4.159555872,2.324197819,1,1
204139,Ocotlan,Mexico,265,0.246,15.8017,696.0001,3.4931,132.2837,1.040687521,3.069140066,782.8808119,142.8868997,2.978462309,3,9.99E-01,2,0.914851543,20.3500004,-102.7666701,50.31,2445.3935,141571,72.63177408,69.33451249,4.938131457,1.86637217,0,0
204140,Puerto Vallarta,Mexico,595,0.4097,49.7009,1147.612,4.4465,74.8216,1.09544283,7.823679147,1684.354775,120.2205024,2.874375044,2,1.00E+00,2,0.936977783,20.61666683,-105.2499999,34.29,6289.269,377777,81.89344022,81.39828421,5.283180326,2.677796727,0,0
204141,Mexico City,Mexico,4360,0.5542,28205.4912,118730.6625,11.5641,64.4758,1.049819715,23.71759324,4477.373623,108.2791116,2.897977668,1,1.00E+00,3,1,19.42704908,-99.12757465,40.09,186875.704,20014450,88.84317901,84.59303778,5.679967602,3.459741464,1,1
204142,Tianguistenco,Mexico,243,0.8011,19.9921,307.9291,4.438,68.4505,1.063797242,6.278857601,2184.89366,203.03919,2.937611408,2,9.98E-01,4,0.937186253,19.18333244,-99.44999685,55.4,1969.4664,155690,81.49161247,75.29574629,3.103844368,1.735579377,0,0
204143,Toluca,Mexico,2573,1.067,1744.2546,13352.9013,9.7154,70.5754,1.062259367,10.53631744,2860.388192,154.7327533,2.75741581,1,1.00E+00,3,0.963004419,19.28300399,-99.66670171,50.14,31501.239,2009038,84.76654417,77.86019634,5.875425502,3.396908112,0,0
204144,La Piedad,Mexico,793,0.4297,9.1176,352.5326,3.7206,224.8938,1.065816779,2.183568426,603.1454124,159.2382927,2.918481643,3,1.00E+00,1,0.91697748,20.346419,-102.031827,60.87,4773.5428,247553,63.70937584,60.45812993,10.39484012,3.386495019,0,0
204145,Morelia,Mexico,747,0.4218,376.4919,5507.4615,6.3567,91.9536,1.069634913,12.72867747,2163.977985,98.77257476,2.936912448,4,1.00E+00,3,0.98800978,19.69700406,-101.1850017,44.44,12107.2266,824863,79.23589736,78.58401602,5.702581323,2.468506067,0,0
204146,Uruapan,Mexico,359,0.3545,116.4105,2803.2016,6.0243,83.2491,1.067242054,6.170504743,1107.614028,100.6072329,2.989861259,2,9.99E-01,2,0.980750202,19.41666597,-102.0666655,57.3,4205.4337,312996,71.54303042,71.56920276,5.423511736,1.969802347,0,0
204147,Zamora,Mexico,200,0.4409,86.7399,1282.8745,5.849,117.6633,1.041745966,9.425905656,1545.587139,96.24751296,3.045227178,2,9.98E-01,2,0.881238306,19.98333361,-102.26667,55.06,3066.76,246610,64.27749438,61.08945379,4.813895782,2.30111578,0,0
204148,Cuautla,Mexico,645,0.6585,106.1051,1425.9688,6.7337,75.5802,1.061842226,4.451464366,1274.891661,165.3153369,2.824939602,2,9.81E-01,2,0.78477737,18.7999992,-98.94999679,54.66,7288.5645,431057,76.26932983,72.99383239,6.306736311,1.793013326,0,0
204149,Cuernavaca,Mexico,780,0.6556,1534.726,10139.8457,6.6544,70.685,1.080743143,11.88693675,2619.090573,125.7747107,2.712075821,4,9.91E-01,3,0.996250678,18.92099707,-99.22100358,41.44,18008.094,920408,84.90954879,80.64172398,4.77018138,3.140392233,0,0
204150,Tepic,Mexico,401,0.1875,119.7349,3994.1504,6.6188,92.8307,1.0827775,5.536125876,953.9976522,98.17286206,3.031805969,2,9.73E-01,2,0.9555808,21.50800195,-104.8969976,32.99,6412.3108,425063,79.88535891,82.30476598,4.510368612,1.332667225,0,0
204151,Monterrey,Mexico,2693,0.3859,3319.0652,34443.7479,8.2998,71.2856,1.063397666,14.07660593,2434.602286,103.1825374,3.003183989,1,1.00E+00,3,0.999619054,25.677,-100.3169966,27.74,67249.8653,4150525,88.38110571,86.27785597,5.938434964,2.924138483,1,1
204152,Oaxaca de Juarez,Mexico,349,0.5788,883.4471,5110.4733,8.1442,73.4898,1.043534742,14.19991077,2954.443439,120.6724045,2.9026031,4,1.00E+00,3,0.999988135,17.06200197,-96.71399962,44.12,10423.6179,600964,85.77460527,78.89827219,3.455287194,1.372445927,0,0
204154,San Juan Bautista Tuxtepec,Mexico,353,0.4024,16.6031,554.8511,4.1777,111.7792,1.094281757,1.726034835,674.3582184,217.8176678,2.83747412,2,9.10E-01,1,0.930180465,18.10000039,-96.11666855,52.6,2624.8374,155850,68.21290114,64.46208738,4.50095057,3.097437612,0,0
204155,Santo Domingo Tehuantepec,Mexico,234,0.1522,22.4844,1027.3491,5.2191,185.8476,1.068152044,4.006934348,931.010016,129.858507,2.764008486,3,1.00E+00,2,0.903842949,16.33333399,-95.2333297,50.57,3365.6454,161855,74.09392293,65.15695067,7.724260958,1.958425561,0,0
204156,Puebla de Zaragoza,Mexico,2196,0.8177,2971.9473,16291.5048,8.6072,68.5703,1.042275355,15.52555173,3643.009929,132.6257728,2.867024771,1,1.00E+00,3,0.999999998,19.04863495,-98.19294263,56.94,48991.662,2856084,84.86541421,79.11575927,4.527635639,2.654046666,1,0
204157,Tehuacan,Mexico,286,0.4421,140.2125,2054.3681,4.9191,79.207,1.021890676,6.117063327,1191.407687,109.4452118,3.090354888,2,9.99E-01,2,0.98261976,18.465448,-97.404766,66.58,4415.411,295198,72.98744343,67.7998319,2.911555151,1.055602007,0,0
204158,Teziutlan,Mexico,146,0.606,1.3703,58.9675,2.8566,117.6223,1.104248834,8.000726789,2061.470845,147.4411483,2.602146416,2,9.90E-01,2,0.583650104,19.81666765,-97.34999843,62.82,559.8954,119460,72.91964873,67.30919673,2.625578664,1.248460419,0,0
204159,Queretaro,Mexico,1299,0.6327,1103.043,9703.6091,7.4012,86.575,1.07042728,13.80025098,2570.984054,109.3503024,2.787225468,4,1.00E+00,3,0.999820119,20.58299993,-100.3869986,36.17,23338.3536,1091781,86.50240158,82.39868057,5.786687358,3.495712274,0,0
204160,San Juan del Rio,Mexico,491,0.6369,116.5727,1445.4793,4.6546,76.8673,1.090069329,3.759511239,1062.135891,166.7976918,2.963007519,2,9.99E-01,2,0.546950353,20.38333319,-99.99999992,49.3,6217.2875,242224,81.31400523,78.31796327,5.82278092,2.476723024,0,0
204161,Cancun,Mexico,656,0.2148,173.4573,5591.106,5.648,70.0938,1.060197258,4.269013797,920.3572675,123.8086345,2.930341853,4,9.67E-01,2,0.976180426,21.159944,-86.851741,32.69,9474.936,674363,85.89551299,81.48100473,3.490005561,1.460401805,0,0
204162,Chetumal,Mexico,902,0.0564,3.5492,1215.7334,3.6106,110.7231,1.09066169,0.450043172,169.8223483,208.0624744,3.269839292,3,9.99E-01,1,0.999794286,18.49799701,-88.2909987,49,4667.0382,243286,73.42347498,71.66695258,3.003497545,0.794462835,0,0
204163,Playa del Carmen,Mexico,331,0.1565,9.9078,829.0317,4.3651,74.8179,1.06740806,2.301084007,536.0826168,130.8180986,2.883084577,3,9.20E-01,1,0.819029097,20.643828,-87.068435,28.7,2527.7477,158599,86.57169845,83.36221837,3.138271883,1.234739179,0,0
204164,Culiacan,Mexico,1536,0.2436,104.5278,4174.8591,4.7504,111.5996,1.057007083,3.24110246,766.9479619,133.2181696,3.056830097,4,1.00E+00,2,0.949894032,24.80499892,-107.3860016,40.3,15785.3184,855033,77.66085119,78.09342875,6.117855809,3.05027048,0,0
204165,Los Mochis,Mexico,944,0.2363,49.0854,2261.369,4.9637,105.6704,1.042865471,3.030891669,717.4091362,133.2527906,3.148598471,2,9.25E-01,2,0.860413264,25.76666642,-108.9666671,42.1,8672.6224,415242,79.7165114,80.30783742,5.753406684,3.616673102,0,0
204166,Mazatlan,Mexico,366,0.1445,101.4849,3986.6974,6.5605,119.7121,1.08539371,5.321868232,935.8736598,102.1961394,3.148508825,2,8.99E-01,2,0.96637164,23.36150697,-106.2700016,38.5,6447.3462,435998,81.0018188,82.60905128,5.029930299,1.810038042,0,0
204167,Ciudad Valles,Mexico,460,0.1898,18.7364,1356.9267,4.6143,103.6708,1.056899869,1.810062475,490.2428677,151.9506463,3.128506067,3,8.56E-01,1,0.984598458,21.98333364,-99.01667012,53.2,3346.04,166963,74.4947318,73.41084163,4.021885199,1.986622342,0,0
204168,Rio Verde,Mexico,319,0.089,3.5213,424.7955,4.166,213.169,1.092286238,0.573638482,320.4176247,314.3767812,2.944288577,3,1.00E+00,1,0.999769835,21.93333241,-99.9833297,70.86,2969.7305,134275,58.36347639,63.79913563,7.3519783,3.532799551,0,0
204169,San Luis Potosi,Mexico,748,0.4186,1265.6515,12377.7151,6.4619,77.777,1.041374597,11.19910462,1948.61982,100.4884506,2.908276468,4,1.00E+00,3,0.796136974,22.151997,-100.9799997,41.68,18273.5652,1036142,87.9057856,84.95023545,6.882669714,2.784163189,0,0
204170,Obregon,Mexico,742,0.1522,49.5766,2985.125,4.8635,124.5596,1.051260227,2.138149004,511.414835,136.7634595,3.130022226,2,9.35E-01,1,0.934129219,27.479791,-109.934667,36.1,8098.7074,405480,72.8477735,84.53321405,5.169659901,3.886740283,0,0
204171,Guaymas,Mexico,459,0.0537,6.8802,1091.0393,4.6836,158.3499,1.046999985,0.975159276,260.1378716,149.7986618,3.019758841,3,1.00E+00,1,0.996690909,27.93333241,-110.9000014,36.66,5387.6502,202104,80.46727399,82.95294697,7.176718221,3.592116862,0,0
204172,Hermosillo,Mexico,1417,0.0836,101.1191,9805.8787,7.2406,124.074,1.055032857,1.262129651,339.0438399,149.806882,2.993579267,4,1.00E+00,1,0.994599753,29.09400307,-110.9619987,33,17484.0796,776032,85.890109,86.47262792,7.190293863,3.836592959,0,0
204173,Navojoa,Mexico,530,0.1887,22.5394,1585.3747,4.814,135.8374,1.040764939,2.024962397,566.6853563,155.3059049,3.149297066,3,9.98E-01,1,0.966406579,27.10000044,-109.4333343,47.5,3993.497,156866,77.7184658,80.44903778,6.948779614,3.585561239,0,0
204174,Nogales,Mexico,116,0.066,66.367,3119.7966,6.644,71.0261,1.080842283,1.867706578,446.1425038,135.7732677,2.66989843,2,9.94E-01,1,0.895716999,31.33333404,-110.9333343,37.9,3736.9748,216325,89.73868131,87.02128812,7.731418919,4.482681813,0,0
204175,San Luis Rio Colorado,Mexico,385,0.0434,27.6595,4320.103,4.4226,91.5216,1.026031293,0.919565448,241.2515307,137.7913091,3.632356362,2,9.94E-01,1,0.99902575,32.48333356,-114.800003,43,5683.678,176420,77.24991561,77.13295705,8.061565916,4.143705412,0,0
204176,Villahermosa,Mexico,1328,0.5893,164.7029,3401.6705,8.6349,79.1364,1.103195845,2.954946568,1070.899486,205.451086,2.751105422,4,1.00E+00,4,0.999281215,17.97599701,-92.93699661,44.93,10910.184,753111,83.73709037,82.46147327,3.24340003,2.04888187,0,0
204177,Victoria,Mexico,438,0.2993,177.9283,4176.3724,4.8524,70.4553,1.031936077,5.560983888,1029.57772,105.6704973,3.101894965,2,9.18E-01,2,0.984394252,23.73333359,-99.13333118,36,6235.4556,319421,83.16033147,81.54148901,5.071292776,1.917370024,0,0
204178,Matamoros,Mexico,562,0.1213,115.3809,6092.638,5.8207,80.6585,1.04787837,2.884060333,672.6008639,135.6048003,3.116241393,4,9.01E-01,2,0.711690587,25.88333324,-97.49999993,54,8774.6184,487709,79.68140705,81.26143231,5.824105952,3.304305975,0,0
204179,Nuevo Laredo,Mexico,452,0.3693,187.6007,3173.2143,5.0869,72.453,1.024767198,8.02594313,1524.758843,106.9572802,3.261942453,2,9.73E-01,2,0.959735346,27.50000003,-99.51667008,44.3,7236.7008,382528,85.04094204,82.61639966,5.704208701,3.848906253,0,0
204180,Reynosa,Mexico,957,0.2023,198.4285,6545.7758,7.646,110.2315,1.046310419,3.19548395,852.7218497,153.9707344,3.088741411,4,1.00E+00,2,0.931771528,26.08333397,-98.28333266,44.33,14339.1138,725314,82.32273066,78.8308734,4.781128869,2.039663368,0,0
204181,Tampico,Mexico,1027,0.1944,146.1989,5071.6714,5.4377,89.0508,1.078186809,2.790063976,758.2552842,152.203043,3.13933745,4,9.95E-01,2,0.574590691,22.24323907,-97.84262663,46.05,15225.8912,857403,83.66245149,81.56356485,8.06789429,3.847762106,0,0
204182,Tlaxcala,Mexico,815,1.1511,228.202,1880.5385,7.4907,67.815,1.050357095,14.68709004,3895.739372,152.2910526,2.863322343,4,9.99E-01,3,0.999999997,19.31000398,-98.23699769,61.29,8591.4855,501655,87.61871856,82.91280375,5.50144117,2.644874451,0,0
204183,Acayucan,Mexico,234,0.2821,5.7526,288.5007,2.7506,203.3894,1.06854809,1.896973807,655.3321059,188.5745274,3.016028956,3,1.00E+00,1,0.988441423,17.949411,-94.917532,70.44,1654.0992,115302,63.58603221,56.02875055,4.463743254,2.256220059,0,0
204184,Coatzacoalcos,Mexico,364,0.7324,202.6463,1715.9293,4.2072,68.4213,1.051143415,14.27458837,2789.259059,110.313864,3.041240832,2,9.55E-01,3,0.999966967,18.14999963,-94.41666397,46.17,5869.1724,345886,83.43178216,75.87337058,6.217126712,2.389072372,0,0
204185,Cordoba,Mexico,362,0.7862,121.3725,1412.6714,5.2021,94.7479,1.062011441,11.42335776,2574.227688,126.1021829,2.860232945,2,9.98E-01,3,0.980273599,18.88333322,-96.93333428,51.82,3956.0446,312568,78.0558254,72.23120285,4.982161542,3.254311184,0,0
204186,Minatitlan,Mexico,770,0.2628,32.955,1688.6261,4.7884,99.6508,1.102341325,1.371522235,598.4743082,242.1479711,2.85078125,2,9.55E-01,1,0.977514375,17.990329,-94.551193,51.95,5718.713,357470,75.18336601,65.76171819,5.639335816,2.710830879,0,0
204187,Orizaba,Mexico,309,0.4985,217.8909,2627.9699,6.8506,74.006,1.094520385,6.344873743,1769.502993,153.5606902,3.117417678,2,6.24E-01,2,0.966336866,18.85000043,-97.09999835,57.98,5139.1953,426259,77.5246046,73.22197972,5.904010146,2.328681324,0,0
204188,Poza Rica de Hidalgo,Mexico,1171,0.4199,67.9163,2313.4243,6.1455,113.3029,1.07331231,5.093896835,1111.837097,121.8633651,2.766855907,4,9.75E-01,2,0.938620231,20.536174,-97.45803,55.51,8186.8123,514312,73.87699207,69.3937595,4.25322707,1.726072184,0,0
204189,Veracruz,Mexico,1060,0.6457,391.8633,5130.7734,5.4426,78.6284,1.04687734,9.6499189,1849.049454,109.0568181,3.099296282,4,1.00E+00,2,0.803815893,19.18500308,-96.12299657,41.05,12538.104,811296,81.61663216,78.80812369,4.167101023,2.353099771,0,0
204190,Xalapa,Mexico,577,0.6654,296.8394,3344.6626,5.329,84.5074,1.095202768,14.98182894,3013.004565,115.1698175,2.733513351,4,9.99E-01,3,0.999999568,19.533333,-96.916667,43.83,7696.2568,662797,80.95362773,78.15628369,3.440540231,1.64586739,0,0
204191,Merida,Mexico,951,0.6218,1468.9016,11805.2653,7.3239,68.3431,1.033865839,19.99557316,4014.999884,115.406658,3.144416333,4,9.62E-01,3,1,20.98299594,-89.62800257,39.11,19030.5561,968815,83.52402837,78.64177845,2.67975846,1.963619573,0,0
204192,Fresnillo,Mexico,635,0.1247,7.5151,780.9719,3.5526,314.6371,1.052158857,0.546313919,231.0443206,237.5496923,3.15370019,3,1.00E+00,1,0.999882715,23.16666596,-102.8833312,66.3,4900.93,212231,69.74687652,75.98915184,4.146684455,2.482300885,0,0
204193,Zacatecas,Mexico,541,0.3757,31.8131,916.4303,4.7465,102.546,1.060760758,4.31381063,915.5959248,122.9880872,2.895337901,2,9.97E-01,2,0.970958247,22.76399694,-102.5549997,46.94,4998.2449,310453,82.78398147,83.16822463,5.639179338,2.227118053,0,0
205101,Chinandega,Nicaragua,257,0.134,3.6112,480.941,3.9878,98.8623,1.085051716,1.043965151,396.7081776,213.390016,2.910339257,3,9.68E-01,1,0.998012172,12.61666679,-87.1500014,0,1440.0995,198568,35.76429864,35.67373768,3.140280085,2.603009599,0,0
205102,Esteli,Nicaragua,159,0.2013,9.6565,734.7032,3.9249,90.2982,1.089278573,2.14739047,479.9250088,128.9387849,3.032290616,3,9.41E-01,1,0.961959385,13.08333301,-86.34999835,0,1038.2382,112084,38.44906657,42.75029424,2.733922219,2.477042049,0,0
205103,Leon,Nicaragua,249,0.3083,17.4546,893.8011,4.4331,90.4494,1.062794981,3.199543119,884.029552,156.3740402,2.949114332,2,7.37E-01,2,0.881951967,12.43299608,-86.88099568,0,1577.2407,174051,49.36356404,47.11501285,4.142682961,2.662383221,0,0
205104,Managua,Nicaragua,1269,1.2068,843.6098,6963.0599,6.3768,64.6432,1.052418544,15.71754807,2875.842698,105.0133981,2.873823163,4,1.00E+00,3,0.99999946,12.132778,-86.250278,0,12739.9986,1120366,60.9569864,54.97088342,3.778438748,3.318698651,0,0
205105,Masaya,Nicaragua,253,1.7243,49.0466,708.8212,2.9678,80.4881,1.054554774,6.509183744,1903.088726,174.0288217,2.999080882,4,9.87E-01,2,0.946610667,11.96666618,-86.09999837,0,1015.289,139582,42.4561777,39.67572576,2.395022356,1.753322453,0,0
206101,Panama City,Panama,1792,0.5316,422.7938,6039.8232,6.958,67.7598,1.086311585,5.696549,1465.58443,144.3176387,2.609170554,4,9.98E-01,2,0.637457078,8.966666233,-79.53333273,11.95,23597.056,1745067,92.42048054,91.34369658,5.79735278,8.267682115,1,1
206102,Colon,Panama,465,0.4589,28.028,982.5781,6.8448,79.5479,1.145638198,1.771067207,734.8339785,232.5660934,2.600080873,2,9.97E-01,4,0.98573993,9.359167145,-79.90139005,11.39,2890.347,211961,91.38348301,90.80395521,8.185269552,12.79180635,0,0
206103,David,Panama,592,0.7054,47.5053,996.5367,4.7097,71.7551,1.052098646,4.954379323,1440.420384,163.7815995,2.802032367,2,9.98E-01,2,0.850297666,8.433333379,-82.43333429,11.5,4000.9728,209078,86.83021909,87.51846005,6.710256661,9.206927985,0,0